source_index,stars,useful,funny,cool,text,word_count,char_count,exclamation_count,is_hazard,medical_lexicon_density,vader_neg_intensity,negation_window_flag,llm_is_hazard,llm_hazard_type,llm_confidence,llm_rationale
6082,4.0,0,0,0,I've always had good experiences here. The food is creative and tasty and the house wines are decent. Their cocktails are well made but small. I've never had a problem with service but also haven't been here during a super busy time. The patio is a great spot to hang out with friends.,53,285,0,0,0.0,0.0,0,0,none,high,No mention of food safety issues or health problems.
4587,2.0,0,0,0,"The good: the food is delicious and nobody does juices better. The bad: you might find yourself waiting awhile for your order, and you might find that your order is missing things that you paid a premium for, but by then you're so hungry you forgot about it and devoured the whole thing before you realized what was missing. They ugly: they don't track their ingredients well so it's basically impossible to order gluten free. They also must use something else I'm not aware I'm allergic to, because I have literally never left there without a major gastrointestinal reaction. It's not a pathogen, because my husband can eat the same thing I do and be fine. It's sad, but I think my Animo days are over, at least until they do a thorough and transparent ingredient audit and start labeling allergens on the menu board.",145,818,0,1,0.0,0.096,1,1,allergic_reaction,high,Reviewer experiences a major gastrointestinal reaction after eating at the restaurant due to an unknown allergen.
7451,2.0,1,0,0,First off I'd like to say the waitress was awesome she alone deserves a 5 star! This review has nothing to do with her. The only problem with this place is whoever cooked the food. We got 2 half pounds of chicken and they were FROZEN on the inside and they also had BLOOD in it. I've never been to a restaurant where the inside of the chicken was frozen. The waitress took the food back and gave us the pulled pork instead and that was miles better. If I were you guys I'd make sure to check the temperature of the meat so people don't get sick.,108,545,1,1,0.0,0.041,0,1,unsafe_handling,high,"Reviewer found frozen and bloody chicken, indicating improper food handling."
5088,1.0,1,1,0,"this place is a real joke, the food is so nasty. i got sick and so did my other half. my gumbo roux was burnt. and if this is what gumbo is suppose to be then the cook needs to go back in training. i make a excellent gumbo and this aint it honey. trust me. i told the waiter that it was not good and he asked me if he should remove the bowl. i almost lost it in this establishment. i would not recommend this establishment to anyone not even my dog.",94,449,0,1,0.0,0.17,0,1,food_poisoning,high,Reviewer and their companion got sick after eating at the restaurant.
4011,1.0,0,0,0,"we went for my friends birthday service was really bad, the burgers we ordered were undercooked and one of us got food poisoning (the birthday girl). The Salmon was too dry and the food took an hour and half to come out. Dessert, tasted dry and like it was freezer burnt. Their excuse was we have too many costumers at the moment. Definitely not going back and would not recommend for anyone who wants to have a nice meal.... go for the drinks possibly???",84,455,0,1,0.0,0.099,0,1,food_poisoning,high,Reviewer's friend got food poisoning from undercooked burgers.
3560,5.0,0,0,0,A taste of Italy. The Gelato which I got (limone) and pizza(prosciutto di Parma) was authentic will surely be back everything reminded me of Italia. Love it.,27,157,0,0,0.0,0.0,0,0,none,high,The review is a positive assessment of the food's taste and authenticity.
1077,1.0,1,0,0,"There were so many things wrong with our visit. Good things first...wait..none! With a party of 5 plus a baby, we were seated at a table of 8 for some reason. After water is served, everyone got settled down with jackets and looking at menu, we were asked to move the table! I was already started to get grumpy now. Some of us already drank our water and the servers just moved those glasses over to the new table without keeping the order of whose glasses they belong to! That's a strike. It took us another 20 minutes for someone to come take the order - another strike. We had someone with seashell allergy. This should be their priority since it could be life threatening. Every meal set has some shrimp so we asked to switch out. At first, our server said no. I mentioned how can you expect someone to eat from the same grill when they're allergic to something! He went to ask and came to saying ok. There were a few things we switched out. When the order came out, there were shrimps in it!!!! Not once, but twice! We finished the apps and tapas for a good half hour with the raw meat sitting next to our table for more than half hour, no one came to turn on our grill. We had to call someone and when this server grilled our meat, he was using the same tong to touch the raw meat and the cooked meat! That's a no-no in a BBQ place. None of their ice cream tasted good, neither red bean nor green tea. Our water was never refilled. Took a long time to get a check. This dinner took us almost 3.5 hours- ridiculous! After all these aggravations, the food did not taste good at all. Pancake was bland. Meat was tough. Miso soup was like water. Dolsot had no taste. Not again.",322,1679,11,1,0.0,0.065,0,1,unsafe_handling,high,"Server used the same tongs to touch raw and cooked meat, and shrimp was included in a dish for someone with a seashell allergy despite requests to switch it out."
7073,3.0,1,0,0,"I usually try and go organic whenever I can and this place isn't so bad. Wish they had more room and places to sit because sometimes it can get busy. Coffee wasn't so bad and food was decent. This is really the only place I haven't gotten sick from on the island since my husband and I were here for a conference. I feel that I'm paying a bit much though for oatmeal(4$... But delicious! They put raisins and seeds in it) and a bagel(5$). The silver dollar pancakes were kind of hard as if they were frozen before and then reheated. I've been back three times and on my third time, I ordered the oatmeal again and this time, it came out plain. When I asked about it, the server stated ""well, we usually bring out a banana with it for customers."" I was confused and asked if I could have that along with the raisin and seeds for the oatmeal. When he came back out, all he did was bring the raisins and seeds. -_- anyways, other than that, I didn't have any other issues. I would come back though, for the coffee and oatmeal. ;)",198,1026,1,1,0.0,0.034,0,0,none,high,Reviewer did not report getting sick or finding contamination in their food.
1875,1.0,0,0,0,"I'd like to update my review from a few years back. My how things can change. This place is now a 1-star joke. The food has gone downhill at all the restaurants. The 10 dollar parking is ridiculous (thankfully I'm an elite player so woohoo free parking) but my biggest gripe now is this ""bounce back"" play is AWFUL!! How can you truly expect someone who goes through $1000 in 2 days time to be happy with a measly $30 in free play. I plan on taking my mom to Fresh Harvest for her birthday and after that, you will NOT see me anymore. I'd rather drive to Immokalee or to the East Coast",114,585,2,0,0.0,0.051,0,0,none,high,"Review is a complaint about service, pricing, and rewards, with no mention of food safety or illness."
2113,4.0,1,0,0,"I try to eat here every time I'm in Philly because it is some of the best Caribbean food I've ever had. I pretty much get the same thing every time (jerk chicken with cabbage, peas and rice and plantains), but EVERYTHING they serve is good, from the basa fish to the brown stew chicken to the oxtails to the... well, you get the picture. And the price-to-portion-size ratio is awesome. For eight bucks I get a Styrofoam container with the meal I mentioned earlier that is so full it will barely close. The young lady who prepared our order on my most recent visit had to force the boxes closed and double bag them just so we could get them home without them bursting open. And we ordered the SMALL portions. Now, as with any restaurant with good food it goes without saying that word travels. As a result this place is always packed. ALWAYS. The line remains at two lengths: at the door or out the door. So if you're impatient or adhering to the ""fast food"" mentality when it comes to restaurants, you may want to go elsewhere. But if you are willing to wait, it's oh so worth it.",203,1080,0,0,0.0,0.015,0,0,none,high,Review is a positive assessment of the restaurant with no mention of health or food safety issues.
641,1.0,0,0,0,"You sick sick sad little man who ran from us because you didn't know what a gramcracker is I dislike you you are almosty single handedly worse then carpinteria campground and my experience with rubbing alcohol. You have ruined the store with a giant selection of mayonnaise for me. After at least 15 people not knowing what gramcrackers were we had hoped that Albertsons would know what the honey goodness of a cracker of gram was, but last sadly they did not. This town gives me an anal rasg",89,492,0,1,0.0,0.167,0,0,none,high,Review contains no mention of foodborne illness or contamination.
7436,2.0,1,0,0,"Was in Nashville this past weekend with some friends. Decided to try this place as it was close to where we were staying. The place is very quaint on the inside. Dark lighting, the type of spot that could suffice a first date, a work event or a family get together. My friend and I showed up around 3pm and strangely there was a ten minute wait (Which is weird, because it's that awkward time in between lunch and dinner, but whatever.) Our server is super friendly and attentive. I order the pan seared tuna with a side of the sweet potato fries with jalapeno ketchup. My friend orders the tavern burger. Our food comes. I take a bite of my tuna and it appears raw, almost entirely uncooked. I try again and can't bare it. The waiter has no problem swapping my order for the salmon which is very kind of him. My friend appears to enjoy the burger. The fries are fine-- not seven dollar side worthy fine, but decent enough. The jalapeno ketchup tastes like regular ketchup. The salmon doesn't particularly taste like fish (almost like an overly marinated chicken, which wouldn't be a bad thing if it wasn't brought under the guise of fish) but I run through it because I'm starved. We pay and the meal for me was at its best below average. Especially for the cost. Naturally the evening/early morning hits and I've got all types of food poisoning and stomach bug type issues (diarrhea, nauseous, headache, puking.) This was Monday morning/ Sunday evening. It's now Thursday and I'm still ill. Not quite sure how these people are cleaning their meats, but I won't be back anytime soon. Nice, attentive staff and sweet vibe. Food was awful.",294,1638,0,1,0.0,0.094,0,1,food_poisoning,high,Reviewer experienced severe food poisoning symptoms after eating at the restaurant.
6413,2.0,1,0,0,"Went here tonight with some friends. Service was pretty good and the sushi was okay. I ordered three cooked rolls, miso soup and salad. Would've given 3-4 stars, except for the fact that I've now got food poisoning....",38,218,0,1,0.0,0.0,0,1,food_poisoning,high,Reviewer explicitly states they got food poisoning after eating at the restaurant.
6419,4.0,0,0,0,"Great place for families, and food is fantastic! The recipes are creative and original. We've been there several times and always have a great experience!",25,154,2,0,0.0,0.0,0,0,none,high,Review is entirely positive with no mention of health or food safety issues.
5728,1.0,0,0,0,"This place should be called sodium palace. Everything was WAY over seasoned and salted. My wife was immediately sick from her burger and within a few blocks after leaving it felt like I had a brick in my stomach and I needed to drink a gallon of water. Neither of us could eat more than half and we kinda felt bad for the homeless people we gave the rest of our meal to. Someone said there's no such thing as bad food in NOLA, lucky me, I found it",89,447,0,1,0.0,0.145,0,1,food_poisoning,medium,Reviewer and companion experienced immediate sickness after eating.
2848,1.0,0,0,0,"Ordered food - the soup dumplings. 4 of them were fine (they tasted OK), but the other 4 were absolutely raw (took 1 bite, threw the rest away)....I hope I do not get sick from the dumplings. The other things were fine...but the raw dumplings were unacceptable.",47,261,0,1,0.0,0.155,0,0,none,high,Reviewer feared getting sick but did not report actual illness or contamination.
361,2.0,0,0,0,"I like the ice cream at icesmile, the only thing that I thought sucked was the fact that they advertise giving you a free ice cream on your bday. Bring your ID they say. I was there buying more than one ice cream on the day before my bday. I asked if I could get my ice cream that day or next week bcuz I was having surgery on the DAY of my birthday and I would not be able to make it there, I'd be in the hospital. That was the fastest no I've ever seen a manager say. Boy was I dissatisfied, kind of rude. Not sure if I want to go back for a while or at all.",121,560,0,1,0.0,0.114,0,0,none,high,"Review describes dissatisfaction with customer service and policy, not a food safety issue."
5718,2.0,2,0,0,"I eat at the Cheesecake Factory often and have been to more than a few all over the country for the past decade. I was ecstatic when one was finally opening near my house. This one however is different. I've eaten here 3 times now, gotten sick after every time. The normal dishes I order are different here. There is extra random sauces on the food that other locations don't have, or the food is drenched in what the normal sauce is. Service has always been wonderful, atmosphere of course is wonderful. For now though, I will still be driving to the Greenhills one to get the quality food that I'm used to. Hopefully it's just the newness of the restaurant and the chef learns to make the Cheesecake Factory dishes taste like the Cheesecake Factory is supposed to.",139,766,0,1,0.0,0.023,0,1,food_poisoning,high,Reviewer got sick after eating at the restaurant multiple times.
5704,1.0,0,1,0,I like Red Robin but this is a terrible location. I took my kids here a couple of weeks ago and asked for the apple slices to go with the meal. The first set they sent out my son put a piece in his mouth and made a weird face. I picked it up to inspect and it had gone bad it smelled like fermented apples. I let the waitress know that both bags of apple slices were bad and she said she would grab two more. Wouldn't you know it the next two she brought we also bad. I spoke to the manager to let him know he should throw out the apple slices before some other kids got food poisoning. He apologized but it is unacceptable to serve rotten food. I will not return to this location.,139,681,0,1,0.0,0.213,0,1,unsafe_handling,high,Reviewer was served rotten apple slices on multiple attempts.
3274,4.0,0,0,0,We found cyranos on yelp and since we were in the are looking for lunch we decided to give it a try. We ordered the spices bourbon Collins for a beginning cocktail-would highly suggest it. Kinda like a ginger cookie with a bourbon flare. For appetizer we got the ahi tuna-deeeelicious! We then shared a Beet salad. Another party in the mouth. Next was the Cuban sandwich and we choose the slaw with it choosing to stay away from fattening fries. I would not chose the slaw again but I am sure that is just a taste preference. The sandwich however was amaziiiiiing. Service was good and we would definitely eat here again. I would like to try it for dinner next time.,123,666,1,0,0.0,0.0,0,0,none,high,Review describes a positive dining experience with no mention of illness or contamination.
5288,5.0,0,0,0,"This place is sadly perm closed. I was hoping not, however the phone is now disconnected.",16,89,0,0,0.0,0.151,0,0,none,high,Review mentions permanent closure with no reference to health or food safety issues.
4599,4.0,0,0,0,"We really enjoyed our dinner here since we are tapas fans. The food was delicious all the way around. The lamb chops were so so but fried cauliflour, albondigas, mojo tacos, and manchego cheese were all great. Atmosphere was a bit crowded and we were seated by the door on a cold night so that could have been better. Waitress was helpful and attendant. We will be back.",68,370,0,0,0.0,0.0,0,0,none,high,The review is generally positive with no mention of food safety issues.
4810,5.0,1,0,1,AMAZING! The shrimp 4 way platter was SO GOOD! All 4 ways delicious but my fave was the coconut shrimp. I'm already addicted to the coconut rice. The service was fabulous! Josh did a great job! We went yesterday for lunch and plan on going back tonight for dinner. I can't wait to try something new and the key lime pie! Award winning!! Yum!,64,341,8,0,0.0,0.0,0,0,none,high,The review is entirely positive with no mention of illness or contamination.
5383,2.0,1,0,0,"This place was built onto the side the hotel I was staying in, so after driving all day I decided to have dinner with four other members of my party at Syberg's. Obviously the location was convenient. The ambiance is identical to just about any other sports bar and grill you've ever been to. Service was average. The food, however, is the real story here. I ordered the Philly chicken sandwich and was only able to take two bites before pushing it to the side. Now, I'm a big eater that takes pride in being able to eat just about anything, but this piece of garbage was so below-average that I literally had the following conversation with myself in my head: ""Why am I eating this thing? It's so bad it's upsetting. Because I paid $14 for it? Is that why I'm trying to muscle through this thing? The money's already gone; there's no need to make myself sick on top of that."" It was basically a handful of cubed chicken on an oversized hotdog bun (not a hoagie bun, a HOTDOG bun) with a slice of cheese half-melted on top. The chicken was warm at best. It was exactly what I would imagine an elementary school lunch lady would throw together in a pinch. The other four people in my group took advantage of Syberg's special: a huge one-topping pizza, salad, an appetizer (some sort of crusted raviolis), and chicken wings. No one ate the salad because ""the juice in it tastes weird."" The raviolis were good, but they were barely warm. The pizza was okay; it kinda reminded me of the DIY pizza kits you can find at your local grocery store complete with a can of tomato paste that's supposed to pass for pizza sauce; the cheese was pretty good, though. The chicken wings were pretty outstanding, which is the only reason this review is two stars instead of one. Unless you're dog tired and can't bring yourself to get back in the car to find somewhere else to eat, I would definitely pass on this hole.",350,1901,0,1,0.0,0.063,0,0,none,high,"Review describes bad taste and poor food quality, but no illness or contamination."
1504,1.0,1,0,0,"I used to give this spot 5 stars. But after my last visit. I wish I could give it ZERO. This has been a regular weekend spot for me and my man after we found out they so kindly were serving Gluten Free pancakes. (It's not on the menu but something that is known). I spread the word to everyone gf that I knew and had been going about every other weekend for over 2 years now. We walked in about a month ago and sat down to order my usual....a low fat egg white omelet with a small side of GF pancakes. To my surprise, the lady told me they decided to stop serving gluten free pancakes. WHAT?! Just when places are finally jumping ON the gluten free ban wagon .. you all jump off?! The lady explained that the owner had found out about ""cross contamination"" .. got scared .. and took it off the menu. I explained to her that as someone with Celiac we understand the concerns, but to please bring it back with a disclaimer and let the consumer/customer decide if it's worth the risk!!!! I've eaten there sooooooo many times and NEVER been sick! Our server was WONDERFUL. Told us that she totally couldn't understand and how sorry she was. She wen to say how popular they were as well. She gave me paper to write a note to the owner, etc. It should have ended there. However a rude little .. well .. a to be nice I'll call her a rude little waitress decided to interrupt and give her opinion. She ARGUED (like literally till she was red in the face) with us saying that ""If she were rich and has as much money as the owner, she would do the same thing. He has ALOT of money and can't be sued over something like that"". I explained to her that he wouldn't be sued. That places do this all the time, much bigger chains than Pancake Pantry and much smaller places as well. That with a disclaimer he is free of any and all lawsuits. I explained how hard it is to live with a gluten intolerance and how much disrespect I gained for them for taking it away from people. We go really late in the day so never wait in line. But what if we had been like most people and stood outside for an hour+ to come in and be told ""hey you can't eat here anymore"". Or even worse. What if it was a family day and one of their kids couldn't have gluten. They got in and were told ""sorry your kid can't have pancakes"". I was simply trying to explain to her that there really isn't a good excuse -- at all -- for them not serving them anymore. For whatever reason, she wanted to literally ARGUE about it. It was the strangest thing I've ever seen. I can't even count how many things are wrong with what she said/did. I waited and talked to a manager who seemed very ""nervous"" when we talked to him. I seriously doubt she got in trouble and I've heard that they haven't put them back on the menu yet. So very sad about this! I even gave them business after their nasty failing health score. Ugh! Regret that!",560,2880,10,1,0.0,0.138,0,0,none,high,"The review discusses removal of gluten-free options due to cross-contamination concerns, but does not describe an actual incident of foodborne illness or contamination."
4458,5.0,0,0,0,"This is hands down THE best Thai Restaurant in the area and quite frankly, anywhere. The food is delicious and has become our go-to comfort food. Try the Red Curry and Drunken Noodles. By far the tastiest anywhere! The owners and staff are so kind and friendly and make everyone feel like family. I'd give them 10 stars if I could!",61,331,2,0,0.0,0.0,0,0,none,high,Review is a positive assessment of food quality and service with no mention of health or safety issues.
5741,1.0,0,0,0,Worst service ever girl that gave us food was so rude and then after ordering one with no onion for son who is allergic I ask which one cause I can't touch it around him either they said they had no idea and was very ugly I explained why I needed to know she told maneger to deal with that lady (me ) and rolled her eyes and walked away and to beat it all burgers still were wrong and frys was cold and som got onion so moving forward,90,434,0,1,0.0,0.214,0,1,unsafe_handling,medium,"Reviewer's son has an allergy and the restaurant failed to properly handle the order, potentially exposing him to the allergen."
1287,1.0,1,0,0,Poor selection of slot machines. Tried the buffet and had bad service. Never had anyone check up on me or even get me a refill with an empty cup sitting on the table over half an hour. Food was also not good quality. Also felt sick the next day. Went to a concert and it was delayed but they did not allow the band to play their full set. I would still come back for concerts but not for any other reason. Also I would eat off property first.,89,442,0,1,0.0,0.14,0,1,food_poisoning,medium,Reviewer felt sick the next day after eating at the buffet.
6598,3.0,0,0,0,"tomato basil soup, omg delicious. bbq chicken flatbread is good when I'm eating it but then I feel sick afterwards. My bf loves the curry chicken but I'm not a big fan of any of Cosi's sandwiches.",37,196,0,1,0.0,0.149,0,1,food_poisoning,medium,Reviewer feels sick after eating the bbq chicken flatbread.
5992,1.0,1,0,0,"Yikes! We stopped in for the lunch buffet because we were at the doing laundry next door and we were hungry. The restaurant was so dirty! The lettuce at salad bar looked old and brown, so I chose the spinach. But then I did not even want to get a fork for my salad because the utensil containers were filthy. The pizza itself looked ok and I did eat a couple of pieces simply because 1.) We had already paid 2.) My blood sugar had completely crashed and I had to eat something and 3.) We had laundry going next door and did not have time to go anywhere else. Otherwise honestly, I probably would have just walked out! My daughter did to want to eat her pizza or drink her soda and I didn't blame her. I am only hoping we don't get sick! The only reason I did not ask for my money back was because that is just not something I feel comfortable doing. Reno has several other pizza buffet options like Pizza Plus or Round Table, so do yourself a favor and do not patronize this restaurant!",191,986,5,1,0.0,0.05,0,0,none,high,Reviewer describes dirty conditions but no actual illness or contamination occurred.
1037,3.0,1,0,0,"I haven't been here in years, and a couple of weeks ago I decided to give it another try, since I had once praised it so highly. The salad was iceberg and nothing else. That creamy ginger dressing I once loved? Too heavy and too mayo like. The sushi was fine. It was edible and I didn't get sick. However, I'd rather eat at other places in the city. It's good on a budget, I suppose.",76,383,0,1,0.0,0.0,0,0,none,high,Reviewer did not report any illness or contamination.
394,3.0,0,0,0,It was ok....Did like the homemade potato chips. Had to wait 10 mins after asking for the check as the waitress was talking with other guess. But food was good.,30,160,0,0,0.0,0.0,0,0,none,high,"No mention of illness, contamination, or unsafe food handling."
2674,3.0,1,0,1,"We invited​ friends to dinner, when we selected​ Saki they were hesitant as they had been there before; love the food but had bad service. We arrived about 7 pm​ on a Friday night and the place was nearly full with just a few tables left. We were seated immediately at a table for four. The tables are a bit close, with the angle of our table I was practically sitting in the next table, we actually joked with them about it. Our server was pretty amazing, she got drinks, kept them refilled and took our first course orders, she kept checking back and never made us feel rushed. My husband and I started off sharing​ a number of appetizers -we started with crab rangoon, gyoza, shrimp shumai and spring rolls. The food came up pretty quickly considering how full the restaurant was. The spring​ rolls were light and crisp, the crab rangoon pretty standard, the shrimp shumai was​ moist​ but the flavor was really blah. The gyoza was HORRIBLE, they were hard, dry and not any better than we'd buy in any supermarket​. The biggest challenge I have is with the food runners, they have several young guys who seem to speak very little English​. They kind of grunt when they come to the table and food is shoved in front of you, whether there is any room or not. The portions are relatively small, I completely understand that they will bring you as much as you need. But, the plates they use are HUGE for three small pieces of shumai and the guys running food spill all of​ the sauces out of the wells in the dishes. For my second round,​ I had the Hot and Sour Soup - it was very good, not to think​ or heavy, nicely​ spiced with lots of tofu and vegetables. The Seaweed Salad was chilled, a few kinds of seaweed, nice flavor. The Chicken Tempura was more​ tonkatsu, breaded and fried crisp​, moist and crunchy but not a tempura batter. I finished up with a Philadelphia and a Spicy Tuna maki roll as well as some sashimi - tuna, salmon​, ​ and escolar​. All three were well chilled, thinly sliced and very fresh. The salmon was super buttery. The food was for the most part very well prepared, the service won our friends over and its a great value for the Endless Dinner option.",402,2178,0,0,0.0,0.042,0,0,none,high,"No illness, contamination, or unsafe food handling was described."
5303,1.0,1,0,0,"Um...not such a great restaurant. We hadn't been there in 5 years (had a meal there the week we moved into the city). We used their ""call ahead"" service and arrived there to be told it would be a 10 minute wait. The people in front of us were told 25-30 minutes, so we thought it was a good idea. 30 minutes later, everyone was seated in front of us and we were finally seated (not happy). Had to ask for silverware and salt after the appetizer came. HATED the kitchen staff. We were seated at a table in the bar area with lots of people and noise, and we could still hear this chef **screaming** repeatedly with every order that was being plated. Literally, like she was standing next to us and she was ALL the way across the restaurant. It was bad enough that we told the manager when he stopped by. He basically said, ""I'm well aware and I apologize."" Poor guy. The rest of the staff didn't seem happy (lots of grumbling amongst themselves that we heard because we were near the aisle). The house salad was yucky (plain romaine, literally 2 kalamata olives and 2 pieces of sliced celery that were black for some reason). The salad dressing was super-thick and not that great. My chicken was okay (two very thin fillets on a plate with two large scoops of mashed potato) but toward the end I realized the piece I was chewing on was RAW under the breading. I carefully cut around that area (about a 2 x 2"" piece) and showed the server when he was picking up the plates. He basically said ""oops."" The hostesses were horrible about turning over tables. There was a guy waiting who we heard on his cell phone complaining to someone that there were 5 tables in the back unseated and he'd been waiting for 40 minutes. There was a table behind us that took 25 minutes to turn over (literally, just to bus and reseat). They're not doing something correctly. Hopefully I won't get food poisoning from the piece(s) I ate. It'll be another 5 years before we try again. Our gift cards would be better spent at Outback or someplace else.",376,2026,0,1,0.0,0.058,0,1,unsafe_handling,high,Reviewer was served raw chicken.
6303,1.0,0,0,0,"Drove all the way across town to get a breakfast burrito for a sick friend, I called ahead to make sure you served breakfast until noon. I arrived at 11:56 and was told you stopped serving breakfast at noon. I stated that it wasn't noon yet. My phone, the clock on my car and the clock on the bank down the block were all the same. The staff just refused to help me. It's 12:09 and I'm leaving my review after pulling over to create a Yelp account to leave this review. I own a business locally. I would be appalled to know any of my staff refused to help a client 4 minutes before closing. I've been a customer of Bad Boy for 15 years. The quality of food has been declining for some time but the breakfast burritos were still great. When I asked your staff about the time she just paused for a long time. You indefinitely lost a customer today.",164,846,0,1,0.0,0.103,0,0,none,high,"Review describes poor customer service, not a food safety issue."
2147,1.0,0,0,0,"Our visit started fine, my wife ordered the chicken bowl, my son, the steak, I ordered barbacoa. My wife went through and got her toppings, they ran out of steak, they finished mine. They put an aluminum cover over my sons incomplete bowl of rice and left my wife's and mine at the register uncovered. In the mean time, the manager shows up and announces there would be a wait for steak orders and will continue to take all other orders. This is at the six minute mark from order time...our two bowls still sitting uncovered at the register, I see the cook taking the steak off the grill, then he disappears...another four minutes. I ask for a refund for the steak bowl, but still want it. The manager has to come over and approve, he does then disappears in the back and starts cooking. We're now at the 14 minute mark. I get a two minute eta from the cashier. Fourth customer pays and leaves, our two bowls are still sitting on the counter uncovered and paid for. The cook starts cutting the sitting steak and hands it to the prep line. They grab my sons cold rice bowl and put the steak in it, bring it to the register to match the other two cold bowls. Thanks Chipotle...go from poisoning all of us to who gives a shit and watching a shit show behind the serving line! Came by request of one of my teenagers...won't happen again.",249,1333,1,1,0.0,0.078,0,1,unsafe_handling,high,"Review describes food left uncovered for an extended period and served cold, suggesting unsafe handling practices."
289,1.0,1,0,0,"This was my first, and last, visit. I questioned my decision to blindly trust Yelp, which had never let me down, when I turned the corner after ordering and say how filthy the place was. The blue and white tiled floor was black from previous spills, which you could see the exact shape off. While I found humor in the fact that they had put out the 'caution: wet floor' sign it was evident they hadn't mopped in quite some time. It continued to get worse when I went to a counter to make my drink. I hesitantly examine the tea dispenser, twice,and decided the sofa fountain must be cleaner. Even the counter top was dirty and stained with soda. The food tasted good but within an hour after leaving I started not feeling well and was up at 1am hugging the toilet at I revisited my trip here. Though I was cautious to jump to blaming my dinner for it, it was all I had eaten since a delicious breakfast at Chic-Fil-A at 9 am and I'm not one that gets sick like that. Proceed with caution.",188,987,0,1,0.0,0.104,0,1,food_poisoning,medium,Reviewer got sick within an hour after eating at the restaurant.
4936,5.0,0,0,0,"Probably one of the best places to get food in the city. They're innovative and awesome people at this place, I will always recommend this place!",26,145,1,0,0.0,0.0,0,0,none,high,The review is a positive assessment with no mention of health or food safety issues.
149,1.0,1,0,0,"Maybe the pizza is good here... but I can really only speak on the soup and salad. It could be the case that I'm the idiot who decides to get italian wedding soup at a pizza joint, but it was rancid :( I tried to get through eating it, but I just couldn't do it. I was too worried I would be sick afterwards. The salad was pretty overwhelming, too. I just wouldn't go back.",75,373,0,1,0.0,0.232,0,0,none,high,Reviewer suspected food might be rancid but did not report getting sick.
3361,5.0,0,0,0,"Food is great. I am hooked on the halva puri, which is only available on sat/sun",16,80,0,0,0.0,0.0,0,0,none,high,No mention of food safety issue or illness
2472,1.0,0,0,0,This bar is full of wanna be European trash. The service if awful and the food made me sick. The waitress had a horrible attitude. 0/10 would recommend,28,151,0,1,0.0,0.278,0,1,food_poisoning,high,Reviewer states the food made them sick.
6866,3.0,0,0,0,"We stayed at peddlers village for a wedding. Decided we liked the looks of Earl's. We went in just as lunch was ending, but before dinner. We were told we could make a reservation for 30 minutes later and come back. A little strange we thought. The woman at the desk seems to think she is the gate keeper. Much like the soup Nazi. Lol. We returned as instructed and waited with six other groups for the clock to read precisely 5pm. At 5pm she asked who had reservations (even with the restaurant empty) and sat us all in order of reservations then non reservations...she made a very loud general announcement to this effect. We all chuckled amongst ourselves. Oh and the food was ""good"".",125,687,0,0,0.0,0.014,0,0,none,high,Review describes unusual service but no food safety issue.
5162,1.0,4,0,0,"We received a coupon for a buy one-get-one, so we decided to try this place. We go to Qdoba all the time, so I thought this would be a similar experience. Service: All of the staff we interacted with, while placing our food order, were very polite and upbeat. We took our food to go as we live a two minute drive away. Food: I ordered a chicken burrito bowl and my husband ordered a steak burrito with fajita veggies. I was eating in the home office and bit into quite a few cold chicken pieces. I ate around the chicken as I have an unnatural fear of food poisoning. We live very close to the restaurant, so either the container the chopped chicken in was cold, or the meat was not cooked all the way. I went to go check on my husband in the living room and he stopped eating all together. Half way through his burrito, he found a 4 or so inch long brown hair. Yay for finding hair in your food! I asked him if he wanted me to call the restaurant and he said no. He just tossed his food, as did I. Four hours later and my stomach is still not agreeing with me. So, go to Chipotle with caution... At least the staff was nice.",223,1125,1,1,0.0,0.061,0,1,contamination,high,Reviewer's husband found a 4-inch long brown hair in his food.
4848,1.0,0,0,0,"I would've gave them 1 star if it wasn't required..... Nasty Rewarmed Gritz, Dirty waffle makers...... I'm sick Of'em...... this eatery hasn't been up to par since the first day they opened the doors",34,199,0,1,0.0,0.163,0,0,none,high,Review expresses dissatisfaction with food quality and cleanliness but does not describe a specific health or food-safety hazard.
588,4.0,0,0,1,"We've been going to this place since it opened and it's always decent, not to mention super fast! TdM is owned by Subway and has a similar feel to it, but I think the quality is much better than Subway. It's a build-your-own burrito and taco place and the ingredients are always fresh and well-stocked. I usually eat vegetarian, so there are plenty of options for me to eat. I always get a veggie burrito and load it up with lots of veggies! I also like their chips and ""medium"" salsa. If ever around Delgado, check out Taco del Mar!",100,533,3,0,0.0,0.02,0,0,none,high,Review is generally positive with no mention of illness or contamination.
1304,4.0,0,1,0,Always crowded but how can you blame them? Last time I went in here I met 2 famous people at the bar and had the best sushi of my life! oh yea and waited 2 hours....,36,165,1,0,0.0,0.079,0,0,none,high,No mention of food safety issues or health hazards.
5334,5.0,0,0,0,"I was looking for sushi and was very intrigued with the 5 stars on yelp that I had to check it out. OMG, I wasnt dissappointed! From appetizers to desserts it was do good! For 2 people, I recommend just getting 1 of each appetizers to share. The long rolls are 10 pcs, if they are not busy, ask for half rolls in order to try other samples. The desserts were great too, although it would have been better to use sticky or sweet rice instead of sushi rice. Overall another great recommendation from my fellow yelpers!",97,516,3,0,0.0,0.0,0,0,none,high,The review is entirely positive with no mention of illness or contamination.
4978,4.0,0,0,0,"Underrated burger alert!! Randomly came into Pag's during a stroll around Doylestown. The menu wasn't super appealing, actually, so I just went with a cheeseburger. Legitimately, one of the best cheeseburgers I've had in a while! Tasted like a quality Big Mac! Patty wasn't too thick, bun didn't overshadow the burger and whatever sauce they used - YUM. We were in the wine bar section - ambiance is really nice; def not very kid friendly (we had our son with us.) but staff was friendly and accommodating. We will totally be back next time we are in the mood for a good burger!",103,578,5,0,0.0,0.072,0,0,none,high,Review is a positive assessment of food quality and ambiance.
212,5.0,0,0,0,So glad to have stumbled upon this place. Everything is homemade and AMAZING!! Service was fast and jovial-JOVIAL! I had the homemade bacon & potato soup and a chicken salad sandwich. My mother had the same soup and a tuna salad sandwich. Homemade bread!! This was easily the best lunch I've had in a very long time. Highly recommended and hope to venture to Plant City again just to eat here.,71,393,5,0,0.0,0.0,0,0,none,high,The review is entirely positive with no mention of illness or contamination.
3956,2.0,0,0,0,"When I used to live in Philly and did not have a lot of money I went to this Indian restaurant, its cheap and you get a lot of food. While the quantity is great, it lacks quality, there are much better Indian restaurants in Philly this is not one of them. You get what you pay for, there used to be 2 other buffet Indian restaurants near this one.",70,347,0,0,0.0,0.02,0,0,none,high,Review mentions lack of quality but no specific health or food-safety hazard.
4351,2.0,1,0,0,We were out with friends who were starving and we were on the north end of State Street. The outside of State & A made it look good. I was sooo wrong. The service was actually pretty average. No real complaints there. They were also not busy though. I think most of the complaints were in the interior decor and the food. We sat outside and that was just okay. My fish and chips were bland and below average. My boyfriend got the nachos with chicken and he got food poisoning from them. I would say that I don't plan on going back.,103,531,0,1,0.0,0.15,0,1,food_poisoning,high,Reviewer's boyfriend got food poisoning from the nachos with chicken.
7361,4.0,0,0,0,"Pricey ( a ham and cheese croissant was $5.50) as with anywhere in Santa Barbra but very delicious. Cute space ( a bit hard to find ). The green eggs and ham breakfast biscuit is to die for. ($10 I think) The Santa Barbra tri tip sandwich was excellent! Cold brew coffee was good. Lots of good choices in the grab and go section, and our salami and pesto sammy was also great. I'd go back!",76,389,2,0,0.0,0.07,0,0,none,high,Review is a positive assessment of food quality and price.
229,2.0,2,0,1,"Food is decent and view is fantastic. Service is slow and multiple mistakes. Most unforgivable was serving gluten containing food to me despite discussing my gluten allergy (yes I realize its technically an autoimmune issue). I was told the oysters were gluten free but asked about an ingredient after my first few bites that didn't taste right only to find out they didn't realize brioche was bread and clearly not gluten free. Considering this was on the oysters they forgot to serve after our appetizers, and before our main course, that's a double miss. Nice valentines dinner because of the view, but too many other good restaurants in the city to bother coming back.",114,672,0,1,0.0,0.052,1,1,allergic_reaction,high,Reviewer was served gluten-containing food despite discussing their gluten allergy.
3935,2.0,0,0,1,"When I lived in Chicago, it was de rigeur to pop into a Mexican joint for a quick, easy burrito fix. So this week when I was sick, I got this incredible craving for your basic veggie burrito--beans, rice, lettuce, tomatoes, onions, avocado, that type of thing. I stop into El Arado, thinking it might scratch my itch. Not so. I ordered a basic burrito with avocado and beans and got a small flour tortilla with beans only. It was covered in a tasteless enchilada sauce and shredded cheese. The put a small dollop of uninspired guacamole and lettuce on the side. This was probably the lamest ""burrito"" I've ever had. They did, however give me a large bag of chips and salsa, gratis, and the guy who took my order was very nice. I might give them another shot, but I wasn't encouraged by this experience.",147,802,0,1,0.0,0.059,0,0,none,high,"Review describes poor food quality and incorrect order, but no health or safety hazard."
6935,5.0,2,0,0,"After reading positive reviews, we decided to try it . We loved the food! Great flavors. I had the seafood tacos which were better than any I have tried in the Reno area. Husband had chile verde... loved it. Small location with very personable staff. We will return even tho it is a drive from south Reno. :-)",58,309,1,0,0.0,0.0,0,0,none,high,The review is entirely positive with no mention of illness or contamination.
4297,2.0,0,0,0,"Our family had never been to Katies before because we were put off by the highly varied menu. Normally when restaurants try to do a lot of things, they usually don't do anything well. Also keeping that much product on hand (and fresh)is not financially beneficial for a restaurant. We were right. So, positives first: The house is super cute, it reminded me of the old Mandinas. The hostess was very polite and seated us promptly. The inside had a strong smell of fish but I could see how sitting outside on a nice night could really up the experience. And the food came out quickly. Now the bad part: The food appeared to have been precooked and reheated. The chicken had a lot of 'char' and was very dry. SO much char that it shouldn't have made it past the expeditor. The sausage in the pasta was overwhelmed with thyme and tasted days old. While neither of us finished our meals, I was sick for the rest of the night and my daughter was sick for three days. I really don't know if I would give it another chance.",190,1016,0,1,0.0,0.082,0,1,food_poisoning,high,Reviewer and their daughter got sick after eating at the restaurant.
378,4.0,0,0,0,It's a place to go if your hungry and have a big appetite burgers are good and come out quick there onion straws are to die for with the sauce the service was on top of things right away (thanks zack!!) made us feel welcomed and was that way to everybody even helped other servers when he probably didn't have to! Would recommend this place to others in a heart beat. However we came to early to hear the live music but was outside with a great breeze. Can't ask for much more,93,476,3,0,0.0,0.025,0,0,none,high,The review is entirely positive with no mention of illness or contamination.
3127,2.0,0,0,0,"Not a fan. I just moved to the area and decided to try eating someplace close to where I live instead of driving downtown. I should have known by the stale smell that hit me in the face when I walked in to turn around but decided to give it the benefit of the doubt since I've read some descent reviews. There was just a husband and wife working and I was the only one there at 6:30 on Friday so the service was quick. My food was not great, heavy on the scallions, under ripe mango, and that ""fishy"" smell you always try to avoid. Also, the longer I sat and looked around, the more grossed out I got. There was dust on the draperies around the sushi bar, stains on the table clothes and carpet, ceiling tiles that needed to be replaced and a sad looking fish tank. To be fair, I didn't get sick and didn't try the Korean food but I live across the street and won't even be going back despite convenience.",177,905,0,1,0.0,0.098,0,0,none,high,Reviewer did not get sick and only mentioned general cleanliness issues.
2625,1.0,0,0,0,"Truly awful! I chose this as my birthday lunch place with a friend. The counter clerk/meal maker was disinterested, bordering on rude. This is a small place, so four dirty, unbussed tables are noticeable. After cleaning our own table, we waited and waited. There was no one ahead of us. Finally our paninis were served: both were badly burned. Who serves burned food, unless you just don't care? The salad was bland. The coffee was fine.",76,437,1,0,0.0,0.195,0,0,none,high,Review describes poor service and food quality but no health or safety hazard.
2656,1.0,0,0,0,DON'T DO IT!!! FOOD POISONING. I know in New Orleans NOLA is extremely laid back and don't plan on rushing any meal. However when the person next to you gets the same thing you ordered after only sitting for 10 minutes and you wait an additional 10 you know something isn't right. When we received our food it was cold to the point my poached egg was greasy. The server told me it was suppose to be cold because of the seafood. They then took it and put it in the microwave brought it back and served it. I got food poisoning and still had to pay for it. The server volunteered that his manager said he wouldn't give a discount(no I didn't ask). I am reporting them.,128,666,3,1,0.0,0.081,0,1,food_poisoning,high,Reviewer explicitly states they got food poisoning after eating at the restaurant.
5168,1.0,0,0,0,"My boyfriend and I went for dinner on a Friday night. We sat at the chef's bar which allows you to see the food being prepared in the open kitchen. It was fun to watch until we noticed that one of the cooks was tasting the food with a spoon then continuing to use the spoon to cook the food. He did this with every dish he cooked, reusing the same dirty spoons to taste, stir, and serve everyone's food. We reluctantly ate our food anyway. It was tasty, but we both got sick the next day. Will never go there again. I would have said something to the head chef, but he was present in and around the kitchen the entire time, so I had to assume he saw this too and did not care.",136,676,0,1,0.0,0.079,0,1,unsafe_handling,high,Reviewer and companion got sick after eating food prepared with visibly unsanitary practices.
5780,3.0,3,0,0,"While I enjoyed the ambiance of The Libertine the 3 stars is mainly for the food. My husband and I went with another couple. To start we ordered the Pull Apart, Elote, and Bacon Flight. Looking past the fancy names, what we got was a small loaf of bread (that should be given as complimentary) with a hint of cheese, corn on the cob rolled in cojita cheese, and bacon in a cup served with superfluous dipping sauces. Everything tasted fine but didn't live up to the hype. As a side note, I've actually had elote (a Mexican street food) on the the streets of Mexico City and it was much better and cheaper there. For main courses we had the Whole Roasted Lake Trout and the Asian Spare Ribs. The Trout was by far the star of the two. Unfortunately, the bacon grits served with it were a little undercooked and grainy instead of the creamy consistency I like. However, the fish was cooked perfectly and melted in my mouth. I would order this again. The Spare Ribs were good (not great) and had scallions on top and green onion in the slaw. This normally wouldn't be an issue but my hubby is allergic to onions so he had to scrape them off. I was really looking forward to dessert as I saw a blueberry pie on the menu and had been craving just that. I was already disappointed before even taking a bite. I was expecting a warm gooey pie but instead got a flat turnover that looked like it had been overcooked causing all the blueberries to seep out. There were so few blueberries that I instead had to focus on the ice cream and meyer lemon curd/pudding. I would not recommend this dessert. In sum, I would probably visit the restaurant again for the throwback drink menu and cool atmosphere but not for the food.",319,1710,0,1,0.0,0.043,0,0,none,high,"Review describes dissatisfaction with food quality and preparation, but no actual health or food-safety hazard occurred."
2285,5.0,1,0,1,This is my second trip to Indy and my second trip to 3 sisters. The food is amaze balls! This trip I had the turkey melt on rye with onions cheese pesto etc. My taste buds were awaken to the most wonderful explosions of flavor!!! The owner and staff were wonderful as well! We will be back next year when visiting the folks.,63,324,5,0,0.0,0.0,0,0,none,high,Review is a positive assessment of food and service with no mention of health or safety issues.
7123,4.0,2,0,0,"The reviews were mixed but we had to give it a try just for the atmosphere. The views are beautiful and we did make a complete 360 turn while dining. The service was efficient, attentive and professional. Very large drink menu and typical beer options. The prices are very high and it is clear that you are paying for the ambiance. Our ceasar salad was phenomenal,the bread sticks were fresh, and the clam chowder was also great. My husband ordered the filet mignon with crab meat and it was cooked exactly as requested; rare. The fresh veggies and mashed potatoes were all very good as well. We wouldn't say it was the best steak ever but definitely worth a try if you're going to eat here. I ordered the shrimp Alfredo. It came with a lot of large shrimp which was great, but the Alfredo sauce was very bland. I suggest going for appetizers, drinks and desserts. Although we didn't try dessert, the display was beautiful. All in all, worth a try at least once.",175,962,0,0,0.0,0.0,0,0,none,high,No mention of foodborne illness or contamination.
5691,2.0,0,0,0,"Family reunion was held on May 31st thru June 4th 2018 at Shephard's. Gulf front room with a great view and that's about all I could honestly say. There is really not enough light in the room especially for women when wanting to get dressed and apply makeup. There isn't a mirror anywhere other than the bathroom never mind a full length mirror which most women feel is necessary when getting dressed. The mirror in the bathroom was higher over the sink than most hotels and the lighting was absolutely TERRIBLE. The waste baskets looked like kiddy toys they were so small. The overall lighting in the room was poor. The drain in the bathroom sink was clogged and it took forever for the water to drain out. There was no newspaper either outside your door or in the lobby for guests and while this sounds petty some folks like having a paper to read and not have to go off the premises to get one. The coffee in the room left a great deal to be desired to say the least. Thank goodness for the Speedway gas station directly across the street where you could buy some good coffee in the morning. The NOISE which was called MUSIC was horrible and I believe it could have woke up Lazarus from the dead. The bass from the instruments playing in the band was so loud it literally shook some glasses which was outside on our table and we were on the 6th floor. The elevators were not working and after hours one was restored to service. The one elevator that finally did work was filthy and had vomit all over the door from where someone had been sick. It had to be brought to the attention of the front desk so the help could clean it up. Television was awful with a cable company that was even worse. The chairs and umbrellas for rent were limited and people were complaining about it . All in all I would never recommend this hotel to anyone who is looking for a place to stay on Clearwater Beach, FL.",356,1898,0,1,0.0028089887640449,0.104,0,0,none,high,Review describes poor hotel conditions and amenities but no food safety or health hazard.
259,1.0,5,0,0,"Once upon a time this was a full 5-star for me, sadly they no longer run a full kitchen. It's more like a traditional coffeehouse now, which isn't a bad thing, but this was one of our favorite breakfast places in town so I'm sad to see it change. The service has become abysmal as well, and that is the deal-breaker. When your servers spend more time standing around talking than they do running orders that sit in the window for 15 minutes, you have a problem. When your staff can't figure out whether to use to-go cups or ceramic mugs, you have a problem. When your floor manager just shrugs and calls it all a communication error, you have a big problem. Not sure if there was a change in ownership or what, but looks like we're finding a new place. Edit: And now it seems my boyfriend has contracted mild food poisoning. Given this was the only meal we didn't share yesterday, I'll let you draw your own conclusions.",171,920,0,1,0.0,0.168,0,1,food_poisoning,medium,Reviewer's boyfriend contracted mild food poisoning after eating at the establishment.
2881,3.0,5,2,4,"The beautiful wife and I have visited Modesto three times (twice at the bar, once in the dinning room). I just don't know about this place -- I've walked out of there going ""two stars, not going back!"" to well, going back and thinking ""four stars, can't wait to come here again!"" So I'm going with three stars -- there's consistently been enough positives and negatives that they balance out. Here's a series of thoughts: 1) I like the pinxtos at happy hour (bar area only) -- if you're feeling cheap and/or looking for something to nibble on before moving to another destination, you can get a lot of food for fairly cheap. 2) But, some of the items aren't that great. I'd say that if you see something has aioli on it, chances are, it's going to be pretty tasteless. As the beautiful wife noted in her review, the mushrooms, oysters, and chicken wings are all solid. 3) The happy hour drink specials are OK -- I wish that they'd offer specials on their regular wines by the glass, but that's just me. The Spanish beers they have are by the bottle and are both lighter (I believe a lager and a pilsner). The funniest thing they offer is the $2.50 half pint for draft beer. Maybe that's some traditional thing in Spain, but good lord, it just screams ""stupid."" 4) Dish of note: the Bistec a la Cabrales (grilled hanger steak with Cabrales cheese and port reduction) -- this was delicious. The steak was perfectly done and the sweetness of the reduction balanced out the cheese nicely. And you get a pretty decent-sized portion for $8.00 5) Service has ranged from friendly to indifferent. Indifferent made one happy hour not so happy. Why so gloomy? Maybe it's all the cheap people who come in and order 10 millions things for $8? Buck up camper, you could be working at another establishment on the Hill and poisoning people with Provel. 6) Lots of parking in their own lot and/or the street. 7) Cocktails -- the coconut caipirinha is wacky delicious. The rest of the cocktail menu is heavy on sweet drinks, so I've just stuck with beer and wine. Though I know we'll visit here again, I'll always be skeptical of what experience we're about to have...",388,2152,2,1,0.0,0.054,0,0,none,high,"No mention of foodborne illness, contamination, or unsafe handling."
2329,1.0,0,0,0,"First and last time. The 'award winning' avocado toast was terrible- cold eggs left under a heating lamp, soggy bread, avocados in chunks with the dark spots and the seed as a surprise. Didn't eat the eggs because of fear of getting sick...and still threw up. Even if this was a once off (which does happen!) I was unimpressed with the restaurant's ability to acknowledge they had not delivered on their promise of good food or just met a quality standard. I felt like my concerns were being swept under the rug and that I didn't matter. I live in Nashville, work down the street, and will never be back. I want to save natives and tourists my experience- there are plenty of better alternatives within walking distance.",128,720,1,1,0.0,0.078,0,1,food_poisoning,medium,"Reviewer threw up after eating, citing fear of getting sick from cold eggs."
4245,5.0,3,0,1,"I moved from Chicago to Philadelphia over a year ago. Everybody here raves about the restaurants, but I have yet to find many that deserve five stars, or even four. This is the best restaurant I have eaten in in Philadelphia. Tahini and bread arrived at the table, and I thought, hum, plain but I'm hungry. They must put crack in that Tahini. I wanted to lap it out of the bowl like an uncouth dog. The bread is excellent too. I love a menu with many organic meat choices. How often can you order an organic beef shishkabob? It was superb. The meat done perfectly, the onions nearly caramelized but not quite so they still had some substantive crunch. The purslane salad tasted like I was eating a plant in the middle of a garden. It is not often that I dream about a salad but I do dream about this one My husband had a chicken dish with black eyed peas and green peas and fantastic rice. I won't begin to describe the flavoring; it is beyond my culinary vocabulary. We asked what spices they use, and in addition to traditional zatar, they use their own blend of spices. I don't even need to know what is in it just so long as we can keep coming back and ordering it again and again. I was so full but ate dessert none the less, which I usually don't do. But when a diner is this good, I had a feeling the desserts would be too and I just needed to find out. Pistachio creme brulee. It could have come out over the top, but no indeed. It was pure pistachio heaven in s super light yet rich custard. Heaven. Heaven. Our service was superb. The squeezed us into a last minute Friday night reservation with the caveat that we would need to get through our dinner in an hour and 15 minutes in order to accommodate a reservation made prior to us. Given the time constraints they never made us feel rushed and timed the meal perfectly. Then my husband left to go to the restroom, the waiter picked up his napkin and refolded it nicely on the table. Do I care about the napkin placement in the middle of a meal? Not really, but it is a sign that the waitstaff is incredibly attentive and extremely well trained. My eating out plan for Philly might just be to skip eating most everywhere most of the time so I can frequent this expensive, though appropriately priced restaurant. Kudos to the chef.",433,2291,0,0,0.0,0.015,0,0,none,high,The review is extremely positive with no mention of illness or contamination.
124,4.0,0,0,0,"I really like Prep & Pastry - we have been twice in the last two months on a Sunday. The best trick I learned is to put your name on the waitlist BEFORE YOU ARRIVE. As long as you are within 5 miles of the restaurant, you can be added. It is a great service. I have tried a number of things for brunch and all have been excellent - even their sweets. I think my favorite is the breakfast sandwich. I am not a big drinker, so I usually order the ice team and it really is better than almost anything else I have tried. Staff is really, really nice. I highly recommend a visit if you are in town.",121,594,0,0,0.0,0.01,0,0,none,high,The review is a positive assessment of the restaurant with no mention of health or food-safety issues.
1169,3.0,0,0,0,"Definitely get in line before 8:30am. We waited about 30 minutes. Pancakes were fine. My friends got the raspberry pancakes, the sweet potato pancakes and the san antonio. I got the sugar and spice pancakes. All were well and fine, a bit dry. I don't understand the hype, but if the line isn't too long it's not bad for normal breakfast food. If the line is longer I would highly recommend skipping this place and heading down the street to Fido - insanely good coffee and great breakfast food.",89,494,0,0,0.0,0.0,0,0,none,high,"Review describes taste and wait time, but no health or safety issues."
2212,4.0,2,0,0,Sooooo good!!! I prefer to take out and I have never actually picked up myself so I have no idea besides what I am told on how the dining experience is... Basically very Bosnian /Bosnian people in the restaurant... But who doesn't like diversity? And that's all I was told also I heard its pretty clean! Cheers to this place for making awesome gyros!,64,350,5,0,0.0,0.058,0,0,none,high,Review is generally positive with no mention of health or food-safety issues.
5595,3.0,3,0,0,The food was really good but I am a celiac. when I asked if he had gluten free he said yes everything except for two items was gluten free and I asked about the pans that the crepe is cooked on he said he cleans it and said something about .because it's so hot that it burns off any gluten on it. I never heard that before.. I never seen the pan before so I tried it and it made me sick. I went back to tell him that I was sick because of cross-contamination I'm sure . ..he's very kind but said that he had never had said anything to him.... that doesn't mean that nobody else got sick so please if you're celiac it's probably not a good thing to eat there those that choose just to be gluten-free would have no problem eating there. Lesson learned for me..,151,758,0,1,0.0,0.111,0,1,cross-contamination,high,Reviewer got sick due to gluten cross-contamination after eating at the restaurant.
1897,2.0,0,0,0,"Good, convenient, but not great. Been a few times- always left wanting more/better/different. I like the crispy crust, but am not a big fan of the residue it leaves on your hands. Tried it again after purchasing a groupon-- got the pizza breadsticks which were good, but the accompanying sauce wasn't hot. The margarita pizza was good, and the fresh mozzarella pizza was delicious, but it wasn't hot/melted enough. My boyfriend had the BBQ pizza and thought it was ""pretty good."" Once again, left wanting more/different/better. Maybe if things were hotter, we'd be more likely to go.... especially since I practically live next door. Close, but, as they say, no cigar.",111,668,0,0,0.0,0.074,0,0,none,high,"Review mentions food not being hot enough, but no illness or contamination is described."
7014,1.0,0,0,0,"Wasn't an exceptional experience. Wife is a diabetic, so she attempted to avoid the ingredients that would cause issues. So she went the ""steamed"" route. The grill hadn't been cleaned between courses, and there was a palatable taste that just seemed incorrect. All in all, we won't be going back.",50,296,0,0,0.0,0.043,0,0,none,high,Review describes poor taste and unclean grill but no actual health issue occurred.
2109,4.0,1,0,0,"So far, so good, Biscuit Love! I have to admit, though: I am worried about reviewing this Biscuit Love location, because it is completely possible that it will end up with lines just as long as its Gulch location! We arrived to Biscuit Love at 8:30am on a Saturday. To our pleasant surprise, there was zero wait! That alone earns you a star, Biscuit Love! In addition, the self-serve sparkling and still water machine is a nice touch. I ordered the Princess with an egg on top. Trust me, hot chicken and eggs for breakfast is a gorgeous & delicious thing! I devoured the entire meal in very short order. The only problem I could find was the coffee. It tasted burnt and left something to be desired. Then again, if you are going to Biscuit Love for its coffee, you're doing it all wrong! From what I can tell, this location is something of a ""locals secret."" I did not see any obvious tourists here. If you ARE a tourist, though - welcome to Nashville! I highly encourage everyone who reads this review, locals and tourists alike, to visit this location instead of the one in the Gulch.",199,1086,7,0,0.0,0.043,0,0,none,high,The review mentions no illness or contamination.
3621,5.0,2,3,1,"I've been coming here since high school and finally made my rounds 6 years later (lets pretend I didn't just say 6 years). 7 courses, $25, byo, eat with yo hands. For realz this place is awesome. People tend to get a little turned off when they hear moroccan food with your hands. If you're that person, don't come because you'll ruin an awesome experience for your friends. Every course is awesome and the service is just as good. Theres belly dancers who even get the guests involved. You smirk now, but a bottle of wine in and you're going to be dancing too.",104,561,0,0,0.0,0.034,0,0,none,high,The review is entirely positive with no mention of illness or contamination.
3844,2.0,0,0,0,"At first glance, Muriel's appears as a really classy restaurant. And it means to be. The service is impeccable and really friendly, and the decor is large, open, clean, and upscale. But the food made my boyfriend & I sick through the next day. The good: - Loved our waiters. They were friendly, energetic, filled with smiles, and were attentive without being overbearing. Great experience. - I didn't like my first cocktail (it was too sweet), and the waitress quickly and happily offered another drink and offered less-sweet suggestions. - They offer a $39 three-course prix-fixe, which is a good deal. All items listed in the prix-fixe can also be ordered a la carte if you wish. - The decor is classy, uspcale, but not stuffy. I give the ambiance 3 stars. - Location. The restaurant is on the corner of Jackson Park, right by the church, in the heart of the French Quarter. This doesn't matter to me personally, but it's convenient for tourists in the area. The bad: - My bf and I both ordered the Shrimp & Grits which he actually loved, but I've easily had better elsewhere. The portion was generous, and the shrimp were very well sized but not very fresh. At some point I ate what I thought was a piece of fish in my entree but it was a soft not-so-fresh shrimp. Not appealing at all. I also found myself fishing out more shrimptails than shrimp.....which is pretty suspicious..... - The bread pudding dessert was subpar and had been obviously refrigerated for some time. It was essentially a solid brick. Unimpressive. - The creme brulee was too thick, heavy, and rich, whereas I'm used to light and custard-like textures. It also tasted as if it had barely cooled from the fridge. This is my favorite dessert, and I didn't even finish it. Sad. - Most importantly: I felt ill for the next 36 hours, having to run to the bathroom on more than one occasion. It is not often that I get that level of digestive unrest from what should be an upscale restaurant. Conclusion: - I don't think the food here is very special or worth the extra $$$. I've had much better in much more low-key restaurants. - Come here for decor, location/convenience, and service. - Avoid the shrimp & grits at all costs.",393,2198,0,1,0.0,0.076,0,1,food_poisoning,high,Reviewer and boyfriend got sick after eating at the restaurant.
7142,1.0,0,1,0,"Holy crap. I may be dead by the time you read this. Watched them rinse off dishes and chopsticks with plain water, wipe dry, and reuse on new customers. No soap. No dishwasher. No sanitizer. No gloves. My wife asked our waiter about it. Apparently they were ""busy"". Wish I knew that before I ate there. Pray for me. I get sick, I'm gonna kiss every one of those bastards directly on the lips.",74,392,0,1,0.0,0.256,0,1,unsafe_handling,high,Reviewer witnessed unsanitary dish handling practices.
5607,1.0,2,0,0,"This was the worst sushi experience I've ever had in my life!!!!!! I got food poisoning today after eating here! We didn't get hardly any attention for an hour, and people in our party actually never even got any sushi to eat! The place smells like really old fish. My friend's plate was dirty, and when he got a new one, that was dirty too. I ordered a crystal shrimp hand roll, and they ""crunchy"" shrimp was old and cold - like it was cooked days ago. Plus - the whole thing smelled like bad fish. Save yourself - don't go to this place!!!!!!!!!!!!!!!!!!!!!!!!!!!!!! TERRIBLE!",105,578,39,1,0.0,0.178,0,1,food_poisoning,high,Reviewer explicitly states they got food poisoning after eating at the restaurant.
7210,3.0,0,0,0,"This place has a nice atmosphere to it. The service is nice enough. If they get too busy, they'll forget a lot. They were very accommodating and friendly when my friend (who has a nut allergy) sent her waffles back because it had Nutella on the plate. My order of the grits bowl was just ok. The veggies and sausage on top were kind of cold, but it wasn't a bad dish overall. The Belgian Waffles are likely the best thing on the menu. I'd recommend them if you like sweet stuff. Overall, it's a good place for an affordable brunch.",101,531,0,1,0.0,0.012,0,0,none,high,"No illness or contamination occurred, just a precautionary food return due to allergy."
305,1.0,6,0,0,"I'm not one to usually write this kind of review, but AVOID THIS PLACE AT ALL COSTS. Maybe it was the fact that my group went in for Endless Lunch, but service was awfully slow, the sushi was kinda warm and mediocre at best, and my favorite part? The violent, unrelenting ///food poisoning/// that kicked in the next day. I'm talking I was ridiculously nauseous for about 12 hours straight, I vomited almost non-stop for about five and a half hours, I continue to have intense diarrea, and my body simply rejected anything that wasn't water for the entire time. I'm absolutely exhausted. Of my party of four, three of us experienced sickness as bad or even worse than mine. We're pretty sure it was the raw tuna. Stay away.",130,723,0,1,0.0,0.176,0,1,food_poisoning,high,Reviewer and companions experienced severe food poisoning symptoms after eating at the restaurant.
6853,5.0,0,0,0,This place is so lovely! I went for a sweet and was amazed at the variety. The gooey butter cookies were awesome and the German chocolate cupcake simply amazing!,29,161,2,0,0.0,0.0,0,0,none,high,Review only mentions positive experience with no mention of health or food-safety hazards.
3418,3.0,1,1,0,"I was craving a burger, and since we'd driven past this place a few times, we decided to check it out! Pros: The chili cheese fries were REALLY good! The chili tasted and looked homemade (not the canned stuff) and was a huge portion. That could have been my entire meal by itself. Cons: The worst thing was that the cashier was also assembling the food when she wasn't handling the money. She did NOT wash her hands OR wear gloves after touching people's cash and credit cards, itching her nose, wiping sweat off her forehead......and then just going straight back to arranging hamburger buns with their fixings with her bare dirty hands. GROSS. Nobody else seemed to notice, nor care. The burgers were just okay. Not bad, but we were expecting better. The wait was soooo long. We must have stood there waiting for over 25 minutes ( for two burgers, chili fries, and cheese fries). It was about a half hour before closing and they were not allowing anyone to sit inside at the tables because they'd already been cleaned for the day. There were only two picnic tables outside to sit at. One man came in a little while before closing, and they told him they couldn't serve him. Since they were obviously still cooking and serving other people (that had arrived earlier), he was NOT happy. He stormed out and said, ""Fine buddy, but you've just lost a customer"". I get that they were closing soon, but what's one more order before locking the doors? Despite all the cons, I loved the chili cheese fries so much that I will be going back for more! We just won't be getting any burgers. I'd like to try their milkshakes and their pesto chicken sandwich, too.",298,1652,3,0,0.0,0.05,0,1,unsafe_handling,high,Cashier handled money and assembled food without washing hands or wearing gloves.
4915,2.0,1,0,0,"I was a fan of this place until i wound up getting food poisoning after going with a group of friends. Granted the place is nice, and there is a ton of outdoor seating which is great for those glorious days, but I don't foresee myself eating here anytime soon. I'll go back and grab a drink or 2, but it will take a lot to get me to try the food again.",73,352,0,1,0.0,0.033,0,1,food_poisoning,high,Reviewer explicitly states they got food poisoning after eating at the restaurant.
3948,1.0,5,0,0,"Cheap, interesting maki combos. Warm miso soup not fresh. Some of the sushi was too cold which ruined the taste. Got sick immediately after. Maybe I hit a bad day. Atmosphere drab and kinda dirty looking. I would confidently say I won't go back.",44,245,0,1,0.0,0.267,0,1,food_poisoning,high,Reviewer got sick immediately after eating at the restaurant.
7066,4.0,0,0,0,"The food is always excellent. However, it is very difficult to hold a normal conversation due to the abnormally loud interiors. Please please add some acoustic treatments to this space so we can enjoy the tasty food without a throbbing headache.",41,245,0,0,0.0,0.058,0,0,none,high,"The review mentions a loud interior causing a headache, but no food safety issue."
2331,5.0,0,0,0,Best thai food in the area. Everything was authentic and delicious. Will definitely be back again and again.,18,108,0,0,0.0,0.0,0,0,none,high,No mention of illness or contamination.
1302,2.0,0,0,0,Yummy but the staff refused to make a frappacino I have ordered at least three times before at the same location and at least fifty times before in my lifetime at other locations. Also she didn't get half my order then while we waited for it she lectured me about how old my request was . Oh come on. I just want to go to home. I won't be back. But I will say once I got my order to where she would be willing to make it it was very good,92,437,0,0,0.0,0.031,0,0,none,high,"Review describes poor service and incorrect order, but no food safety issue."
3586,3.0,0,0,0,"Most of the food is very authentic and good here,my only issues are that when i order i ask for NO onions and they ALWAYS put the onions on my food EVEN THOUGH I TELL THEM IM ALLERGIC!!! If you really care about your customers you will make a fresh meal without onions especially if its a regular customer! Always make sure your rice is fresh,if its hard its NOT FRESH! Last but not least the prices are a little high for mexcan food... And yes I AM MEXICAN!!!",89,460,8,1,0.0,0.075,0,1,allergic_reaction,medium,Reviewer mentions being allergic to onions and the restaurant consistently including them in their food despite being told.
5987,4.0,0,0,0,"Pros: -Superb cheeseburger - thick, evenly cooked, (almost) medium rare, nice sauce, soft bun -Tasty (complimentary) zucchini bread -Good service -Good G+T selection -Cool ambience -Downstairs from my apartment Cons: -Expensive -Per wife, the waitress ""seemed disappointed"" that we only ordered cheeseburgers (this was not verified, status as a ""con"" is under review) Looking forward to going back.",58,398,0,0,0.0,0.046,0,0,none,high,No mention of foodborne illness or contamination.
6085,2.0,1,0,0,"Had lunch there today.... The food was ok. The service was weird. We walk in and wait at the podium, a few minutes later a server walks up and grabs menus and asks us ""how many?"" We say 2 so he turns and walks towards the tables without saying anything. I look at my husband and say ""I guess we're supposed to follow him?"" We sit, the server mumbles what we would like to drink, he brings them, asks if we're ready to order, we order, he nods at us. A man of very few words. He brings our meal and I ask for ""lots of lemon"" (I ordered catfish and use a ton of lemon) He brings 2 thin slices. I wonder what I would have got if I didn't say ""lots"". During our meal I'm noticing the staff eating. That's a new one on me. Our sever and others are sitting down at the bar, eating. The bartender has a plate behind the bar and he's eating. I've been a server and that has never been ok in our establishments. It's unsanitary and health code violation. But oh we'll, it's a family owned bar, I guess whatever goes. But our server is so focused on his own meal that he fails to notice that we have been waiting on refills for quite sometime. Finally he comes over, refills our drinks and goes back to eating. No response when we say ""thank you"". Our bill comes we pay it, he brings change and turns and walks away. The entire time he probably said 10 words to us. My husband didn't even want to leave a tip, thinking he didn't deserve one but being a server myself I wouldn't do that. Although, he really didn't deserve it. I'm new to New Orleans and I must say I'm sick and tried of this type of customer service. Employes who can't handle service with a smile need to understand and fear that other people need jobs and they will/should be replaced.",339,1743,0,1,0.0,0.068,0,0,none,high,Review describes poor service but no actual health or food-safety hazard.
6448,5.0,0,0,0,"I am an Italian southern girl who grew up on Italian creole food, thus, finding great Spanish food has been hard for me. This restaurant has the best authentic Mexican/Spanish food in the greater New Orleans area. The food is cooked fresh in an open kitchen that smells so good it will have your stomach growling. The menu used to be written in Spanish however, they switched to pictures and an English menu which has only allowed me to explore Spanish cuisine further. My husband and I are addicted to the horchata drinks. He loves the fajitas, I love their enchiladas. I chose a red sauce over my enchiladas instead of green which the hostess explained the green sauce was hotter but I found the red sauce to be spicy to perfection. We placed our order to go because we love to eat at home, however they have a huge dining area and flat screen t.v. with soccer playing last time we went. If your looking for real, authentic Mexican/Spanish cuisine then I recommend this restaurant.",176,983,0,0,0.0,0.006,0,0,none,high,No mention of foodborne illness or contamination.
3373,5.0,1,0,0,"We loved this place! Very nice atmosphere, the live piano was a nice touch. The view is amazing, the dining room is practically over the water!! I recommend staring with the steamed mussels, the sauce it comes with is to die for! For our main course we both had the stuffed grouper which was also great. When most restaurants say crab stuffed something, they mean breading with a little crab. Not here, there was so much crab I don't know if there was any breading. And sooo good!! For a side, get the Parmesan risotto also amazing! We had such a good time we are sure to visit next time we are in town!",114,603,8,0,0.0,0.029,0,0,none,high,Review is entirely positive with no mention of illness or contamination.
3395,2.0,0,0,0,"Opry mills just reopened so every restaurant in the mall was jam packed. My best friend wanted to try this place because she thought it would be cool. The menu was short and sweet, which is fine by me and it's cool that the servers also sing on the little stage. We both ordered the pulled pork sandwich with fries and later split the tiniest sized portion of banana pudding that was sweet and mediocre. My bill to include a coke was only around $11 so it's not really expensive. However, 2 days after dining there I got the worst stomach pains and other digestive issues to ever hit me. That pulled pork sandwich was the only thing the past 4 days that I have eaten that my husband has not, so I feel confident that got food poisoning from this place. Make sure you have probiotics available after eating here is all I'm saying y'all.",156,835,0,1,0.0,0.078,0,1,food_poisoning,high,Reviewer reports severe stomach pains and digestive issues after eating at the restaurant.
4815,1.0,0,0,0,"Let me just warn you, there is something very wrong with this restaurant. We started out finding dried blood in our napkin and when the waitress told the manager, she NEVER came to our table to give any apology. We instead got plastic wear to eat steak!! Our shrimp appetizer was dripping grease and overcooked, all of our meals were overcooked and tasted like they had been frozen for months! The worst was all of us ate something different and all if us got food poisoning afterward. I don't believe they clean as they should, and have no care for their food. Take our advice, there are way too many restaurants around, don't waste your money like I did.",119,656,3,1,0.0,0.133,0,1,food_poisoning,high,Reviewer and companions got food poisoning after eating at the restaurant.
2162,1.0,0,0,0,"Ordered some food at 11:47pm after not eating all day due to airline issues. I was starving. 2 and 1/2 hours later my food was delivered after I called twice looking for it. When it arrived, there was no utensils or napkins. I ate my salad with my fingers. The food is good, the service is horrible. Never again!",59,312,1,0,0.0,0.14,0,0,none,high,Review describes poor service but no health or food-safety hazard.
939,2.0,2,0,0,"This place is good for drinks and apps but that's about it. I had the unfortunate experience of trying their shrimp fajitas, which came highly recommended by the waiter. It was honestly disgusting. In hindsight i should have sent it back. I was sick the entire next day! Wont be coming here for a while. Only positive is that they have very good salsa, chips and margs which is why im giving two stars instead of one!",77,417,2,1,0.0,0.133,0,1,food_poisoning,high,Reviewer was sick the entire next day after eating the shrimp fajitas.
583,3.0,2,0,0,"So I REALLY like this place, they have great coffee, soy and almond milk, and good food. (I have an allergy that prevents me from eating most of their food - but what I have eaten is great and everyone knows loves it), BUT it is a coffee shop and they take WAY too long to make a drink. I have had to leave here more often than stay and get coffee elsewhere to prevent being late. On more than one occasion I have been in here and waited for more than 10 minutes without my order for a black coffee even being taken! I may be a bit impatient, as the only thing I ever order is just coffee, but they need a much better system at waiting on individuals and serving drinks. If you have time - its worth stopping in, if you want a coffee within 15 minutes, you may need to go elsewhere.",157,782,1,1,0.0,0.037,0,0,none,high,Review mentions a food allergy but no adverse event occurred.
681,1.0,1,0,0,I have been to this place a few times to dine in and enjoyed their specialty rolls but today I placed an order for take out and ended up throwing away half of my meal because I got sick from the other half!!!! I used to recommend this place to my friends but never again!! I ordered the yellow stallion and something else for take out. the yellow tail on top of the roll looked half cooked and fish looked greyish red. TOTALLY NOT FRESH!! I have ordered this same roll before while dining in and it looked totally different! I am so disappointed because I enjoyed this BYOB place before I experienced their take-out service.,116,624,9,1,0.0,0.113,0,1,food_poisoning,high,Reviewer got sick after consuming half of their meal.
2895,1.0,0,0,0,"This place has an identity crisis. It doesn't know if it wants to be club, sports bar, family restaurant or higher end restaurant. The owner is friendly enough but needs to be on kitchen nightmares. Do not eat the seafood!!! I ate one muscle and I immediately started feeling sick. The food was spoiled and when I sent it back the owner came over and told me that he has the best muscles on the main line and the muscles were fine and it was my taste buds. I should have known better when I was the only one eating there on a Saturday night.",105,541,3,1,0.0,0.061,0,1,food_poisoning,high,Reviewer ate seafood and immediately felt sick due to spoiled food.
5538,4.0,0,0,1,"Our group very much enjoyed our meal. Our whole family got together as a group and went there and everyone liked their food. I got the Smokey Pit Beef sandwich and my wife got the Chicken Panini. Both were very good! They are only open for breakfast and lunch, and aren't open for dinner. We'll definitely be back! If you are looking for a good place to have a business lunch downtown, this would be a good place to go too!",81,423,3,0,0.0,0.0,0,0,none,high,The review is entirely positive with no mention of illness or contamination.
1992,2.0,1,0,0,"Worst nachos ever. Burned, hardly any cheese, and told the server about my onion allergy and the first order came out with onions. Second order came out with no onion but also hardly any cheese. Clearly the service wasn't much better than the nachos. Our waitress (Mary) visited our table four times and never picked up any of the empty glasses or plates. Won't be going back any time soon. Too bad as it's a great place to go to watch soccer. If you go, sit at the bar and don't order food.",93,491,0,1,0.0,0.132,0,1,unsafe_handling,high,Reviewer's onion allergy was not accommodated in the first order.
5320,2.0,3,2,3,"We were led here by the glowing Yelp reviews and the fact that we had a wonderful meal at Mad Fish last year (owned by the same person as 1200). What a mistake. First off the place is tiny and extremely loud. I ordered the sea bass, but they were out of it - at 7pm? Next I tried to order the grouper special - again out of it. Richard, our waiter told me (confidentially per him) that he could give me the 8 oz lobster tail for $24 along with the mashed potato side and my choice of broccoli or asparagus. Chose the asparagus. Chip Ordered the Berkshire pork chop with a pepper rub, mashed potatoes and asparagus. My lobster was good, but no way was this tail 8 oz before cooking. Chip's pork chop was a spectacle of gristle and fat. Despite its huge size he probably got about a half portion due to the bad cut of meat. His potatoes were pretty good. His asparagus were missing, but when he saw the sad little overcooked spears I received, he figured he'd pass. When Richard came back and asked if we wanted a box for the uneaten gristle and fat we told him it wasn't necessary and explained why. To his credit, he apologized and removed the $15 charge for my glass of Groth Sauvignon Blanc, which we thanked him for and appreciated the gesture. When we got the bill I noticed that I was given an additional charge for the asparagus, even though that was not mentioned when he offered the choice of broccoli or asparagus. I should say that the house chopped salad, rolls and maple butter were delicious and that's what made me give 1200 two stars instead of one. Avoid at all costs. Between the noise factor, lack of listed entrees at 7pm and the bs crap with the vegetable, there are many other places that deserve your tourist dollars more.",327,1744,0,0,0.0,0.09,0,0,none,high,"Review describes poor food quality and service issues, but no health or food-safety hazard."
1699,1.0,0,0,0,"We are trying to figure out what item caused the food poisoning. It's between the calamari, the stuffed mushrooms, or my rancid uncooked sausage rigatoni. I think the main issue besides the food is the lack of parking. Oh, and don't give away your silverware during your apps and salad. You will have to wait forever for replacements even though the server was notified when she took the utensils.",69,397,0,1,0.0,0.129,0,1,food_poisoning,high,Reviewer explicitly mentions food poisoning after eating at the restaurant.
5345,3.0,4,1,1,"I like their bread and their offerings of spelt, sprouted grain and rye. The service is very friendly. But I gotta say, twice I have purchased day-old items (with cheese and spinach) and twice I have gotten sick. These items are kept on the countertop when really by food-safe standards they should be refrigerated. They are quite buttery as well, and given Breadland products are organic with no preservatives, the chance of a bad pathogen taking hold is higher. I don't get sick from food often, so def a bad sign. Avoid the day-old pastries, don't make the mistake I made (twice!). Urgh.",103,590,1,1,0.0,0.202,0,1,food_poisoning,high,Reviewer got sick twice after consuming day-old items.
3347,4.0,2,1,0,"Found myself here after last call. It was super crowded, but the staff was great and the food hit the spot. My burger was a little rarer than medium rare, but I was into it. Fries were good. Crowd was annoying, drunk and rude but the cook was CUTE, so no complaints!",52,266,1,0,0.0,0.244,0,0,none,high,No mention of foodborne illness or contamination.
6802,4.0,0,0,0,"A perfectly acceptable example of Papa John's pizza. I ordered delivery to my hotel on a Wednesday night....the guy that took my order over the phone was especially polite and helpful... He even looked up a coupon for me that helped me save some money on my large 3 topping pizza. Delivery was fast... Beat their quoted time by 10 minutes. Only reason for missing one star is because my pizza was a little smashed to one side in the box...while it made eating it a little messy, but it was still hot and tasted good.",96,516,0,0,0.0,0.033,0,0,none,high,Review describes a minor issue with food presentation but no health or safety hazard.
5714,5.0,0,0,0,Great atmosphere. And great burger the Fondu burger was rediculous. The servers aren't bad to look at either.,18,109,0,0,0.0,0.0,0,0,none,high,Review only mentions positive aspects of the restaurant.
519,2.0,1,0,0,"Would like to have sat down for a break and enjoyed a nice latte after shopping. I order a latte from a barista who's allergic to smiling but eager to show off her cleavage (really). According to her she cannot serve a latte in a mug because ""we're closing in an hour."" Granted, this may be the most bomb espresso drink since the beginning of time, but it will not take me an hour to drink it. Regardless I order my drink and it is quickly slid over the counter to me with the same disdain as when I ordered. I get it... long day, youre tired, you wanna go home, the neckband on your shirt is exhausted. But ive had a long day, too, and a properly served latte would have been a nice distraction. Im just glad there are no dishes left for you to rinse. Ahh, nice, you just kicked in the unedited music with grown up lyrics. That should clear the place out on time. By the way, any other coffeehouses around here? You know, for next time.",182,937,0,1,0.0,0.117,0,0,none,high,"Review describes poor service and ambiance, but no health or food-safety hazard."
4700,5.0,7,0,0,"Not really the town you would expect to find a great Indian restaurant, but figured I'd give it a shot. I'm picky about Indian food, and all I can say is WOW it's good! The Naan with peach chutney was amazing. The Lamb Korma was perfect. Perfect amount of spice (too many Indian restaurant set your mouth on fire and you can't enjoy the taste). Not too much, not too little. The rice and lamb was perfectly cooked. Very authentic. The decor is very nice (those chairs in the front are impressive) and staff very friendly. Service was also very quick. I'm relocating to Tampa, and might actually have to make the drive from there a few times to come back. Very impressive! I would definitely recommend this place, even if it's a bit of a drive. It's worth it.",140,758,2,0,0.0,0.036,0,0,none,high,Review is entirely positive with no mention of health or food safety issues.
38,3.0,0,0,0,Don't like the decoration. It looks like a fast food place instead of a sit down restaurant. I ordered lamb curry and it was tasty.,25,131,0,0,0.0,0.174,0,0,none,high,Review mentions no health or food-safety issues.
2807,1.0,0,0,0,"Had the pasta, made me sick :-( not much else to say. Good food nice atmosphere and great view of Chestnut street for people watching.",25,134,0,1,0.0,0.163,0,1,food_poisoning,high,Reviewer states the pasta made them sick.
6722,5.0,0,0,0,"We had just come from a terrible experience at El Molino down the street, and saw this place and decided to take a chance on them, and boy am I glad we did! Very professional and friendly, dressed to the nines (they had some sort of news team recording while we were there), these peeps know 3rd wave coffee! I had a perfect cappuccino, and delightful convo with the dapper dude at the bar. Probably the best coffee experience we had in Tampa, highly recommended!",85,463,3,0,0.0,0.032,0,0,none,high,Review is entirely positive with no mention of illness or contamination.
7041,4.0,0,0,0,"My husband and I practically live here, and have through the past 8 years or so. They have great food, prepared fast, great drink specials.",25,139,0,0,0.0,0.0,0,0,none,high,"No mention of illness, contamination, or unsafe food handling."
5241,5.0,1,2,2,"Truly one of the places where your eyes are bigger than your stomach. And even so you wish your stomach could double its capacity. The donuts here are imaginative and original. I had to come here as soon as it opened to grab some coffee and sample their daily selection of donuts before my seminar started in the morning. New Orleans is known for the buttermilk drop and while I didn't get a chance to try the one at Wink's in the French Quarter, I imagine the ones at District are a good representation. It's a cakey donut hole with sweet icing draped over it. Generally, I'm more a yeast donut fan but those buttermilk drops were delightful. I could have eaten a half dozen, no sweat. But there were other items to try. District has ""croquenuts"" available which is their version of a griddled donut sandwich. I chose the ""Monte Cristo"" for it's sweet and savory combination. Gooey cheese and salty ham between a donut covered in powdered sugar with a hefty dollop of raspbery preserves nestled in the center of the donut. This was a magical creation. Get it if you have the chance. Finally, to top of my donut extravaganza, I chose the Miso Olive Oil Praline Bacon donut. It's a mouthful to say but wasn't to consume. Such a fascination combination of flavors from this donut. I chose it mostly for the bacon but the miso, olive oil, and praline each hit their notes with every bite. Simply wonderful. Not to forget was the the Vietnamese Iced Coffee to wash it all down. It was the jolt I needed to wake me up for this early morning call for donuts. You bet I'll make another (or several) stops next time I'm in New Orleans.",298,1627,0,0,0.0,0.032,0,0,none,high,The review is entirely positive with no mention of illness or contamination.
438,3.0,0,0,0,"Really not sure what the hype was when it opened. It's fine, the ambiance was nice, but the menu is limited and food is nothing to write home about. They are in a nice location so at least if you decide to wait, then you have things to see...",49,242,0,0,0.0,0.074,0,0,none,high,"Review is a generic negative commentary on ambiance, menu, and food quality without mentioning any health or safety issues."
1806,1.0,1,3,0,I went to this restaurant the second week it opened.I had heard so many good reviews I was anxious to stop by and try it out..We ordered the onion appetizer and had steaks.I actually enjoyed the meal. The manager checked in on us and nothing wrong with the service.I have always felt sorry for waitstaff anytime they are called on to perform and this was a corny line dance.Cringe worthy.The problem was all of us in our party of 3 were very sick.Half way home it hit me hard and I was seeking a gas station with a bathroom.My teenage daughter was empting her meal in the parking lot of my savior the gas station with open facilities.Hubby insisted he was just fine and told us we must be getting ill.He was gone for 2 weeks on business and this was hours after he got home so I said we will see.After a half hour home he got hit with Texas Roadhouse Tummy cramps.If he didn't get sick I would have tried it again but too terrified of a repeat performance.,181,956,0,1,0.0,0.071,0,1,food_poisoning,high,Reviewer and companions got severely sick after eating at the restaurant.
3445,4.0,0,0,0,This calzone shop offers an array of calzones and sauces on the side to choose from. There are enough options to offer variety but not so many that younger overwhelmed. The atmosphere is great with several community tables or tables to easily seat larger parties. We went at dinner time on a Saturday and had no problem finding a seat.,60,335,0,0,0.0,0.088,0,0,none,high,The review describes a positive dining experience with no mention of health or food-safety issues.
3982,2.0,2,4,0,"Beer: Excellent. The only reason to go here. However, you can only get one beer at a time, even if it's a 4 oz. pour. The waitress gave me some baloney excuse about how they don't want the beer to sit out that long. If your beer goes bad that fast, you've got a problem. They also have a card that tells you that you should only order a pint of beer if you're really serious about drinking, and they suggest you use caution if you order a pint of beer with an abv of over 7%. Woah, a whole pint!?! Food: mediocre at best. Everything we had could have been better in some way. It wasn't bad, but it wasn't good either. Ceviche was just a scoop of fish sitting in vinegar, street corn was overcooked, crab tacos were dry, burger was decent but small, donut was burnt on the outside. The burger came with a pint of beer (look out). The waitress asked me what kind of beer I wanted. How am I supposed to answer that question when you won't bring me multiple small pours? I'd have to sit there for two hours before I could make a decision. Service: below average. Hostess didn't say a word, I don't know my server's name, and it took too long to get our check. She would not budge on the multiple beers thing. I'm sure that's policy, but I've never been to a restaurant, especially a mediocre one, and been told no for any reason whatsoever. I'm a grown up. I think I can handle two four-ounce beers at once. Overall, this is a pretty pretentious, disappointing restaurant with really good beer. If you've got a bunch of tattoos, a sick new haircut, and like being told how much you can drink at a bar, then this is the place for you. Otherwise, get a growler to go and order a pizza or something.",325,1692,2,1,0.0,0.084,0,0,none,high,Review describes poor service and mediocre food but no health or food safety hazard.
4711,2.0,0,0,0,"As others are writing, the atmosphere is great. I'm surprised this has as high a rating as it does. Probably because many are only drinking. The service was extremely slow on a pretty empty early evening week night. (5:30). Food was mediocre at best. Several people in our party feels it was all microwaved. And to have $$ for the menu price is deceiving. Most everyone in our party thought it was way too pricey. We are quasi-local and will find another place next time. Ps. Waitress was very pleasant.",90,503,0,0,0.0,0.04,0,0,none,high,"Review describes slow service, mediocre food, and high prices, but no health or food-safety hazard."
4582,1.0,1,7,0,"Last night we had party of 4 went to this restaurant for dinner at 8pm. We had ordered a whole lobster and a seafood platter with oysters, clams and shrimps. First, we found that they did not have mussels, so the chef gave us more shrimps. But why don't they be honest and told us earlier! Also, the most horrific part is, we ate the claws of the lobster. Then we opened up the body of the lobster. Then we found a LOT OF green, blue stuff inside the body. We had never seen a lobster with that many green stuff in it, I think it was tomalley. It was DISGUSTING. Then I googled it and found these warnings from FDA. http://www.fda.gov/NewsEvents/Newsroom/PressAnnouncements/2008/ucm116927.htm http://www.webmd.com/food-recipes/food-poisoning/20080728/fda-dont-eat-maine-lobster-tomalley The chef came to our table, trying to say the lobster is fresh and fine and actually people will eat the tomalley. The chefs said the lobster is from Maine. And this is a rare They kept on defending themselves and the manager, was rude to us. But we are cancer scientists and we know all they were trying to defend was invalid. The overloaded green stuff was full of toxins. According to the FDA report, if we ate that lobster I won't be typing this review right now, I would be suffering from Paralytic Shellfish Poisoning (PSP), being intoxicated and we may die if we consumed too much. The manager told me that we should not eat the green stuff, in a rude way. Then I said why a big, upscale restaurant like this is serving toxic lobster to the guests on the table? If they are professional, they should inspect the lobster before serving us! They should not serve anything that may harm the guests!!! Very bad experience. Extremely furious for what we had been treated. The health authority should come and investigate this and get the answer professionally. One lobster can kill not only the restaurant reputation, also can potentially kill someone. Update: I have lodged the complaint to the health authority.",338,2002,5,1,0.0,0.202,0,1,unsafe_handling,high,"Review describes serving of potentially toxic lobster with excessive tomalley, a known risk for Paralytic Shellfish Poisoning."
44,5.0,0,0,0,"Found this place on Yelp. The reviews speak for themselves and are so true. The sandwiches are really tasty. Definitely worth the wait in line. Fast and friendly service. We waited about 15 minutes in line, ordered 4 different sandwiches, filled up our sodas, walked out to our table, and our sandwiches were delivered to us as we say down. We enjoyed our meal.",64,361,0,0,0.0,0.0,0,0,none,high,Review is entirely positive with no mention of health or food-safety issues.
7463,3.0,0,0,0,"Here it is. The famous Imo's Pizza. The pizza, its cheese in particular, is more divisive than the AB-InBev merger. I'm personally a fan of the pizza, and I can prove it by eating an obscene number of slices in one sitting. I've done so at this location more than once because the service is speedy and there's always open tables for you and your guests. If you plan on making a trip, preclear your plans with everyone in your party to make sure there are no provel haters amongst them. They tend to get verbally violent or physically sick at the mere mention of Imo's. That's fine though, more for me.",112,602,0,1,0.0,0.13,0,0,none,high,"Review mentions potential sickness but it's hypothetical and tied to dislike of a specific ingredient, not an actual incident."
2204,5.0,1,0,0,"Been a long time since I've had a local Cuban shop make AUTHENTIC Cubans! This place should have six stars, it's so good! Definitely worth coming to again and again! Really good prices for the quality sandwich they give!",39,220,4,0,0.0,0.0,0,0,none,high,Review is entirely positive with no mention of health or food safety issues.
4467,1.0,0,0,0,"Worst food and poorest service I have had in my 6 years in New Orleans. How anyone could eat this drivel is beyond me. Frankly, the only reason I ate any of it is due strictly to hunger. Experiences like this make me glad I live in the city, and not on the West Bank with low quality places like this. Omelettes are not supposed to be a round piece of egg cake, clearly just poured into a pan and cooked over high heat. In case someone knows the cook, please inform him or her that this combination produces an unattractive mess, for which the diner is treated to an overcooked bottom, and a gelatinous mess inside. I cannot be sure how shredded potatoes can be screwed up any more than they were, but all the salt and hot sauce in the world could not fix them. I suspect, from the rubbery texture and never ending chew, the microwave was deployed in some culinary stroke of genius. My wife's food was not any better. Bacon is meant to be crispy, not chewy. She requested cheese on her grits, but I'm sure that was just a suggestion because the grits were surely delivered without any cheese. The grits were promptly sent back for cheese, to be returned in a bowl resting on a dirty saucer. Servers, instead of chatting with your friends in the doorway,you should check on your table more than once. When someone tells you they have a severe seafood allergy, it isn't because they just felt like sharing. Go tell the freaking people preparing the food! Cooks, please seek life elsewhere. God forbid you inflict your sour craft on anyone else. Managers, stop, just stop. Maybe a career change is in order. I suggest a convenience store deli. Never again, Parrot Pete's, never again. I am sure all of your fans that gladly accept poor service and poor quality will miss you, but please promptly close your doors so no one with a developed palate and any sense of service, is ever inconvenienced again. I am sure that attractive space can be to a much better use.",359,1960,1,1,0.0,0.157,0,0,none,high,Review describes poor food quality and service but no specific health or food-safety hazard.
2945,3.0,1,1,0,"Upon reading the description of the 'Ziggy burger', (there was no warning of pickles) I ordered it and was disappointed. Here's why: It contained pickles, and I am allergic to white vinegar, since I was so hungry, I pulled the pickles out and ate the burger anyhow. I immediately noticed that the burger's only flavor was in the incredibly messy and watery sauce that they put on it. This sauce was pouring down my arms, all the way down to my elbows and onto my pants. After eating, as asked three ladies who were behind the counter, where the bathroom is, stating that I needed to wash my hands and arms due to food bits and sauce all over them. All three of them contorted their faces and looked at me as though I have three heads. Then, with a rude and condescending tone, one of them stated ""We don't HAVE a bathroom, use this anti-bacterial stuff"" I politely declined the chemical-laden anti-bac salve and asked if they had a sink where I could wash the food and sauce off of my arms and hands. They once again, contorted their faces, looking at me as though I am the crazy one. Suddenly, another employee in a white t shirt instead of a green one emerges saying ""Yeah, I don't use the anti-bac salve either, would you like a wet paper towel?"" I thought, FINALLY, someone with some sense. I smiled and said ""Yes, I would appreciate that, thank you"" Anyhow, they lose two stars because the food is just 'ok' and some of their staff are imbeciles.",267,1451,0,1,0.0,0.078,0,0,none,high,Reviewer had an allergy but took steps to mitigate it and did not report any adverse reaction.
1496,3.0,0,0,1,"There was a time when all i wanted to do was have an old fashioned at pub and kitchen, eat some meatloaf and take in my ipod playlist on the speakers. It's changed considerably. i don't know if the food quality dropped with the economy, but even their burgers are failing. The only thing i recently had there with which i was impressed was sauteed swiss char with almonds and cranberries. (It was really well cooked with no bitter and all the flavor, just like char is supposed to taste). Their oysters are good if you're lucky enough to get there on a west coast day, but even then, they seem to get the small batches. A real regret is that whatever bartender made me fall in love with the old fashioned has since wandered into a place of cheap watered down bourbon and cloying bitters. A real shame for a bourbon cherry to go bad in a drink like that. Oh, and who took the doughnuts? Really? Of all the dessert items, you took the homemade doughnuts with chocolate dipping sauce? For shame! I'm hoping that as the winter rolls closer, we'll see the meatloaf again, with mushy peas, and mashed potatoes like a good simple urban hipster bar should class up. For now, meh on all fronts except the neat interior and pretty awesome wait staff.",228,1240,1,0,0.0,0.111,0,0,none,high,"Review describes disappointment with food quality and changes to menu, but no specific health or food-safety hazard."
5688,1.0,0,0,0,I ate here and ordered the steak burritos. I ended up with food poisoning within a few hours. Food poisoning food poisoning food poisoning food poisoning........,26,161,0,1,0.0,0.444,0,1,food_poisoning,high,Reviewer explicitly states they got food poisoning after eating at the restaurant.
6244,5.0,0,1,0,I prefer this Felix's over the French quarter. Much better food here than Brisbi's - they need a drink list. Excellent food & fun on the lakefront!,27,147,1,0,0.0,0.0,0,0,none,high,Review is a positive assessment with no mention of health or food safety issues.
4964,3.0,0,0,0,"Nice starbucks. It has a very large outside seating, but not so much inside. The drinks are made very consistently and tasted exactly the same every single time. However, one thing that bugs me the most is how freezing this place is. They turn the ac up too high and they will never adjust it for you if you ask. I even find myself bringing a sweater or jacket here on summer days. Trust me. It is freezing cold in there to point that I feel a little sick just trying to sit there and study for 15 minutes.",99,506,0,1,0.0,0.077,0,0,none,high,"Reviewer feels cold and slightly unwell due to air conditioning, but it's not a food safety issue."
3219,1.0,1,0,0,"Been coming here for 10 years but have had ENOUGH! Ever since they moved by Starbucks, it has gone down the tubes. Employees are extremely rude and SLOW. They could care less what they are doing and constantly mess up my order and they love to give attitude. They gave me almond milk in my drink instead of soy, when I have a nut allergy. I ordered a acai bowl and there was a prong of plastic fork in there. They did not put bananas on my last acai bowl, when I saw them put bananas on the order in front of me and told me that bananas are not in season...lol. what a joke. When Joe the owner was involved, the place was great. Now he has let the place fall apart. They also love to nickel and dime you.",141,704,1,1,0.0,0.048,0,1,contamination,high,Reviewer found a plastic fork in their acai bowl.
3692,1.0,5,0,0,"I've been twice. The first was for late night dessert. We enjoyed it so much we decided to go back for dinner. Last Saturday (8/4/18) evening we arrived for dinner, two adults and an infant. It was very warm inside and most patrons were fanning themselves with their menus. We ordered the bread plate appetizer, carne asada and braised short rib with gnocchi. The food all had great flavor as we share everything we order. However, The gnocchi were still cold and way undercooked. Having filled up on the bread plate I didn't complain I just didn't continue eating the dinner entree. Fast forward to the next afternoon, when both adults became violently ill. I ended up in the hospital with testing results positive for salmonella poisoning. Not saying it was or was not M&H, but everything lines up. Be careful. No matter where or what you eat. Be careful.",150,857,0,1,0.0066666666666666,0.059,0,1,food_poisoning,high,Reviewer was hospitalized with salmonella poisoning after eating at the restaurant.
4931,3.0,0,0,0,"We live nearby during the winter months from NYC, and this is the closest restaurant. We began to eat at the original El Charro over 40 years ago and were pleased to see this outpost in our neighborhood. We eat at a lot of Mexican restaurants and this one is one of the better. Rarely do we get a bad dish. (But what is this obsession they have with gluten-free? Only 3% of us have celiac disease and should avoid gluten. But their menu is cluttered with silly gluten-free icons.) However, does this place have a manager? It seems to be run by the waiters. Sometimes they seem to disappear for too long a period of time. As a result, service can be disjointed. But they are polite and I'd give the service 4 stars overall. But here is why it gets 3 stars: The place is open weekdays till 9pm, it claims. We eat late and usually arrive around 8pm. Tusconans eat early, so by 8:30 or so, the place is fairly empty. So the waiters come out and start sweeping the damn floor next to us while we are eating, not very hospitable or inviting. Then they ask if we want desert and bring it out with the same hands they swept the floor. Gross The place is still open to the public, some people still eating and the staff are sweeping floors and stacking chairs. THIS IS SO RUDE AND UNPROFESSIONAL. Cannot the staff wait until the guests have left? This is a real slap in the face. I have never been to a restaurant where this has happened, and I have been to hundreds, if not thousands. It's like: ""OK, we got your money. Now hurry up and leave!""",293,1536,1,1,0.0,0.12,0,1,unsafe_handling,high,Waiters handled food with the same hands used for sweeping the floor while customers were still eating.
6937,5.0,0,0,0,"First time trying this place. I'll be back for sure. Everything ordered was very good! I think it'll be my next stand by, go to place for an inexpensive, good and tasty meal",33,173,1,0,0.0,0.0,0,0,none,high,Review is entirely positive with no mention of health or safety issues.
4609,2.0,5,3,1,"Wow. Where to start? If you don't know, this hotel is in its own zip code - about the size of the community college I attended. Luckily, I was pre-warned of its labyrinthine layout and sprawling floor plan far in advance by a colleague - who mentioned that she never set foot outside in her week of staying here, because, simply, you don't have to. Bars, restaurants, convention center, shopping, coffee, hotel rooms are all on site, encapsulated in a Biodome-like atrium with a glass ceiling. An entire ecosystem exists indoors, including a winding shallow river (complete with river boat tours) and real plants, trees and various flora throughout. Sunshine streams in from the ceiling and it's pretty cool in that way. But that floor plan. My (and just about anyone's) biggest complaint would have to be that you must do a series of maneuvers to get from A to B, even if you can see B from A directly in front of you. Shorts sets of stairs, ramps, elevators, bridges, rivers, etc. block the most direct path to anywhere from anywhere. Fine if you're a family on vacation and in no particular rush - but if you're there for a conference (as I'm sure 80 percent of the people here are) that is a huge pain in the ass, which only pisses you off more the longer you're there. P.s. there are shortcuts that I discovered on my fifth day...FIFTH day. Another warning: Cascades Terrace Lounge (the open bar right at the Cascades entrance) *moves.* Yeah, it spins, ever so slightly. It's made up of two circles - the inner being the circular bar with belly-up seating, the outer being lounge tables and sofa chairs for sharing a more intimate drink. The outer circle spins slowly - a fact I noticed when having a drink by myself the first night at the inner circle bar. It's hard to explain the dizzying, disorienting effect this had on me: have you ever been in a car a stop light, and the car next to you starts rolling forward? You see it in your peripheral vision and for a split second think your car is moving and it makes you confused and slightly sick? Imagine that split second lasting about a full minute as you go ""Am I moving? Where's a stationary object? No, we're not moving in here, but outside the bar is moving? Are we rocking because the bar is like a barge on this fake river? No, we're definitely moving in a circle... but not everyone is moving. Hmmm...am I about to have a stroke?"" This, of course, is exacerbated by booze, no less. Cascade Terrace, you can take your novelty spinning and shove it. What else... the shopping is nothing special - a ""book store"" that was actually a stationary store with a few novelty coffee table books inside. Who wants to read a coffee table book while traveling?? A few more boutiques that cater to grandmothers looking for clothes for themselves or gifts for their 6-year-old grandchildren. A toy store. The convention center. I feel unfair having just been to the awesomely re-done Phoenix Convention Center, with its updated color scheme and prints. This was probably last done in the early 90s. Gold, orange and green are the themes, including heavy, metal and cushion chairs that rank a ""could be worse"" on the comfort scale. Carpet had a loud print that reminded me of a Vegas casino in need of an update. Sound system worked alright and no issues with AV in any of my sessions. Kudos to the water at the back of the rooms in one of those big jugs that gets chilled so I can fill up the one plastic water bottle I bought that lasted me the entire trip over and over.",639,3523,0,1,0.0,0.097,0,0,none,high,"The review describes complaints about the hotel's layout and amenities, but does not mention any food safety issues or health hazards."
1633,1.0,0,0,0,STAY AWAY!!!Worst place ever to eat!! I got food poisoning from this place. Not just this but the prices were too high for the quality. The service was so bad as well as the atmosphere. Guests in jeans & flip flops & a couple real dressed up?!?!? This place needs to be shut down!,54,280,8,1,0.0,0.215,0,1,food_poisoning,high,Reviewer explicitly states they got food poisoning from the restaurant.
1385,1.0,0,1,0,"Hey, do you like getting food poisoning complete with diarrhea and projectile vomiting? Then stop in today and order anything, especially an animal product that needed to be cooked thoroughly, and served on an untainted dish by an employee that probably didn't wash their hands after a bathroom break.",49,301,0,1,0.0,0.112,0,1,food_poisoning,high,Reviewer explicitly mentions getting food poisoning with symptoms.
3048,1.0,2,0,0,"Ate here last night with a few girlfriends who had never been, I was here once prior and if I had to guess I'd say this place is failing ... Food was not good at all, I thought it was just ok a year ago for the record. The other thing that was odd was that no one was there on a Friday night. It was 35 dollars for the Risotto lobster shrimp dish that was basically all risotto and 5 hunks of seafood ... I felt sick when I saw the bill and I'm not normally cheap. Will not ever return , don't waste your time or money , plenty of great byob Italian places in Collingswood !!",119,575,2,1,0.0,0.115,0,0,none,high,"Reviewer felt sick about the bill, not due to food consumption."
1426,5.0,1,0,0,"Sublime! Came here on a recommendation from a NOLA native friend and was not disappointed. Everything we ordered was incredible and our server Gary was excellent. Great cocktails, amazing appetizers (tuna tartare, hamachi curry, marinated shrimp I strongly recommend this restaurant, definitely will go back next time I visit New Orleans.",51,338,1,0,0.0,0.0,0,0,none,high,The review is entirely positive with no mention of health or food-safety issues.
1105,4.0,1,0,0,"This is an excellent restaurant, and an excellent addition to the neighborhood around Rittenhouse. We dined here last night, and were very happy. The ambiance and interior design are top notch. It's very impressive how the space has been transformed from the previous tenant. The food was outstanding, which is unsurprising considering the chef's pedigree. We had two lovely cocktails and a whole fish that was perfectly cooked along with a terrific short rib play on stroganoff. The only reason I'm not giving five stars is that those cocktails and two entrees ended up costing $140. The Love is really good, but it's also surprisingly expensive. Entrees are priced in the $30-$40 range and appetizers and pastas are not far behind. The Love bills itself as a neighborhood restaurant, and it would be, perhaps, the platonic ideal of that if the prices dropped by a third. As is, it's as expensive as any non-tasting menu restaurant in Philly. Is that worth it when you can eat for less up the block at Vernick, etc? I'm not totally sure. I'll definitely be back, and I hope the menu prices find an equilibrium with the awesome vibe and food--I'd love to make it a real regular haunt.",205,1184,0,0,0.0,0.046,0,0,none,high,"Review discusses price and ambiance, with no mention of food safety issues."
548,2.0,1,0,0,"When I was in high school (11 through 15 years ago), I used to eat at Gullifty's maybe once a week. In retrospect I have no idea why, especially considering I couldn't even take advantage of the bar. It was probably because at the time I just ate pretty much chicken fingers, burgers, and maybe the occasional sandwich. Having gone more recently, not much has changed. If you're looking for anything more than basic pub food, skip it. It's mediocre. Also, I sat out on the patio once and what I ordered had stuff in it that was not listed in the ingredients on the menu (specifically roasted red peppers, which I hate). Luckily for me it's just a taste thing, but they need to be careful about that for allergy reasons.",132,719,0,1,0.0,0.024,0,0,none,high,"Reviewer mentions unlisted ingredient, but it was a taste preference, not an allergic reaction."
7244,3.0,3,2,3,"Food was generally pretty good but not my preference. Sea Bass Ceviche - was well done but did not blow my socks off. Platter - pork was really moist and tasty. Chicken was on the dry side, obviously slightly overcooked. But for a rotisserie restaurant, you should be on point with any meat that goes on. Tamales - very tasty, more classic Mexican, more towards the type of Mexican food I prefer Meatballs - they were ok. Tasted like a meatball from a different country. Not overly dry but not melt in your mouth either. Atmosphere - casual Food - not my type of Mexican. For me average Wine - mostly South American which makes great wines. Anything rated ( fro my rating ) 4 stars and up, I would make an effort to be back. Read it how you may.",141,745,0,0,0.0,0.0,0,0,none,high,Review describes food quality and personal preferences without mentioning any health or safety issues.
4170,3.0,0,0,0,"not a bad little burger joint. i got the bacon cheeseburger. bacon was cooked perfect and had the perfect thickness. bun had a really great toasted crust. fries were good, as well as the chocolate shake I had. 3 complaints, i wish the burger was more juicy, I wish I wasn't paying so much for the tiny burger portion I was served, and I wish I didn't leave the place smelling like burger grease.",74,395,0,0,0.0,0.051,0,0,none,high,"Reviewer complains about taste, price, and ambiance, but does not mention any health or food-safety hazard."
1531,2.0,4,0,0,"Do Not Eat On Bourbon St....advice from the locals I wish we had before we stopped here. Would have maybe been a 3 star since the food and service were alright. Would have been a 1 star if I knew for sure this is where I got food poisoning. I wish I knew for sure, but I either got food poisoning from here or McDonalds...so i can't be positive but we think that gator slider was not prepared correctly. We were sick for days. Even so, the food was bland, nothing compared to other places we tried. The service was slow and the place was crowded and just not as nice as other restaurants in the area.",117,600,0,1,0.0,0.179,0,0,none,medium,Reviewer suspects food poisoning but is uncertain about the source.
4643,5.0,0,0,0,"Great vegetarian and organic menu, friendly and helpful staff and delicious coffee! I'm definitely coming back",16,110,1,0,0.0,0.0,0,0,none,high,Review is entirely positive with no mention of health or safety issues.
5409,1.0,0,0,0,"I was just at La Collina on Friday night and the food was awful. I got a shrimp & rice dish and was sick the next day. Huge disappointment after going to the restaurant for years! To make things worse, I was it even going to write a review but I decided to call the restaurant and I spoke with Enzo. When I explained nicely that I wanted to let them know the food was not very good, he demanded I be specific. I told him everything was not good, he then hung up on me. Nice way to treat patrons.",101,495,1,1,0.0,0.167,0,1,food_poisoning,high,Reviewer explicitly states they got sick the next day after eating at the restaurant.
406,1.0,1,1,0,"Let's start with my first impression ... it wasn't great. On the door walking in there are images of the credit cards they accept but when you walk to the counter there is a hand written sign that says something to the effect of we do not accept credit cards use the ATM next door. I told my husband we would need to go elsewhere to eat then. At this point some guy came up to take our order, we commented on the credit card thing and he gave ranted at us for a good while about giving away money because the rate was 3.69% per sale and he cant afford to pay it and the electric and this and that. Like ok whatever dude, you're in business as is the bank you agreed to their terms and conditions when you had it installed to run your business. He then handed us a menu and said we could order it off of the web from foodcab.net. At this point I was pretty much over this guys bad attitude and wanted to just walk out of there but my husband was pretty upset as he really wanted BBQ so we ordered off line from the foodcab.net since we could use our credit card. When we finally got the food to us it was bland and dry. even my cat turned her nose up too it. The corn bread was less like a side dish and more like a dessert. I physically feel ill after eating this slop as does my husband.",260,1288,0,0,0.0,0.047,0,1,food_poisoning,high,Reviewer and their husband got sick after eating the food.
3839,3.0,0,1,0,"Wait staff is great, food good, music good sometimes....stage eh...., musicians don't dress laid back , crowd diverse. Not that good for dancing",23,144,0,0,0.0,0.0,0,0,none,high,"No mention of illness, contamination, or unsafe food handling."
908,2.0,0,0,0,"The first time we at here, my husband and I declared it to be our favorite Thai in St. Louis (though, that's not saving much considering I've been hard pressed to find anything rivaling even what I've eaten in Oklahoma City). We visited for the second time, though, and will NEVER be returning. When we came in, we waited a FULL five minutes before being seated. Another five passed before our waitress appeared with menus. We already knew what we wanted, but she ran away so fast, we couldn't put in our order. When she came back 10 minutes later to get our drinks order, she refused to even TAKE our food order saying she'd ""be right back."" While we waited on our Thai Iced Teas and waters, another party arrived. They were greeted and seated and provided their drinks and appetizers all BEFORE our waters ever arrived at our table. By the time we placed our food orders, these people were being brought their main dishes and chatting happily with another member of the waitstaff. When our food FINALLY came, it was terrible. My husband's curry was not only runny and bland, it had a slick of oil on top. My panang curry was also bland as well as being GRITTY. The food was unpalatable, but we were sick of being there so we flagged the waitress to get our check. I will NEVER return to this place and will warn others not to come here. I would have given only 1 star, but the first time we came, the food was fantastic.",264,1422,0,1,0.0,0.05,0,0,none,high,"No description of illness, contamination, or unsafe handling."
6969,4.0,0,0,1,"Went on a Tuesday night for a couple of drinks. It's the perfect relax, chill place to have some beers over nice conversation. They are pretty laid back and you can sit either inside or outside by their porch, which sometimes can be super crowded. I will definitely be back!",50,274,1,0,0.0,0.0,0,0,none,high,"No mention of illness, contamination, or unsafe food handling."
371,2.0,2,0,0,"As a patron with Celiac Disease, I appreciated the option to order the egg scramble. As delicious as it sounded, however, my eggs were cold when they arrived. Yuck. Our server was also not friendly or welcoming. I asked his recommendation of coffee, and he responded with a curt, ""we have coffee... and coffee"". Will not return",57,327,0,1,0.0,0.082,0,0,none,high,No adverse event or food safety issue described
5310,2.0,2,1,0,"Was a huge fan! But I should have know something was a miss when we sat down. First off let me say that I really like there food! I was so excited to show my friends a great Greek restaurant in Philadelphia ( as I managed one in NJ ) I had to use the rest room there was no toilet paper. Hey it happens!! There was paper towels instead. I told the waiter. Then when we asked for more bread and oil the server said NO I don't want you to fill up on bread! I have never been told NO by a server when asking for more bread 30 years in the business as a chef and manager I was appalled and embarrassed. Next he forgot my friends diet coke no big deal. I had to ask for pita 7 times which they do charge you for. No problem I don't mind paying but when I tell you to bring out lots of pita we are pita people bring it out! Our one guest is limited to certain foods so she orders salad and never comes. Waiter ( order taker) looks at us like we are lying and says we never order it. We get more dips xtra octopus I have to tell you I have been cooking and managing for years the food here is good Greek food. I started to feel sick I ate dips, octopus and artichokes as my meal. I went to the ladies room and got sick. Again no toilet paper. Again on my way out I paid cash and generous tip ( which should be lower due to the smirking order takers) I said to him I told someone about the no toilet paper he said there is paper towels cause we ran out! Are you serious? Go to the store and get some! 2nd reason I won't be back. We then leave. One more person gets sick eating the dips after ordering a second fish roe dip. The 3rd gets sick 2 hours after him. The 4th got sick an hour after. The only one that didn't get sick was the person who didn't eat any dips. I called and who ever answered the phone seems not to believe us. It happens in every restaurant I understand you get defensive it's natural. I really love there food! But I won't be back and it's not so much we got sick all 4 of us. It's because of the wait staff. Being told NO for bread was wrong. I'm paying for that bread it isn't free it's worked into the bill. Plus you don't tell a guest NO. The no toilet paper really bothered me when the server said they were out. Go buy some. Health Hazzard plus really you are asking ladies to use paper towels. Forgetting our coke was okay it happens. But forgetting someone's dish for there meal is something else. ( there is another review about this) I'm saddened by the turn of events that happen last night. I won't be paying cash anymore either I learned my lesson. If I paid by card I would have canceled it due to us 4 getting sick. So they are lucky I paid cash. The bill was low 105 $ but it was all apps. I gave 26$ tip. ( always tip cash for servers because they sometimes have to wait a week to get there tips) Again love the food just won't be back. They need to tighten up on line checks and temps and rotation of products so people don't get sick. I wouldn't question if it was just me but 4 of us??",616,3021,9,1,0.0,0.188,0,1,food_poisoning,high,Multiple people got sick after eating the dips and other food items.
1477,3.0,1,1,0,"District, your staff is always super nice. The owner who is always there is also very nice and always greets us. Your coffee is good and that Miso Praline breakfast sandwich is like the blood of virgins between two biscuits. One of my favorite things to eat. Ever. Your donuts are always a treat, who doesn't like a damn donut? Maybe a gluten free vegan? But what the hell do they like anyway.... Contrary to what I just wrote, I don't really visit anymore. We got really sick of paying close to $30 to get breakfast from a donut shop that isn't full service. Also, the last time we went there I called in an order and waited in line to get it. While I was in line, I saw a lady tap a man and his daughter on the shoulder while they were eating their donuts and ask them, ""Excuse me, is that good?"" First of all, let this man enjoy a donut with his child in peace. Secondly, what the hell do you think? It's a chocolate donut filled with rice pudding. You like donuts? You like chocolate? You like rice pudding? Badda fucking Bing Bozo! It's a $2.50 investment. Donuts are like a roll in the hay, even when it's bad, it's good. Clearly that experience made me realize that my neighborhood donut shop is frequented by tourists with dumb questions and intrusive behavior. I'll probably go back at some point on a slow day, but if anyone interrupts my snarfing session with a dumb question about a glazed donut, I'll let one out that's so vile, the whole place will be forced to evacuate.",278,1485,1,1,0.0,0.138,0,1,none,high,"The reviewer mentions getting sick of the high price, but also describes a specific incident where they saw a customer being asked a question while eating, which led to a realization about the shop's clientele."
1230,5.0,1,0,1,"They have some ridiculous number of martinis featured...I think it's 500 (give or take a 100). They also have petron margaritas, which you can purchase in pitcher form. Let me repeat: GIANT PITCHERS OF PETRON POMEGRANATE MARGARITA GOODNESS! Why are you still sitting there? Prices are reasonable, but not cheap. That shouldn't stop you. Also, the people that work there offer fabulous service and are willing to hold your hand while you wade through the menu (if they have the time...these girls are busy!)",84,506,2,0,0.0,0.019,0,0,none,high,"No mention of illness, contamination, or unsafe food handling."
1671,2.0,0,1,0,"The service was good, so that's why I gave it 2 stars, but sadly I got food poisoning. Within the hour of leaving there my stomach began to hurt and about an hour later I was vomiting. I have now spent the past 2 days sick in bed. Not able to hold anything in or down. All I ate was the chicken and steamed rice. I will NOT be going there again.",72,345,0,1,0.0,0.228,0,1,food_poisoning,high,Reviewer explicitly states they got food poisoning after eating at the restaurant.
5430,3.0,0,1,0,"Here's the deal. It was a day before Father's day, a Saturday. We were driving back from San Francisco. Sat at the bar with my husband, son, daughter. I was feeling sick so we ordered mostly sushi for my husband and son. The bill was $92.00. When I was paying the bill, the manager says, next time you should ask for the Friday and Saturday EAT ALL U CAN SUSHI and ROLLS. Now you tell me I thought. If he had excellent customer service skills, he would a. Tell us about the SPECIALS; b. He would give me the price for the specials $22 per person even if we didnt EAT ALL WE CAN SUSHI. Simple courtesy and sincere customer service skills are hard to come by these days; it's all about MONEY and PROFIT. I even bought a gift card for a friend before I was given the bill. And the manager didn't care to let us know or give us credit for a special we could've taken advantaged of. Am I asking for too much? Freya N.",179,912,0,1,0.0,0.039,0,0,none,high,"No description of illness, contamination, or unsafe handling."
4617,5.0,0,0,0,"Obviously they are doing something right since they have been around since 1958. Great soft serve and scooped ice cream cones, boats, floats and sundaes. Prices great too. Enjoy!",29,178,1,0,0.0,0.0,0,0,none,high,"No mention of illness, contamination, or unsafe handling."
78,2.0,0,0,0,"Unfortunately I cannot split the rating between food and the service. I was down here for a week and was sick of seafood, decided to grab a burger. Ordered a Bloody Mary , and engine #29 burger. Both were fantastic, bad part is I was out of drink when she brought me my food. And I might note it was a jalapeño burger. Needlesss to say I say there sweating like a pig while she fiddle-farted with some frat boy customers. She finally checks on me after I had finished my burger by about 20 mins. I went ahead and ordered another drink to put the fire out. When she slides me my drink, she also hands me the check. I ask her if I can split the liquor from the food, (for business purposes)and she sarcastically comments ""sorry, might have been able to if you had warned me earlier"" .....damn, at the current level I was surprised I got my tab at all, much less had to earn her. Also, before I left, the management was having a f##k you contest with a customer they threw out. Again, good food, but crappppppppyyyyy service.",194,1022,0,1,0.0,0.07,0,0,none,high,"No description of illness, contamination, or unsafe handling."
2675,5.0,2,0,0,Great tour! Very informative (our tour guide Raymond was awesome!) and the food stops along the way were very delicious. Definitely worth the time and money.,26,157,2,0,0.0,0.044,0,0,none,high,"No mention of illness, contamination, or unsafe food handling."
6014,1.0,0,0,0,Got carry out here Saturday night. Small portion of steak for the $. Sushi was good. Husband and I both had spring rolls. They looked fresh but we both got terrible food poisoning. At the hospital now. Not going here again.,41,223,0,1,0.024390243902439,0.191,0,1,food_poisoning,high,Reviewer and their husband got food poisoning after eating at the restaurant.
3526,1.0,1,0,0,"Pretty slow service and the waitresses aren't very kind. I guess I was expecting something different at a diner with high ratings but I understand it's in the middle of a tourist area. However, service should be a priority. Something that really bothered me was how much trash was left on the floor of the outside deck- it all has the potential to blow right into the ocean. NOT OKAY. I had to stand up several times to grab straw wrappers and napkins before they blew into the water. If you're going to have a waterfront/beach front business, be responsible about it. It would be a very easy fix-just a screen on the bottom of the fence. The food was good but I won't be back.",126,677,0,0,0.0,0.063,0,0,none,high,"No described illness, contamination, or unsafe food handling."
3497,4.0,5,0,1,We order food for the office from here all the time. The food is healthy but doesn't taste bad. They offer a variety of foods from chicken salad salads to peanut butter and jelly in peta bread. They also offer soups and smoothies. They deliver right to our office floor.,50,270,0,0,0.0,0.0,0,0,none,high,"No mention of illness, contamination, or unsafe handling."
1512,5.0,1,0,1,"Let me be frank and say I am a universal Schlafly fan. I like the Schlafly family, their products, each restaurant, and their presence in the St. Louis community. This review is based on several experiences. Bottleworks: Great beer and a nice atmosphere. You can bring your entire family, a group to watch the game or have a quiet date night spot. Food is of great quality and nice quantity. Waitstaff are some of the best in the City. I have never ever been disappointed with a server, manager, buser or host. One time a buser overheard my dad talking about a particular beer that was no longer on tap for the season. My dad was bummed because he had just discovered it and wasn't able to find it anymore. 15 minutes later the young man dropped off a mini-pint at our table and told us he had looked and found a tiny reserve in the back. Super impressive and wayyy beyond the call of duty.",166,890,0,0,0.0,0.012,0,0,none,high,"No description of illness, contamination, or unsafe handling."
2337,2.0,1,0,0,"There were two occasions were I didn't see people working washing their hands. Both were when I sat at the bar to sit, so I was there for about an hr each time. One time, the cook with long, greasy hair and a small trimmed beard did not wash his hands ONCE. He continually touched the sliders by the sides I guess to make sure they were warm. But he did it with other sliders. My friends, that's called cross-contamination. That was one example. They don't wear gloves. The cooks with long hair have their hair exposed. I wrote to district about it. They never responded. Then, I wrote a review with a picture showing the people working putting their shoes on the counter (See Instagram). However, the review was taken down. This says a lot about the establishment. They keep their griddle clean around the kitchen, but I'm sorry, that's not enough. Plus it's unprofessional. These people obviously don't care, because they have swarms of tourists visiting every weekend. If you're kitchen is exposed, you have to own up. There's a number of health violations there. If you don't believe me see Jenni C's report from DC. My suggestion for locals is to take your money elsewhere to other, better establishments throughout the city. Tourists, ride with caution.",219,1259,0,1,0.0,0.074,0,1,unsafe_handling,high,"The reviewer witnessed a cook not washing his hands and touching multiple sliders, potentially causing cross-contamination."
3857,1.0,3,2,2,"My wife and her friends returned to try this place again and her report is that it's worse than before. The staff is a bunch of inexperienced kids for whom this must be their first job, the food is still crappy (but not microwaved, the owner will tell you that), and the bathrooms and tables are still dirty. What can you expect from a place that got dinged by the board of health for cooking with camp stoves? Save your money, the place isn't learning from their mistakes.",88,473,0,0,0.0,0.123,0,1,unsafe_handling,high,"The reviewer mentions a past health inspection issue with cooking with camp stoves, indicating a history of unsafe food handling practices."
5264,3.0,0,0,0,Nice big patio that's great for a beer and french fries on a sunny day. There's a hospital a couple blocks away so expect sirens screaming in your ear the whole time.,32,166,0,1,0.03125,0.127,0,0,none,high,"No mention of illness, contamination, or unsafe handling."
1778,3.0,0,0,0,"Was in town looking for breakfast places and this place had a super high rating. I'm pretty picky when it comes to ordering biscuits and gravy because I like the way I make them. Lots of sausage in the gravy and a bit of pepper. I gave it a try. The sausage gravy was very tasty as was the orange juice. I didn't enjoy the biscuits. They were very hard and smothering them in gravy didn't help much. I also thought this place deserved more than one dollar sign. It was a bit pricy. All in all, pretty good.",99,506,0,0,0.0,0.087,0,0,none,high,"No description of illness, contamination, or unsafe handling."
1400,2.0,0,0,0,"Not a good experience. When I went up to the sauce station to get the cilantro garlic sauce there was hair in it, which completly made me lose my appetite. When the server/floor attendant came and dropped off my food, I asked how he was doing and he said he was sick but fine. Not cool to have a sick person working especially around food. Lastly, the chicken avocado wrap and fries he brought out to me were cold. Sucks that it was bad service because I work close to the location and its very convenient. Will not be returning.",100,529,0,1,0.0,0.188,0,1,contamination,high,"Reviewer found hair in the sauce, indicating physical contamination."
3651,1.0,0,0,0,"I live close to here, and wish it could be a ""go-to"" place for me. On paper it sounds great, but in the real world it is lacking. Service is always slow, and for no reason. I have ordered several different options, but have felt sick every time I've eaten there. Would not recommend.",54,283,0,1,0.0,0.164,0,1,food_poisoning,high,Reviewer explicitly states they felt sick every time they ate there.
1910,2.0,0,0,0,"Ate here once and that was enough, there meat was not cooked all the way and I got food poisoning. Bad Idea.",22,108,0,1,0.0,0.278,0,1,food_poisoning,high,Reviewer explicitly states they got food poisoning after eating undercooked meat.
6453,1.0,0,0,0,"My son and I were visiting NO and stop in for dinner both sharing the food. The food was just OK. However with that said, the next morning we both woke up sick to our stomachs. No not great!!!",39,192,3,1,0.0,0.287,0,1,food_poisoning,high,Reviewer and companion got sick after eating at the restaurant.
4111,1.0,0,1,0,"We just tried to have breakfast croissant sandwich there , BAD. Maybe this place should stick to coffee only? We ordered a croissant sandwich with bacon and cheese and egg on one and my boyfriend got sausage and egg. The eggs weren't cooked properly, all gooey and wet. The bacon was not cooked. The sausage was red inside. Browned on outside and that's it. DISGUSTING. We threw out our sandwiches and walked out. And it was 11 and change for these two. We could of gone to crappy McDonalds for sandwiches that also suck but are at least cooked all the way. And cheaper. I don't care how much something is but I expect it to be cooked and not get sick from it. This is not good freshly cooked on a grill or griddle. Two summers in a row and the place is always dead. Now we know why.",150,783,0,1,0.0,0.136,0,1,unsafe_handling,high,"Reviewer describes undercooked eggs, bacon, and sausage, which poses a risk of foodborne illness."
2385,5.0,1,2,1,"Happiness is: warm cheese dip, fresh tacos made to order, and a bucket of beer. I f'n love this place. Don't compare it to authentic Mexican food, because that's not what it's trying to be. Satco is Satco, and you are a commie if you don't like it. There, I said it.",52,266,0,0,0.0,0.037,0,0,none,high,"No mention of illness, contamination, or adverse event."
4947,1.0,0,0,0,"I couldn't wait to try this place. I had heard so many good things about it. Unfortunately, the place did NOT live up to the hype. I'll be honest, even if I hadn't heard anything about it beforehand, my opinion would be the same. I was greeted by an absent-faced server whose face only changed to a puzzled look each time I asked a question. I was a little suspicious because the place smelled stale and salty and there was NOBODY in there but a drunk couple at the bar. It was dimly lit and sports news was on both tv screens. The table layout is cold and uninviting. I ordered the chicken and waffles. I was pretty excited to dig into it as it looked pretty appetizing, but that was fast lived. The waffles were chewy and warm. Thankfully the butter was already out on the table warm, soft, unrefrigerated, or it would not have been spread well. There was a handful of syrup containers on top of it all. It's my first chicken and waffles experience so I'm not sure if that's the standard, but it was a little off-putting knowing someone's hands had been all in that container of syrups and they were thrown directly on the food. Still, I thought I'd have an open mind as it smelled pretty damn good. First bites of the chicken were great! Nice and crisp when you bite into it. The waffles were dusted nicely with powdered sugar. Unfortunately, about half-way into the first piece of chicken I noticed it wasn't fully cooked. In fact it was pretty darn pink. I think it might have been a wet-batter because it still had that sort of freshly dipped smell and appearance. I stopped a guy worker who was walking by carrying a shipment and told him that the chicken was undercooked. He said it is the same time every time- in other words, the chicken is on a timer. Perhaps it's a total fluke, just one piece of chicken undercooked, I mean, it's a thigh, it happens right? I pulled apart the two other pieces (legs) and they looked pretty good, so I told him those were fine and he offered to make me another one. I continued to eat and noticed the seasoning was really uneven. I got a full mouthful of what I think was file' and it got worse from there. As I got closer to the bone I noticed they were both undercooked. I was busy watching the tv and failed to notice that I had been eating undercooked chicken! UGH. I told the server about it and that the guy told me he was making me another piece. I told her to tell him not to bother, that I was not interested in any more undercooked chicken. I also asked if she could please bring it to the attention of the manager. Not once did she apologize or ask how she could make it right. I had also ordered a side salad. It comes with lettuce, shredded cheese, onions, and tomatoes. It was fresh, but the cheese looked like it had been sitting out. It was clumped together in sections. When I said I didn't want the other chicken she took my salad away and came back with the check! I paid the bill and asked about my salad. She said OH did you want me to wrap that up for you? I said yes, but when I got outside it occurred to me that the container (It comes in a foam container) was probably in the trash and pulled back out to send it with me. Anyway...After I paid, I looked at the way it's priced out. It is a 3-piece chicken and biscuit meal with the a side of waffles for $4.50. I might not have a problem with the breakdown, but if you're gonna charge me for a 3-piece meal that should come with 3 pieces of chicken, a biscuit and a side, I better get that, not just chicken and waffles! I was too tired to say anything. I was too busy worrying if I might get sick. I'm writing this from bed hoping that is not going to be the case. If you are on the fence about this place, jump off fast and run the other way! For $20 I could have had a great a steak dinner down the street! Seriously though, RUN!",744,3853,7,1,0.0,0.066,0,1,unsafe_handling,high,"Reviewer ate undercooked chicken, which was acknowledged by the server and a worker, and was not properly handled by the server after being informed of the issue."
403,3.0,2,0,0,"After a week or so of trying to get to Khmer Kitchen, My friend and I finally found them open and got the chance to try it, turns out they were renovating or something even though it wasn't posted anywhere on their door/gate, website or on their voice mail but it was still very exciting to find them open. The place itself isn't all that big 10 tables or so sitting about 24 people. I only found the place because of Yelp and it was the only restaurant around with the best reviews. After sitting on some chairs next to the front door for about 20 mins, we got a table and I proceed to order the dishes with the most fanfare - The Prah-Hok Kateeh is truly excellent and fun to eat, each raw vegetable you use to dip into the ground pork bring out a different combination of flavor. The papaya salad is sweet and crunchy, the spice makes you sweat. The Sah-Lok Kar-Ree Mohn is tasty and also a tad too spicy. It's generally a great meal but the components can be a little over the top and also since I'm slightly allergic to MSG, I got a little uncomfortable after the meal. Good tasty food but I might not be able to come here too often especially if I have to wait longer during non-week days.",230,1195,0,1,0.0,0.021,0,1,allergic_reaction,high,Reviewer explicitly states they are allergic to MSG and got uncomfortable after the meal.
5813,5.0,1,0,1,"101 was delightful! Stopped by after working up an appetite running errands in town and we happened to show up during happy hour - two for one drinks (possibly also applies to alcoholic drinks, but we both got boba teas instead) The scallion pancakes were a perfect appetizer. They came out hot, crispy, and a little oily, delicious. The tonkatsu chicken and fried tofu bao were both delicious. All the condiments on their bao make for a sort of savory, sort of sweet flavor combo (cilantro, sweet sauce, and a few other things I don't remember off the top of my head) The popcorn chicken was also excellent. Tiny, very crispy bits of chicken served with rice and a potato salad. I didn't try the potato salad, but heard it was more of a macaroni salad. I highly recommend Taiwan 101. Food is cooked quickly, staff are nice, and everything I've tried so far is absolutely delicious.",157,882,1,0,0.0,0.008,0,0,none,high,"No mention of illness, contamination, or unsafe handling."
849,4.0,0,0,0,"We have been here twice for brunch and have enjoyed it immensely. Everything we have tried has been delicious, particularly the grits with scallions and sour cream. But the room is always freezing so be sure to bring a sweater!",40,227,1,0,0.0,0.036,0,0,none,high,"No mention of illness, contamination, or unsafe food handling."
2042,1.0,0,0,0,"Probably pretty good place but went there once, had very tasty apps at the bar and the next day we were both sick. I emailed corporate but they never responded. Prob have to recommend against this place for the aforementioned reasons.",41,234,0,1,0.0,0.093,0,1,food_poisoning,high,Reviewer and companion got sick after eating there.
125,2.0,2,0,0,"We went here on a Saturday night for a pre-mothers day dinner. The service was nice. That's where the 2 stars come in. I wanted to eat on the lighter side so I ordered the salmon. You think I would know better because its a steak house. My salmon was dry and bland. The waiter told me it came on a vegetables bed of carrots and spinach, but she didnt inform me of the chick peas buried under the salmon . Which I am allergic to. So I spent the rest of my night sick and in the bathroom. I really did not enjoy the meal. 4 out of my party of 7 enjoyed what they ordered. But I don't think any if us want to go back.",128,614,0,1,0.0,0.086,0,1,allergic_reaction,high,"Reviewer had an allergic reaction after consuming chickpeas, which were not disclosed by the waiter."
5692,1.0,0,0,0,"We visited once and were very disappointed in my veggie pizza and my husband's sub sandwich. The tomato sauce was not tasty, and they did not use enough cheese on my pizza. The dough looked and tasted like it was prepared by a machine. Perhaps they have improved, but we are not in any rush to try a second time.",60,312,0,0,0.0,0.036,0,0,none,high,"No description of illness, contamination, or unsafe handling."
231,1.0,4,0,0,"First time I tried this place, I wasn't totally disappointed... Average food. Gave it a second chance- big mistake. The food tasted like cleaning products, and smelled like bike seats. My wife and I both had...... Got sick. Never again.",40,236,0,1,0.0,0.13,0,1,food_poisoning,high,Reviewer explicitly states they got sick after eating at the restaurant.
6551,1.0,0,0,0,Worst service I've ever had our waiter was very rude saying we can in late when we came in an hour before closing he gave us an attitude the whole time we were there also messed up a few orders. These people discriminate against college students and it's horribly sick. We then reflected his service in his tip which he would have expect because of how rude he was. I highly discourage anyone think being about dining here unless you want to be harassed by the service.,87,469,0,1,0.0,0.254,0,0,none,high,"No described illness or contamination, only complaints about service and attitude."
4690,4.0,0,0,0,"My son and I went in for burgers after a long day's drive returning him to Nashville for the upcoming semester. We were in need of immediate sustenance after a long fast. What we found was a busy place that actually knew how to operate with a full house. Our need were quickly satisfied with courteous and reasonably priced service. Since we were just two, we were quickly seated. We started off with a couple Highland stouts. It was a nice drink and at a reasonable price. Before our entree, we shared a large garden salad. It was fresh and flavorful. The dressing was a bit on the heavy side for a vinaigrette. For entrees, I had the Black and Blue burger with fries. The burger was just incredible. It was perfectly cooked. The blue cheese was not overpowering. The bun was soft and fresh. The side of regular fries were crisp and lightly salted. Even better, they went perfectly with the homemade ketchup. I'm not a fan of ketchup, but theirs is very nice since they seem to avoid adding too much sweetness. My son had a basic burger with sweet potato fries. I tried the sweet potato fries and think they might be some of the best I've ever eaten. The burger looked as good as mine and my son concurred. The burger was well made and consumed within minutes. No words were spoken as we ate. Always a good sign. We shall return.",246,1330,0,0,0.0,0.026,0,0,none,high,"No description of illness, contamination, or unsafe food handling."
2968,2.0,1,0,0,"First off, if you've ever been to Thai Orchid in Blue Bell this place will be a huge disappointment. It wasn't horrible, but it wasn't great either. If you want to order the lunch special, like I did, you better have cash on you because they won't accept cards unless you spend more than $15, therefore I was forced to spend more money because I almost never carry cash on me - was not a fan of that. I ordered the drunken noodles and asked for no onions (allergy) and they put them in anyway, so I had to send it back and wait for another to be made. I also ordered the spring rolls (again, because I was forced to if I wanted any food at all) As for taste, it was just okay - it was edible. No veggies in the drunken noodles. At Thai Orchid, there's green beans and zucchini (in place of onions) in the dish which makes it a more balanced meal. Overall, just a disappointing experience that I never intend to have again.",179,922,0,1,0.0,0.152,1,1,allergic_reaction,high,Reviewer had to send their dish back due to an allergy and it was prepared incorrectly.
1981,1.0,4,0,0,I don't even know why I'm giving this one star . I didn't even actually get to eat anything. Upon arrival we were seated promptly. As we waited for somebody to come over and offer us drinks or anything for that matter 10 minutes had passed as we got up and left without being asked one question. Great service good job guys.,62,324,0,0,0.0,0.0,0,0,none,high,"No mention of illness, contamination, or unsafe handling."
283,5.0,4,0,0,Man. This place is nice. The bartender was awesome. Try the burger. It's fresh with all local ingredients. The plates of food I saw come out looked amazing as well. The beer is cold. The drinks are mixed perfectly. This is not a chain restaurant but a dedicated local place with good employees.,53,294,0,0,0.0,0.0,0,0,none,high,"No mention of illness, contamination, or unsafe handling."
7057,3.0,2,0,1,"A quaint old-style southern restaurant. I had the brownie sundae (sugar coma!) and hubby had a malt. we got there just at closing. a lady was playing a piano and came by our table to ask for song requests. I read that the place used to be a drug store on the ground floor and a hospital on the 2nd floor-built in 1898 (?). It's got charming atmosphere and the desserts are hand made, not shipped in.",77,399,1,1,0.0129870129870129,0.0,0,0,none,high,"No mention of illness, contamination, or unsafe food handling."
6221,4.0,2,0,0,New to the area and was looking for a good brunch/breakfast place that has a lot of gluten free options. GF bread is available for all the sandwiches and they made sure to note that they put GF bread on my Lil Goat egg sandwich (which was amazing!) when they delivered the food. Portion was very large too.,58,306,1,0,0.0,0.0,0,0,none,high,"No mention of illness, contamination, or unsafe handling."
5974,4.0,0,0,0,Outstanding Indian cuisine. We are not native eaters and the waiter was patient and helpful with us ordering. I had the vegetable biryani. Probably for the first time and I liked it. I also tried the garlic gobi. Batter is tasty and the cauliflower is tender. For a place in a strip mall the interior decor is particularly upscale and all food is presented professionally.,65,372,0,0,0.0,0.0,0,0,none,high,"No mention of illness, contamination, or unsafe handling."
324,1.0,4,0,3,"Ick. That sums up my experience at Dinardo's in one ""word."" Dinardo's gave me that ""Ick"" vibe the minute I set my foot in the door. THough we were greeted by a very friendly hostess, the place looked like a run down diner on the interior--and it wasn't very clean or charming. This would have been fine because a lot of times the ""run down"" places have the best ""authentic food,"" but this was not the case at Dinardo's. At Dinardo's you do not get what you pay for as the prices are rather high and the food quality is rather low. Our server hated his life and made snarky, mean comments throughout our time there which, though entertaining, was kind of unwelcome and unpleasant. My friend had the mussels which were puny and in an unimpressive sauce--unimpressive being the general adjective I would use to describe any given dish my party ordered. I had a soup which was extremely salty and bland beyond that and the broiled flounder and ""seafood imperial"" dishes were OK at best. I'd say if you're looking for good seafood you'd be better off at any BYOB; little fish, audrey claire, ANYWHERE but Dinardo's. I don't understand how this place is still in business, to be honest.",212,1180,0,0,0.0,0.092,0,0,none,high,"No described illness or contamination, just complaints about taste, service, and cleanliness."
7471,1.0,2,0,0,"Used to go here several times a month. The last few times we noticed an odd smell. Then the health department shut them down. It wasn't just a simple write up either. It was terrible, rats, food stored at improper temps, mold, spoiled food being served, roaches, etc. this place is nasty. The last time we are here, we felt very sick afterwards. Once I saw the health department report it explained why. I'm shocked that more people didn't get sick from this place. It's really not worth the risk anymore. They're nasty, so many Mexican restaurants in the area, why risk it?",103,574,0,1,0.0,0.204,0,1,unsafe_handling,high,"Reviewer described multiple instances of spoiled food, improper food storage, and rodents, leading to illness."
4520,4.0,0,0,0,"Romantic and cozy French restaurant. A bit pricey, but you get your money's worth with the nice portions. The escargot is highly recommended. Try and save room for dessert.",29,172,0,0,0.0,0.0,0,0,none,high,"No mention of illness, contamination, or unsafe handling."
2281,3.0,0,0,0,"I've only been here once. We went for happy hour which is a great deal. The deal is only for the local oysters which we ordered. I know it's a cheap time, but the oysters came out so dirty it was difficult to eat. One of our oysters also had a small shellfish (maybe a mussel) attached to it which felt weird. I assumed it would be okay since they shucked it and served it to us... I'm not sure if that was the cause, but I got food poisoning the next day. We didn't order any of the other menu items. The drink specials for happy hour are amazing. That is mainly the reason for the extra star instead of 2 stars. They have interesting and tasty cocktail concoctions and are included in the happy hour menu! Other than that... the place is super cute and the service is great. They treat you like you are having an expensive meal, and the bill comes out to so little compared to the ambience. The table bread is just whatevers.",179,927,1,1,0.0,0.082,0,1,food_poisoning,high,Reviewer explicitly states they got food poisoning the next day after eating the oysters.
1159,1.0,0,0,0,"If negative stars were possible that's what I'd rate them. I got food poisoning from my lunch here! They have a dirty kitchen! The bathrooms are in the kitchen so all the patrons are waiting in line in the kitchen. Who knows what kind of germs are happening in that kitchen! It's disgusting! I saw a woman throw a dirty diaper in the garbage can by the beverage/coffee pot area. Gross!!!!! Their dirty kitchen has cost me a trip to the ER, missing my flight, a hotel and missing work. The company won't do anything about it either. Terrible dirty restaurant and horrible customer service. Don't eat here!!!",108,606,12,1,0.0,0.278,0,1,food_poisoning,high,Reviewer explicitly states they got food poisoning and had to visit the ER.
2598,1.0,0,0,0,"In follow up of my previous review of 5/14; I still tell people about food poisoning from Norovirus. Of course no one in my family has ever gone back. And we never will. What we will do, though, is continue to tell anyone we can.",45,229,0,1,0.0,0.125,0,1,food_poisoning,high,Reviewer explicitly states they got food poisoning from Norovirus
4946,2.0,3,1,1,"Well, this hits the spot on things that I don't really care for in a bar. What kept it from having only 1 star? They had a couple of decent craft-ish beers on tap. Otherwise, yuck. I came in to watch the end of a UK Basketball game (in which they lost...boo). I got an immediate coaster and 1st beer. She brought me a menu, then didn't make eye contact again for 15 minutes! For a while, the bar was fairly full and I'm not sure why they didn't run 2 bartenders. There was another waitress going around the room trying to sell shots in plastic cups. That tells you something, right? At that point, the game was close to over and I didn't worry about the wings. Maybe she knew that I didn't need the calories. For a while, the bar was fairly full and I'm not sure why they didn't run 2 bartenders. There was another waitress going around the room trying to sell shots in plastic cups. That tells you something, right?Anyway, not a fan of the service. The place smelled so smoky, ugh. I forgot that you can still smoke in bars in some places. The place that I was sitting had a broken place on the bar, like the brass rail for your feet was totally falling apart so that I could bounce my feet. Maybe that was the plan.",235,1217,1,0,0.0,0.076,0,0,none,high,"No described illness, contamination, or unsafe handling mentioned in the review."
4579,3.0,3,0,1,"I have frequented the Mad Mex, University City location for years. I was pleased to see this new location which is closer to my home and I don't have to deal with the obnoxious students. I have been here for Happy Hour and just for dinner at another time. It has been busy both times and it seems that the staff need to be trained a little more in chaos and crowd management. The best deals are during Happy Hour - the $3, $5 & $7 Margarita's. I also believe wings are 1/2 off. My friends seemed to enjoy their orders of Burritos, Gaucamole and enchiladas. The food is average and for the price of drinks - it would be a great place to hang if the service improves.",129,665,0,0,0.0,0.068,0,0,none,high,"No mention of illness, contamination, or unsafe handling."
2490,3.0,0,0,0,"Another Yelper hit it -- this is a noisy, crowded restaurant with big screen TVs. I wouldn't call it a sports bar. Nothing wrong with the place. Cool location, good beer selection. The food - delicious, but eliminates itself as a ""sports bar"". My sons and I wanted to catch some pub grub and the hockey game. Got the game. The grub-- eclectic. Do go here if you want a busy, bustling, energetic, tasty, flavorful, thumping music-beat experience. Don't go here if you want a burger, a beer and a hockey game amidst sports conversation.",95,534,0,0,0.0,0.015,0,0,none,high,"No mention of illness, contamination, or unsafe food handling."
6956,4.0,0,0,0,"It has been quite awhile since I have been to this Silver Peak, but I was pleasantly surprised. a group of 4 of us went for lunch after a movie. We were able to get a seat on the patio. Our waitress was very attentive, even coming back at one point to tell us our food was on its way. I had the turkey sandwich, which had great flavor. Overall, I would still avoid The Peak during late nights (just because it's not really my scene - and even less so as I realize I'm getting older!), but it's great for lunch and a week night dinner.",107,534,1,0,0.0,0.025,0,0,none,high,"No mention of illness, contamination, or unsafe food handling."
6879,3.0,0,0,0,"Great food and drinks, albeit overpriced I had the salt of the earth cocktail and it had great flavor. The angry chicken chicken taco was good, but one wasn't very filling. We had the shiitake, lemon and cauliflower pizza as an appetizer and it had good flavor as well.",49,269,0,0,0.0,0.037,0,0,none,high,"No mention of illness, contamination, or unsafe handling."
3342,4.0,0,0,0,The food is great. A true taco truck. I only wish they would set up recycling for the cans and bottles. Otherwise a Tucson classic.. almost better than Guero Canelo.,30,165,0,0,0.0,0.0,0,0,none,high,"No mention of illness, contamination, or unsafe handling."
1324,2.0,2,0,0,"While visiting Florida my mom treated us to a mani/pedi service at this spa. When she booked the service on the phone she was never told that any service gets you use of the facility on the property or that there will be an additional 18%tax on top of the nail service BECAUSE of facility use. The total for 2 mani/pedi's plus tip cost $250.00 (WHAT). My moms French manicure started to peel off in less than two days. I also feel if when you check in for a service and decline use of the facility (we had no idea it was an option at this point, not until I was getting my pedi and the technician shared this info with us) you should not be charged a tax to use the facility. My mom called and asked for a refund for her nail service. It took 3 different managers and they would not credit her the full price of the manicure. This spa is great if you like being taxed for a spa and hotel property that is straight out of the 70's and nail technicians that want to talk about their sick moms and medical conditions.",198,1014,0,1,0.0,0.038,0,0,none,high,No mention of food or health-related issues
917,5.0,0,0,0,I had the pleasure of dining in this rustic setting after years of hearing about its charm. The setting & the excellent cuisine did not disappoint! I had the New York steak & my friends had a variety of other entrees & we were all pleased with the quality of our choices! I hear that weekends with music make this place great fun! I can't wait to go back!,69,355,4,0,0.0,0.0,0,0,none,high,"No mention of illness, contamination, or unsafe food handling."
2564,4.0,0,0,0,"The new Han Dynasty took over the spot where the old Mid-Atlantic restaurant (with the unchanging menu) was. I like the Han Dynasty here a lot more than the one in Olde City even if I give both 4*. Maybe I'm biased, because I love the service here. They've always been very nice, and came over to check in with me and just make some small conversation when they heard I had a peanut allergy (even though they had no peanuts in any of the dishes I ordered; I think it was Han's sister?). I've been to this Han Dynasty more times in a month than the number of times I've been to the other. Note though, that the different branches have different specialties. I heard the dan dan mian in Olde City is the best, but the one in UC isn't so good (I wouldn't know since it has peanuts). Overall, I think it;s okay food wise, still not spicy enough as with the other branch. But I like the layout and atmosphere a lot more. Next, if you go during lunch, you can ask for lunch portions, that are smaller than the dinner portions, and half the menu price! So it's a great lunch place too, alone, or in a group of 2 or 3.",217,1110,1,0,0.0,0.043,1,0,none,high,"The reviewer mentions a peanut allergy, but notes that the dishes they ordered did not contain peanuts and that the staff was aware of their allergy."
2030,2.0,0,0,0,"Overrated. The pizza came out cold. They dropped my pizza so I had to wait for another and ate after everyone was done. The pizza did not have much flavor. Building your own pizza is very expensive. To top things off, we got sick!!",44,231,2,1,0.0,0.083,0,1,food_poisoning,high,Reviewer explicitly states they got sick after eating at the restaurant.
334,5.0,0,0,0,"Lots of improvements to this place. Much more comfortable environment now. The chairs could be a bit more comfortable as it'd be nice to sit through an entire football game. Otherwise, this place has really improved.",36,216,0,0,0.0,0.0,0,0,none,high,"No mention of illness, contamination, or unsafe food handling."
5801,1.0,2,0,0,"Been here twice, order sandwiches, twice I got food poisoning. Incredibly rude husband and wife owners. Stay away, far far far away.",22,132,0,1,0.0,0.272,0,1,food_poisoning,high,Reviewer explicitly states they got food poisoning twice after eating there.
1382,3.0,0,0,0,Very cheesy but flavor was just ok. Also they claimed gluten free but was definitely some cross contamination as gluten makes my wife sick,24,138,0,1,0.0,0.126,0,1,unsafe_handling,high,Cross-contamination with gluten caused an adverse reaction in the reviewer's wife.
4009,1.0,1,0,0,"Oh boy... why do I continue to torture myself with this KFC location? After 2 months of a diet I allow myself a cheat day and I stupidly (Why God, why?) pick this location for a fried chicken craving I had. Firstly, more than half the time my wife and I have been to this location they are always ""out"" of the extra crispy all white which is my go to order. It doesn't matyter the time of day OR day of week, ""Sorry sir, we just ran out"". How and WHY does this happen on a continual basis. Well, this time my wife had the forthought of recording the conversation in the drive thru. Sure enough, the female employe started with the ""Sorry maam, we don't have that enymore"". Well, someone must have seen my wife holding the cellphone up to the speaker box through the mirror because another man started yelling something in the background and the lady said, ""Excuse me maam, we DO have some, if you'd like to wait 10 minutes we'll get it for you."" My wife said ""yes"" and waited for the order..... Well, WTH! She brought the order home, I opened the box and Yippie, a 3 piece ALL white freaking ORIGINAL recipe. Seriously? My wife felt horrible she didn't check the order before leaving but after all of that didn't feel it was necessary, and you know what, she shouldn't have to. Raise the minimum wage for fast food workers to $15 my %^# !!!",253,1340,4,0,0.0,0.073,0,0,none,high,"No described illness, contamination, or unsafe handling, just a complaint about service and product availability."
3874,3.0,0,0,0,"After hearing so much about the amazing food and ""that sandwich"" with all the stuff piled high I had to sink my teeth into it! I went on a Wednesday and the drinks were half off which was GREAT!!! The waiter and the other staff I came in contact with were really nice! I had a bad day so their attentiveness was just what the doctor ordered! The place is new so it was clean. I usually check out bathrooms but didn't on this visit because I was alone and had just went shopping so all my bags were with me. Now. I had the fish sandwich and i got it in the traditional style with the fries and slaw on top. I was hoping for a creamy slaw since I had fish but it was a vinegar slaw. I wasn't really feeling it. The sandwich was HUGE by the way. I asked for some tartar sauce and at first they couldn't locate any (new business) but they came around. I ended up taking the remainder of the fish off the sandwich. It was just too much to eat! I think if I go back I would not order the fish again. When I got back to my hotel I got so sick. I kept (tmi sorry) burping up fish. I dint drink much so I know it wasn't from booze.",231,1122,7,1,0.0043290043290043,0.053,0,1,food_poisoning,high,Reviewer explicitly states they got sick after eating the fish sandwich.
2700,1.0,3,1,1,"Chili's has become that restaurant that we only go to when we are super bored with the other late night restaurants AND enough time has passed to forget how awful they are. They may have a new decor and some new menu items, but this is still the same old crappy Chili's with the same problems: 1- rarely a hostess to greet you 2- mediocre to awful service that takes FOREVER 3- disappointing (sometimes disgusting) food (I have even been served moldy cheese at this location..eww) Our most recent visit reaffirmed that we do not like Chili's and we will not be returning soon. We arrived a little before 9pm and there was not an employee in sight. Since we were hoping to make this a quicker visit, we seated ourselves at the bar area along with 90% of the people that were in the restaurant (I'm guessing there was not hostess for them either). We were asked for our drink orders rather quickly. We ordered our drinks and took a few minutes to decide on our dinner. You are supposed to be brought free chips and salsa in the bar area...never happened. To make matters worse, the two tables right in front of us both received their chips and salsa. I guess they just didn't like us? After we ordered we waited...and waited...and waited. It took about 35 minutes for one mushroom swiss burger and a carnitas fajitas. When the food arrived the burger was smaller than normal (we have ordered this burger here before), overcooked and SUPER dry. On top of that, my Husband's fries were about 1/4 of the normal amount they serve. He literally had about 7 overcooked tiny fries on the plate. Pathetic. My fajitas were served with a huge amount of onions, green bell peppers (which were undercooked) and carnitas. Unfortunately, I was only given a few tiny tortillas. It also came with some ridiculous tree of condiments (guac, some sort of taco sauce, sour cream, cheese, tomatoes, green chilis with pickled onions and a few other things). The meat was BLAND. How do you even make carnitas bland? The meat naturally has so much flavor. I also had a HUGE piece of stringy fat. Disgusting. We both ate our entrees feeling more and more gross as we ate. We left feeling sick. We probably would have complained if there had been anyone around. After waiting for awhile and having our credit card on the table, we finally had our server come back and say ""Ohh sorry, you pay with the Ziosk now"" and show us how to pay. That would have been nice to know at the beginning. Needless to say, we will not be back anytime soon. We will stick with BJ's for late night meals.",464,2556,0,1,0.0,0.129,0,1,food_poisoning,high,Reviewer and their husband ate their meals and left feeling sick.
656,5.0,0,0,0,"Brandon Ravens was the best server. He made us feel so personalized, brought the drinks in literally less than 2 minutes. He is so easy going but knows how to be professional at his job. Islands is a great place to relax, have a drink and maybe a fry or 2. My 2 friends and I felt as if we were in heaven, we love it here. Will definitely be coming back and becoming regulars. We love the entire staff. 10 outta 10",83,414,0,0,0.0,0.0,0,0,none,high,"No mention of illness, contamination, or unsafe food handling."
4175,5.0,1,0,1,"This is the best Italian food I've ever had. Very small elegant restaurant, entrees were really good and very tasty cheesecake. To top it off, the entire staff was super friendly. Highly recommended for date night.",36,214,0,0,0.0,0.0,0,0,none,high,"No mention of illness, contamination, or unsafe handling."
6283,2.0,4,2,2,"Completely goes off viral marketing via drunken stories and the use of the word wiener in an inappropriate manner. One of those things you do when you have been drinking way too much and suddenly decided that eating out of a hot dog cart off Bourbon St. is a great idea. Probably a good place for a quick bite when you are just sick of pizza by the slice. Nothing special in my opinion. But, it is quick and relatively inexpensive in comparison to what else is around. But, there are better after hours places to eat. Don't completely take my word though. Everyone needs to have one just to say you did. Just like the other bad ideas you get when on Bourbon St. That sounds a little gristy. Eww..",131,696,0,1,0.0,0.061,0,0,none,high,"No mention of illness, contamination, or unsafe food handling."
1310,5.0,2,0,0,Han dynasty is amazing as advertised. A bunch of my friends always brag about it and I had to go there. The dan dan noodles are amazing. They're so addictive that I've been craving them since I left the building. Definitely going to make it a regular place to go to on my list,54,276,0,0,0.0,0.0,0,0,none,high,"No mention of illness, contamination, or unsafe handling."
2022,1.0,6,3,0,"This will be my final update on Larry's. Found out that the chicken cheesesteak I ate gave me E.Coli food poisoning!!!!!!!!!!!!!!!!!!!!!!!!!!! My fiance' was also sick. I'm not sure if it was just a bad day for them or not, but I thought I should let everyone know. Larry's is obviously doing SOMETHING wrong! I will spare you the details on what I had to do to find out what was wrong with me from my doctor. I have never been this sick before from something I ate.",88,466,28,1,0.0,0.211,0,1,food_poisoning,high,"Reviewer and their fiancé got sick after eating at the restaurant, and the reviewer was diagnosed with E.Coli food poisoning."
155,1.0,1,0,0,"Monster-sized food poisoning from ... a salad. When I was eating it I thought something seemed off. The cost of my urgent care bill and two missed days of vacation should be enough for you to re-consider this place. Everything looked like basic fare with a huge price tag. And the setting itself was lackluster. Also, did I mentioned the FOOD POISONING? Ugh.",63,358,0,1,0.0,0.182,0,1,food_poisoning,high,Reviewer explicitly states they experienced food poisoning after eating at the restaurant.
557,1.0,2,0,0,"Let me start with the bathrooms. Where my brother went to grab toilet paper and stuck his hand in a massive amount of shit. Where my wife and sister in law some poop smeared all over the toilets. Let me continue on with the food. The Mongolian bar had shrimp with the chicken, what about people with an allergy to shrimp? Or how about the noodles that smelled sour. Let's not forget to mention the chicken was either cold and gross and/or contained nothing but fat. OH! The chocolate pudding had big yellow chunks of food in it! What was left of the ice cream was slimy! Then not only did it already cost $40 just for my family of 4 (2 adults and 2 children) but they helped themselves to a pre tip of $4, something called a ""gratituity"" and then asked for an additional tip. Wouldn't have been a problem IF someone helped. Although they were quick to pick up my credit card, my table was piled with dishes. This place is disgusting and I'm half tempted to call someone to inspect their filth filled restaurant. Never going again",191,1029,3,1,0.0,0.057,0,1,contamination,high,Physical contamination: a foreign object (yellow chunks of food) found in dessert.
6540,5.0,0,0,0,Great food and atmosphere. Cobb salad is awesome. Would definitely recommend this establishment.,13,96,0,0,0.0,0.0,0,0,none,high,"No mention of illness, contamination, or unsafe handling."
966,2.0,1,0,0,got food poisoning right after I left the restaurant made a reservation a few hours before and they didnt have us down so we couldnt sit at a table for date night and instead sat at the community tables. Overall disappointing because it was over-priced for what you got :(,50,272,0,1,0.0,0.187,0,1,food_poisoning,high,Reviewer explicitly states they got food poisoning after eating at the restaurant.
3430,3.0,0,1,1,"The food is probably one of the more mediocre Chinese food I've had, but the main appeal of this place is renting a karaoke room for a large group of people and BYOing. The restaurant is exceptionally capable of dealing with huge and rowdy groups, and the food comes out to be a decent price and comes out quickly. The karaoke machines all have pretty up to date songs in a variety of languages.",74,395,0,0,0.0,0.0,0,0,none,high,"No mention of illness, contamination, or unsafe food handling."
7197,3.0,0,0,0,Good food decent price some suggestions when going thru drive thru wish they would give you everything at once they always give you your ice cream like 4 min before your food ok during winter but in the summer it melts as you have window down waiting for food which also sucks if your taking it home to eat but it's melted by the time you get there. Also one time I went in with my family it smelt of dirty diapers we complained they just laughed. it may have been bad bleach for mopping or a customer put a diaper in trash but it stunk so bad that we left as it made us sick why smell dirty diapers when your eating fast food,125,626,0,1,0.0,0.211,0,1,food_poisoning,high,Reviewer explicitly states that the smell of dirty diapers made them sick.
872,4.0,0,0,0,"Food was great, service was not. I'll give them the benefit of the doubt it was an anomaly but it wasn't busy and no one was very friendly and my order was wrong. Having said that, the coffee was great and the hash was really good--fresh, tasty, and nice portion.",50,263,0,0,0.0,0.086,0,0,none,high,"No description of illness, contamination, or unsafe handling."
2749,1.0,4,0,0,"**Update - mgr contacted me through Yelp and was very interested in rectifying the situation. Although I still am not comfortable going back his level of professionalism and sincerity certainly made me feel better about the level of service someone else with Celiac may get in the future. Good guy :) Delayed review - Was here a few weeks ago and not only did I call first to ensure they were familiar with handling the needs of someone with Celiac disease but I discussed my gluten free concerns in detail with my server prior to ordering. The server didn't seem educated at all about what I was talking about, nor did she seem that familiar with the menu in general actually but I was with a large party & didn't want to keep holding things up. Upon receiving my burger and fries I called another woman over who seemed like a manager and asked her about the precautions taken in the kitchen and she had some good responses so I ate my burger and fries and within minutes of leaving the restaurant I was so sick, how embarrassing to have to rush away from my friends after dinner. I called back later that night & I'm sure it was my server who I spoke to, I asked again about the preparation of my food and found out that they grill all the buns in the same place, so GF buns and regular buns in the same spot, BOOM, that's why I was so sick all night. If you are going to advertise that you can accommodate the dietary needs of someone please educate your wait & kitchen staff on what cross contamination is!",283,1510,1,1,0.0,0.067,0,1,food_poisoning,high,Reviewer got sick after eating at the restaurant due to cross-contamination with gluten.
198,4.0,2,1,2,"Solid improvement since last visit. Service- much improved. Kid named Dillon gave a great service. Ambiance is very casual. Order and sit, they bring food to you. Food- tasty and lots of options. Not fancy. Very affordable. Family of four for about 30$. That's a great deal w today's prices. If you are looking for a fast, casual Asian option, give this place a try.",65,366,0,0,0.0,0.0,0,0,none,high,"No mention of illness, contamination, or unsafe handling."
5137,5.0,2,0,0,"Best sushi place in the area! I've been to Hachi multiple times and the service is always top-notch. Great lunch prices and options! Lunch comes with soup and salad, which is rare for this area. The salad is great, with fresh greens (not romaine, or iceberg) and GREAT ginger dressing. It's perfect. There are many options for the sushi lunches and all great. My mother is in love with the salmon tempura and my boyfriend is obsessed with the mushroom shiitake. He is vegetarian and they have multiple sushi options for him. The spicy mayo is fantastic, FYI. The bento boxes are great and filling since they give you a lot of food!! Plus it's yummy. I recommend the shrimp teriyaki. Usually at the end of the meal, they bring out oranges and pineapple, which is a nice touch. I have not been there for dinner, only lunch since they have great deals. Go between 11:30 am - 3:30 pm since that is when the lunch specials are.",168,922,4,0,0.0,0.008,0,0,none,high,"No mention of illness, contamination, or unsafe handling."
5198,1.0,0,0,0,"I guess this place is known for their drinks cause the food is downright repulsive. We ordered the guacamole which had no flavor and jalapenos with all the seeds in it, making it inedible. The next course was the appetizer which was a crab spread on a croustade. You physically cannot bite into the croustade it was so hard. The crab smelled so bad I could barely have it on the table. My entree was actually delicious, I had the stuffed chicken but the second I put the last bite in my mouth I ran straight to the bathroom which is tiny and next door to the kitchen and got so sick. My boyfriend also got sick about an hour later. He had the surf and turf which was a small filet mignon with all the sinews still in it and a lobster tail with no flavor. The menu said it came with haricot certs but they gave us three strips of green pepper thinking we wouldn't know the difference. Wish I knew better. Don't go to Philly for mexican food.",181,940,0,1,0.0,0.105,0,1,food_poisoning,high,Reviewer and their boyfriend got sick after eating at the restaurant.
5382,4.0,0,0,1,"I was looking for a gluten-free option, which basically left me with a taco salad. It was basic and not very filling, but good. I'd like to try the green smoothie- it looks delicious. I applaud this place for it's location and well designed menu. I hope that they can one day expand their venue to include seating and more gluten-free options.",62,343,0,0,0.0,0.0,0,0,none,high,"No mention of illness, contamination, or adverse event."
4168,1.0,0,0,0,"One star is generous. Awful, rude ""service"". Disgusting floors. Dirty tables. Ineffective, apathetic, rude manager. We never even got food and I'm glad because by the looks of the place, chances are you're bound to get sick. Metro Diner, just down 86th is fantastic. Go there.",46,276,0,1,0.0,0.328,0,0,none,high,"No described illness or contamination, only complaints about cleanliness and service."
491,5.0,0,0,0,Always a great cold stone to visit! Great employees and yummy ice cream! Store is always clean and they treat you like family here.,24,131,2,0,0.0,0.0,0,0,none,high,"No mention of illness, contamination, or unsafe handling."
3981,4.0,0,0,0,"Used Yelp to find a sushi place after a long day of shopping and it landed me at Tako. I have to say that the reviews lived up to the hype. The rolls here are well prepared, very tasty and everything seemed fresh. The private dining rooms are a nice touch, but they are also located next to dining booths so be prepared to look (possibly smell) people's nasty shoes as you need to take them off before entering the room. Definitely worth checking out if you live or are passing by the area.",94,490,0,0,0.0,0.048,0,0,none,high,"No mention of illness, contamination, or unsafe handling."
5450,1.0,1,0,0,"Ok, so I used to love Smashburger, but now I avoid it. I went there about three months ago. The morning after eating there I felt so weak and nauseous. I had to cancel going into work. I'm assuming it was food poisoning/ a bad batch of ground meat. I have felt fine since then.",55,277,0,1,0.0,0.242,0,1,food_poisoning,high,Reviewer experienced symptoms of food poisoning after eating at the restaurant.
1957,5.0,0,0,0,Thursday night and wonderful life music --- James Taylor style. Food is great and service friendly. Yummy red Sangria too!,20,122,1,0,0.0,0.0,0,0,none,high,"No mention of illness, contamination, or unsafe handling."
5444,2.0,1,0,0,"OK. I really actually had a great time here. Went on my birthday (mid August '11) for dinner with some friends. It was a Wednesday so I experienced the 2-for-1 drink list! Unfortunately, I ordered the pretzel and meatball meal and, like another reviewer, regretted it soon after. Minor food poisoning. I probably will never eat meatballs again. Super disappointing because this place was fun! Music videos playing on the wall! 2-for-1 drinks! Big booths! No wait for a table! But I probably won't eat meat here. Or maybe eat here at all. I thought maybe my experience was a fluke, but another reviewer mentioned the food poisoning, so I thought I'd share my experience.",115,669,6,1,0.0,0.12,0,1,food_poisoning,high,Reviewer explicitly states they experienced minor food poisoning after eating the pretzel and meatball meal.
6177,1.0,2,3,2,I ordered the hangover and no where on the menu does it say anything about onion I got the sandwich and it was full of onions I'm highly allergic that's something you might want to put on your menu for people that have food allergies..,45,235,0,1,0.0,0.102,0,0,none,high,"No adverse event described, only a complaint about lack of menu disclosure."
4963,4.0,0,0,0,"The restaurant was very nicely decorated , and clean. There were six of us and everyone enjoyed their meals . I had the fried green tomatoes. They were perfectly seasoned and the sauce served with them was delicious. The down side is they arrived after everyone else had their meals . My friends had the chicken salad , the fried bologna sandwich and a cheeseburger. We shared the peach cobbler dessert and were not disappointed, get it with the ice cream !!",82,458,2,0,0.0,0.0,0,0,none,high,"No description of illness, contamination, or unsafe food handling."
3369,2.0,0,0,0,"Great fries and rings, but you can only get your burger cooked well done ""for health reasons!"" My friends, if you don't have more faith in your product then you have to nuke it to keep from getting the customers sick, your in the wrong business!",46,245,2,1,0.0,0.202,0,1,unsafe_handling,high,"Reviewer implies that undercooking burgers could cause illness, citing 'health reasons'."
1663,1.0,2,1,0,"Jo, thank you for the offer to try one more time, but I will kindly decline. It's not worth the risk of getting sick, once again. We gave it three more chances and the outcome was horrible.",37,189,0,1,0.0,0.219,0,1,food_poisoning,high,Reviewer explicitly states risk of getting sick after multiple visits.
4897,3.0,1,0,0,"This place is okay as long as you know what to order. Steaks, chicken, and sandwiches are okay, everything else needs to improve. I am not rating desert here, since these are a safe bet. Parking at this place is rough, the service is pretty good and makes up for this. I generally only eat lunch here because the place is not worth the hassle of a dinner crowd. While I do not go out of my way to go to any Outback, this one is a better one. Also this location really tries to make improvements and make your experience enjoyable, but the food is average at best.",109,563,0,0,0.0,0.012,0,0,none,high,"No mention of illness, contamination, or unsafe food handling."
2255,5.0,0,0,0,First time here - absolutely LOVE it....so happy!!! The food extraordinary (especially smoked soft shell crab appetizer)... we all had the flounder - and all loved it. The converted church also amazing...love the settings.,34,222,3,0,0.0,0.0,0,0,none,high,"No mention of illness, contamination, or unsafe handling."
4641,1.0,8,0,1,Changing this to a 1 after I just had to pay $10 to park. Seriously? Not like they aren't making any money on anything else in there.....,27,137,0,0,0.0,0.199,0,0,none,high,"No mention of illness, contamination, or unsafe handling."
6960,1.0,1,0,0,"This used to be one of my favorite places when I came home from college. I've always enjoyed their food, however the service tonight was bad enough that I would not come back and I will no longer recommend it to people. After asking the waiter if he could switch the corn tortillas to a flour tortilla because I am highly allergic to corn, he responded they don't have any flour tortillas. After spotting flour tortilla on the menu under a different item I asked him to place the tacos on that, they could even consolidate into 1 taco if the tortilla was larger. The answer was no. After explaining to the manager what happened, he spent 5 mins talking about how it wasn't kitchen policy. I explained that I would no longer be a customer, he then proceeded to give us the bill for the appetizer and drink we had already ordered, without any offer to try and make the service better or to keep us as customers. This is extremely disappointing that a place I really enjoyed frequenting is no longer a place I would recommend, to the extent that I have never written a review before and am taking the time now to write this.",208,1121,0,1,0.0,0.086,0,0,none,high,"The reviewer has a corn allergy, but the incident described is a service issue, not a food safety hazard."
3193,1.0,1,0,0,Would give no stars if I could. Ordered delivery on 6/14/2018. This place gave me food poisoning that's lasted for 24 hours so far. Eat at your own risk.,29,153,0,1,0.0,0.245,0,1,food_poisoning,high,Reviewer explicitly states they got food poisoning after eating at the restaurant.
3601,1.0,1,0,0,"I've been eating here when I'm in town for about 5 years and this place used to be great. The food has severely gone downhill in not only quality of ingredients but also in ability to prepare a dish. I ate here for lunch today, saying that so hopefully a member of the staff reads this and remembers me, I ordered the dry hot pot and my gf ordered fried dumplings and the cold noodles with chili oil and we shared each other's food. The mushrooms in my dish were impossible to cut even with a knife and the rest of the vegetables had a freeze dried feel to them being the consistency of bark. The pork was a bit rubbery and only had flavor from the oil draped over everything that seemed under seasoned as well and definitely tasted old. This was labeled in the menu as a 10/10 spicy rating, it was at most a 2. I didn't bother saying anything because of how rude the waiter/host was, but I'll get to that. The rice was cold and clumped together in chunks that led me to understand that it was previously microwaved. The dumplings looked ok, but the dough was undercooked and the sauce was just soy sauce that had no care whatsoever put into it. Her noodles were very bland and whoever prepared them obviously doesn't care about their food. The noodles had the same flavor deprived oil from my dish in it, just disappointing really. This type of food is supposed to be robust and I've eaten at a ton of places across the country and internationally that do care about what the put out. This place doesn't care anymore. The man that seated us was incredibly rude the entire time. He huffed and puffed and stomped his feet when I asked for the real Chinese menu instead of the Americanized Chinese menu. And, they used to throw shade if you asked for the Americanized menu, now it's the opposite. After we were done we both had a decent amount of food left and I decided to take it to feed to the raccoons that come around my house. They look cool and I like to feed them. Anyway, the take out container was dirty from previous food in it! I was blown away, especially when I pointed it out and the rude person pretending to be a man grabbed it out of my hand and stormed, literally stormed off before I was even half way through my sentence. I was calm the whole time, not sure what this guys deal is. Then came back with the same container that he washed! He washed the dirty container that should never have been used in the first place and thought that was acceptable. I will never go here again and I hope they go out of business so no one has to be punished by this Handy Nasty food. Disgusting food and disgusting people, except for the one guy who worked there who said goodbye to us. He seemed mortified because he knew what the cuck host just did to everyone in the dining area throughout the day and I assume throughout his life. I hate this place, and I can only hate it because I used to love it.",553,2907,2,0,0.0,0.114,0,0,none,high,"No described illness, contamination, or unsafe food handling."
3352,1.0,0,0,0,"This is the worst Taco Bell there is, and sadly, the only one open past 10, and sometimes 9 depending on how the others feel that day. I guess it's just a Nevada thing, or a Reno thing, but the Taco Bell's here are a joke and this is the worst. Been sitting in the drive-thru for 10 minutes only to be told the item I wanted isn't offered anymore, even though commercials are still playing for it. They've forgotten our food more than once, and I personally won't eat here (wife is the hopeful for it because she loves Taco Bell) because it's given us both food poisoning. Go to Del Taco, same food poisoning, but you'll actually get your food in a timely manner, probably.",127,673,0,1,0.0,0.156,0,1,food_poisoning,high,Reviewer explicitly states they and their wife got food poisoning from eating at this Taco Bell.
4388,1.0,7,2,0,"Unsanitary!! The guy in the back is sick, blowing his nose but doesn't wash his hands before touching the donuts. I was so grossed out that I immediately threw away my donut and walked out without getting my bagel sandwich. There's lettuce and trash lying around in the kitchen. So gross. The health department needs to make a stop here. Yuck!",61,343,3,1,0.0,0.246,0,1,unsafe_handling,high,Visible evidence of poor hand hygiene and unsanitary kitchen conditions.
62,5.0,1,0,0,Got a gift certificate to this place over 6 months ago and just last month FINALLY had the GREAT pleasure of going!! Perfect spot for lunch. I'm in love with the mixed salad salad sandwich!! One sandwich that I will actually crave:-) yummy homemade ice cream that you won't be able to get enough of! We will be back.,59,316,5,0,0.0,0.0,0,0,none,high,"No mention of illness, contamination, or unsafe handling."
2527,1.0,1,1,1,Absolutely awful pizza. My fiancee and I ate there last night and ordered takeout. First of I got to there to pick up my order and was ignored for about 15 minutes when I finally had to get somebody to get my order. Once I got the pizza it was burned and black on the outside of the pizza and on the bottom. I was able to eat about one piece of pizza because of how badly burned it was. The pizza was barely chewable because of this. Then last night both my fiancee and I felt sick after eating the pizza. So save yourself and your stomach the agony and head to one of the far better pizza places in Indianapolis. Absolutely awful and would never eat here again. Unfortunately I cant give zero stars.,136,700,0,1,0.0,0.139,0,1,food_poisoning,high,Reviewer and their fiancee got sick after eating the pizza.
7060,1.0,2,1,0,I got food poisoning from this place. NEVER eating from Pizza Hut again!,13,72,1,1,0.0,0.271,0,1,food_poisoning,high,Reviewer explicitly states they got food poisoning.
2643,1.0,4,1,1,"This place suffers from all the typical symptoms of a poorly run business. First of all, if your pizza isn't undercooked, it's probably bland as hell. They messed up my order the first time, so I gave them a second change and the service was incredibly bad. Imagine a bunch of high school kids who haven't the foggiest idea of food safety or professionalism what so ever. Here are some clues : 1. You can not pull boxes, containers, etc from the back and tear them open on the cutting board where my pizza was just sliced. It's cross contamination and those bags are covered in bacteria. It's disgusting, but they haven't been educated about how to maintain a clean workplace. 2. No structure. I had to repeat myself several times just to pick up a simple pick up order that was already made. And the other employees were either goofing off or trying to look busy. There were like 7 people back there! The more questions I asked about menus and special add ons, the more confused I was. 3. The pizzas are about 1/32 of an inch thick. They have been rolled out and frozen into a paper thin flavorless disk which ultimately amounts to the most unsatisfying crust I have ever eaten in my life. Not to mention how bland. This also makes it not worth the money, as 9-10 dollars for a pizza *sounds* like a great deal, but it's so thin that the entire pizza doesn't even amount to what one decent slice of pie should be. I don't even know if it is frozen or not, but its so thin and bland it's irrelevant. And by the way, their breadsticks are the same flat tasteless crust with a little oregano sprinkled on top. It looked like someone had run over the bread sticks I ordered with a mac truck. 4. Their vegetarian option is a slap in the face. It's tasteless array of canned vegetables with no seasoning or love what so ever and very poorly cooked. It tastes like nothing. Can't you develop some flavors a bit? Or recommend something else? Just not the salads, they are pre made and absolutely dreadful - Like the ones you see at gas stations. 5. I saw the manager there, watching all the same things I was, and not doing anything. Why? because they didn't even know it was wrong. If I could describe this business, it would be two words - Corporate garbage. Selling cheap, bland food dressed up in a fancy fast casual building.",430,2323,1,1,0.0,0.07,0,0,none,high,"Review describes poor service, taste, and business practices, but no described illness or contamination."
3801,2.0,0,0,0,"Went here for lunch today. Waited an hour to get in. After waiting for our food another hour, we found out they misplaced our lunch order from the manager. She offered us coffee/beverages while we waited for our food. Food portions were large, but food is probably 3.5 to 4 stars. Found out they ended up charging us for the coffee we drank as we waited an eternity for our food. Also, the waiter in training spilled water on my friend's foot. Ugh!",83,448,1,0,0.0,0.047,0,0,none,high,"No described illness, contamination, or unsafe food handling."
2350,1.0,0,0,0,"Literally the worst food I've had in IV the Gyros tasted like old Boloney, the French fries tasted not like French fries and the pita bread was just no good. I'd say 1/10 I'd much prefer Taco Bell to this place I just ate here couldn't even finish my plate and I'm feeling sick now probably food poisoning.",58,306,0,1,0.0,0.226,0,1,food_poisoning,high,Reviewer explicitly states they're feeling sick and suspect food poisoning after eating.
647,3.0,0,0,0,"The sandwich I ordered was hot with a decent amount of meat. Unfortunately I didn't get to enjoy it due to them messing up my order and putting cheese on my sandwich when I hadn't requested it. I didn't discover this until I took it out to eat after getting it to go. I'm allergic to dairy, so when I discovered melty cheese all over every ounce of meat, I was less than impressed. Everything else about the place seemed satisfactory from what I observed, just check your order before rushing out the door with it.",96,514,0,1,0.0,0.076,0,1,allergic_reaction,high,Reviewer is allergic to dairy and had cheese added to their order without consent.
3322,3.0,1,0,1,"Love the food. Big portions, interesting and ever changing menue. The only issues i have are that the seating is cramped, too loud for conversation and the coffe is not as good as Sabrina's. The latkas are always perfect and the bacon is the best I ahve had in Philly.",50,268,0,0,0.0,0.04,0,0,none,high,"No mention of illness, contamination, or unsafe food handling."
3775,3.0,6,0,1,"Ugh. I hate having to downgrade Izumi because I still believe the sushi is amazing. My husband even raved about his dish and the sashimi. I think my main concern is that they don't understand their ingredients. If you're someone with a dietary restriction, that's a big problem (if you don't have any food allergies, then feel free to ignore my review). We listed my allergies on our reservation and the chef approached me immediately, which I truly appreciated. But, then it got weird...he recommended tamari for me despite the fact that I listed a soy allergy (tamari is made from fermented soybeans). I know that it doesn't always cause reactions for certain people, but I really didn't want to risk it. He insisted that it would be safe, though, since its ""wheat-free."" Huh? I'm not gluten intolerant, so I was really confused by his statement. He then advised that I order their spicy tuna, even though I'm fairly certain that's made with mayonnaise (egg is another allergy for me). I ended up ordering vegetarian rolls just to stay on the safe side and it worked out fine, but the ordering process and meal definitely made me nervous. This is a great spot if you don't have any limitations, but I can no longer recommend this place if you need detailed information about each dish.",225,1287,0,1,0.0,0.082,1,1,unsafe_handling,high,Chef recommended tamari despite knowing the reviewer's soy allergy and provided incorrect information about its ingredients.
4854,5.0,0,0,0,"Such great food! The chef was creative and innovative, while still staying true to traditional Hispanic/Latino cuisines. The yuca fries were crispy and delicious, the empanadas were great, and the skirt steak w/ polenta was seriously the best thing I've eaten in a while. My sister is a vegetarian and often has a hard time finding good options when we go out, so she was delighted to see a variety of great choices (the mushroom empanadas were her favorite!). The service was really great--the waiter was really helpful in helping us pick out beers/cocktails (try the sangria!). Great restaurant!",99,597,4,0,0.0,0.024,0,0,none,high,"No mention of illness, contamination, or unsafe handling."
1335,1.0,2,2,0,"I went to this place expecting to get hummus and a gyro. The hummus was below average, bland, and overall boring. I told the waitress I wanted a gyro and there was not one on the menu and she recommended something ""just like"" a gyro. The ""lamb"" meat, and I do hope it was lamb, was chewy and reminded me of something you would get from the flea market food court 10 minutes after they already closed for the night. I cannot say for sure but I got sick that night (vomit and diarrhea) and was not well for two days. I can't ""prove"" this cafe's horrible meal caused my even more horrendous stomach issues but deep down I am pretty sure. Oh yea, the server's use of the english language was very humorous, but funny as it was, did not add any value to my dining experience. Dine at your own risk!!",153,794,2,1,0.0,0.164,0,1,food_poisoning,high,Reviewer explicitly states they got sick after eating at the cafe with symptoms of vomiting and diarrhea.
4571,2.0,0,0,0,"I had a poor experience. I walked up to the counter and told them that I had a gluten allergy. They questioned making my food ""off the line"". I order a pizza with herb butter, grilled chicken and peppers. I watch the gentleman putting my pizza together grab butter right of the line full and a flour covered area. I had to asked three times for a manager before getting one to help me. The manager informed me that herb butter wasn't available off the line, so he remade my pizza with olive oil. He was apologetic and didn't charge me for the $2 fee for GF. However, I'm not sure I'll go back.",114,593,0,1,0.0,0.06,0,0,none,high,"No adverse event or contamination described, just a complaint about handling of gluten-free food."
2827,3.0,0,0,0,"I really wanted to like Milk and Honey, but we had a pretty average meal here. My streak was over cooked, and tough to chew. Other meals were nothing to write home about. They were also out of some of the whiskey's on the menu and dessert items. In a city with so many great options, won't be back.",59,298,0,0,0.0,0.027,0,0,none,high,"No description of illness, contamination, or unsafe handling."
2628,5.0,1,0,0,"I have never had a bad experience at this sonic. The carhops are always friendly and our food always comes out how we order it. Last time, it took about 5 minutes for them to bring out 2 drinks. To make up for it, they gave us tokens for 2 free rt 44 drinks!",54,258,1,0,0.0,0.0,0,0,none,high,"No mention of illness, contamination, or unsafe handling."
1675,5.0,0,0,0,Fantastic Detroit family has joined the revolution of Madeira Way! Incredibly friendly staff with authentic Italian cuisine! The venue is the former Subway location and well move over Fast food subs and dive in to a REAL Italian sub! This place will be very successful!,45,269,4,0,0.0,0.0,0,0,none,high,"No mention of illness, contamination, or unsafe food handling."
1215,5.0,0,0,0,"Best meal in New Orleans!!! I was in a group of 4 and we were served by Travis, Susan & Caroline. I had the set price menu: strawberry salad appetiser, chicken entrée & chocolate cake dessert. The salad was fresh and a great start. The chicken is the best chicken I have ever eaten anywhere. It had crispy skin, but was the meat was extremely moist and the corn bread stuffing was superb. The cake was yummy, but very rich. One of our party is vegetarian and she LOVED her vegetable selection plate. The other 2 members had the pork with sweet potato mash and said it was excellent. The staff were wonderful and very attentive. Excellent location and definitely the best meal we had in New Orleans.",128,698,3,0,0.0,0.0,0,0,none,high,"No mention of illness, contamination, or unsafe handling."
5863,4.0,0,0,0,"I was very pleased with my experience here! Good, fast service--you can linger after your meal because you've paid up front. And, most importantly the food is fresh and tasty! I loved my chicken taco salad and the plantains we got. The drinks, especially the mojito, were good too. Will definitely be back to try more things.",57,325,2,0,0.0,0.0,0,0,none,high,"No mention of illness, contamination, or unsafe handling."
7101,1.0,1,1,0,Don't eat the Chilean Sea Bass unless you want to wind up in the emergency room with food poisoning. I thought I was gonna die.,25,127,0,1,0.04,0.337,0,1,food_poisoning,high,Reviewer explicitly states they got food poisoning from eating at the restaurant.
4230,3.0,0,0,0,"I wish there were half stars, because the El dorado's buffet is definitely more of a 3.5 star. Everytime we are in Reno, this is our go to buffet . It's generally very good and consistent. However, this last visit of ours (last weekend) has somewhat changed my mind unfortunately. We ate at the buffet for the Friday night seafood extravaganza and then breakfast on Sunday morning. For both, service was prompt and there was no line. We were quickly seated and received our drinks. The tables are clean and modern. For Friday night: Friday was seafood night, and boy do they mean seafood night. Almost every item at the buffet contained seafood. If you eat seafood, that's probably a great thing.. If you don't, you will be in for a challenge. My dad and husband love seafood, my mom and I on the other hand don't. My mom eats other meats tho, so she was able to find options. I am vegetarian, and I think I was able to find 6 dishes that contained no meat (including the salad bar)... The boys reported the seafood was fresh and that it all tasted very good. The prime rib was also a favorite. I felt the few dishes I could eat we're incredibly salty (including the mashed potatoes!!) to the point that it wasn't very good. The dessert selection is awesome and they have I've cream. It was very good! For sunday breakfast: it is a champagne brunch. Again there was no line and we were quickly served. Price is cheaper than dinner. The food however is lacking... With the exception of the omelette bar, the majority of the food was clearly reheated or re put out from one of the previous meals... Food was chewy, not overly warm and just looked recycled. There was a prosciutto tray out Friday night that looked fresh, and when we came Sunday about half the tray was still out but it all looked shriveled up and clearly old. Other dishes were obvious that someone tried to make it in to something new, but the presentation still looked not good. Even the waffles tasted at least a day old. The only thing I liked we're the cinamon rolls. No one at our table was impressed with the buffet. I understand reusing some food to an extent, but at least make sure it looks fresh! It just is a sign of times tho since I'm sure the buffet is hurting quite a bit as is the rest of Reno. Two general points that I think should be fixed: 1) please note better what the food is. Instead of writing ""ravioli"" label it as ""beef ravioli"" or ""mushroom ravioli"". This helps vegetarians significantly. And shoot, even before I went vegetarian, I still would like to know what kind of meat I was eating rather than having to play the guessing game or sit in line poking at the food to try to figure out whAt it was before I put it on my plate. 2) add trays in front of the serving dishes to rest the tongs in. It is really nasty to have people use the tongs and then set it back in the food tray. It's inevitable that the tongs will touch the food remaining in the tray, and I feel it is contaminating the food. It would be much sanitizer if ppl could set the tongs on their own resting dish to prevent contamination! Aside from those points and the disappointing quality of breakfast, the buffet is still one of the better dinner buffets in Reno.",602,3227,5,1,0.0,0.042,0,0,none,high,"No described illness, contamination, or unsafe food handling."
6613,1.0,0,1,0,I came here and left a review before but last time I didn't get food poisoning. Unless you want to stay up all night puking I suggest you don't come here.,31,154,0,1,0.0,0.111,0,1,food_poisoning,high,Reviewer explicitly states they got food poisoning and had a severe reaction.
5202,2.0,2,0,0,"First off, I don't think I have ever left overall negative feedback however I think it this case it is warranted and just. I ordered the roasted chicken, I started with the smaller side of it and when I got the the bone it looked a little pink but I want sure due to the lighting an figured I was just a vein, which my fiancé echoed. However when I cut into the larger piece it was undercooked. Not a little, like raw and bloody. At this point I had at most of the mashed potato and mixed veggies which were very good however after the raw chicken I was just a little unappitised and slightly freaked thy I was gonna be sick. The waitress was very apologetic for the problems, and offered a dessert on the house, which was promptly brought to us with coffee and tea. To be honest this is the only reason I'm not rating a 1. I know mistakes can happen in the kitchen, I have worked at restaurants in the past. However raw chicken is dangerous! On a separate note the rolls tasted as if they were purchased at Vons and the Boston creme pie that was given to us was great however made off site. I was also abit surprised that a comp of the meal wasn't offered due to the severity of the situation. Again im sure this is not the typical situation at Hob Nob and im well aware of the fact that mistakes can be made however i just believe that these type of situations have to be mentioned",269,1383,1,1,0.0,0.114,0,1,unsafe_handling,high,"Raw and bloody chicken was served, posing a risk of food poisoning."
2885,5.0,0,0,0,"AMAZING!!! I just got back from the bakery. I ordered tres leche, hubby got chocolate dipped cannoli with original filling, we also got Italian wedding cookies, and dark chocolate florentine cookies. The tres leche taste just like my grandma used to make it minus the Malibu liquor. The cannoli was delicious. The Italian wedding cookies was a little crunchy yet still delicate, it also had the perfect amount of Anise flavor. The dark chocolate florentine is so yummy, that says a lot because I don't like coconut. The chocolate to coconut ratio is perfect. We will definitely be going back.",100,592,3,0,0.0,0.0,0,0,none,high,"No mention of illness, contamination, or unsafe handling."
3672,3.0,1,0,2,"Not bad, not bad. Went there for lunch and liked the variety of spice levels. Also liked that the lunch buffet did not have too many mediocre things, but rather had a dozen well made dishes in smaller batches. Service was above average and cleanliness is next to excellent.",49,273,0,0,0.0,0.0,0,0,none,high,"No mention of illness, contamination, or unsafe handling."
2912,1.0,0,0,0,"Amber tried to give us old fries and weren't having it. Cold and burnt, we are not the ones. Get it together.",22,109,0,0,0.0,0.0,0,0,none,high,"No mention of illness, contamination, or unsafe handling."
2293,1.0,0,0,0,We we're victimized by the photos on the web page they looked appetizing. Then we proceeded to have worst lunch my husband & daughter could remember having. Pemento BLT was a hot mess. Ahi tuna sandwich egually bad. Chicken salad bowl had rusty pieces mixed in. None of us finished our food. Just glad none of us got sick. BTW my husband said bathroom was filthy. 1 star just to post a review. It's a ZERO,76,405,0,1,0.0,0.192,0,1,contamination,high,Rusty pieces found in the chicken salad bowl
4378,5.0,0,0,0,"This place is great, even for vegetarians. The food is fresh and delicious. The sauces are fantastic. The staff are courteous and helpful. My daughter and son-in-law live in nearby Lansdale and it seems as if we stop here for a meal at least once every time we visit them.",50,272,0,0,0.0,0.034,0,0,none,high,"No mention of illness, contamination, or unsafe handling."
6310,4.0,3,1,1,"A healthy and refreshing alternative to an unhealthy NOLA treat. Beaucoup Juice offers a variety of snoballs, smoothies, and even sandwiches. All their treats are made with freshly squeezed juices, so you don't have to worry about getting a major sugar rush. I came here with my sister one afternoon looking for a healthy treat. I ordered the pineapple mint snoball and she got the Mardi Gras Mango smoothie. We both enjoyed our yummy treats! The pineapple mint was so unique and refreshing. I love when places mix mint with other fruits! If you're looking for a traditional snoball, this is not the place for you! You can find a delicious, sugar-filled snoball at Hansen's if you're looking for that. Beaucoup Juice is very cute and small. I find it to be a sort of hipster/retro place with its bright colors and art. I will definitely be back whenever I have a craving for snoballs.",155,884,3,0,0.0,0.02,0,0,none,high,"No mention of illness, contamination, or unsafe handling."
3231,3.0,0,0,0,"This place has some good Pad Thai but the servers could use some more serving lessons. The first time we went, I had ordered my Pad Thai WITHOUT peanuts and it came with peanuts. Lucky for them, I wasn't allergic but our server came over and was very sorry and replaced it with another one -- not for free, sadly. The beef was spoiled and it was a very bad first experience but we gave it another shot last night and it wasn't too bad. My husband thinks that their Pad Thai smells like a farm but I don't really smell it and it was good enough for me. This is a once every six months kind of place.",119,598,0,1,0.0,0.116,1,1,unsafe_handling,high,"Reviewer's Pad Thai was spoiled and served, and the server had to replace it after discovering the mistake."
743,5.0,2,0,1,"A refreshing oasis in the desert of fried food New Orleans serves. I ate here twice in a row for Breakfast because it was that damn good! First off, they open at 8AM, so your best bet is getting there at 8AM. Each time I finished my meal at 9, there was an hour already to be seated. This place is pretty small, and considering how good it is, everyone wants to eat here. Do yourself a favor and wake up early to be served within a reasonable time. Ive had the Costa Rican and Banana Foster French Toast. Both were wonderful, but the french toast was OUT OF THIS WORLD. My god, the combination of the creamy, sweet flavors exploded like fireworks in my mouth. I didnt want to stop wating it was that good! If you want something sweet, please order this. The Costa Rican had all fresh ingredients, blended well together, left me pretty full. The rice was a little funny tasting, but I dont think I was use to how they make it. It wasnt that big of a deal mixed with everything else. I also tried some of my friend's biscuits and gravy. It was really good, even for something I normally would not order. I also tried some Boudin, which I didnt except to be on the dry side, but i twas worth checking out. On a side note, the art and decorations are quirky and hip, while still feeling",246,1282,2,0,0.0,0.017,0,0,none,high,"No description of illness, contamination, or unsafe food handling."
1090,5.0,3,0,0,"This franchise is fabulous. Sharon has a great little group of friendly employees, makes the most delicious salads and totally caters to her customers. They also have soups, sandwiches, wraps and other light fare. So many choices to choose from to create your own signature salad! I have tons of food sensitivities, and Sharon actually shows me the labeled ingredients of anything I'm not sure of, like the pita chips, so we are certain I will have a truly nourishing meal. The brown basmati rice is to die for. I hear the Thai soup is totally rocking! The perfect place for fresh ingredients, outstanding service and a truly caring staff. So highly recommend this place! I just polished off my mixed salad so fast I didn't have time to take a photo! Yummmmmm.",133,760,4,0,0.0,0.071,0,0,none,high,"No mention of illness, contamination, or unsafe handling."
2844,1.0,0,0,0,"If I could I would leave no stars. I ate a cheesesteak from Sorrento's and got a bad case of stomach cramps and diarrhea. DO NOT EAT SORRENTO'S, unless you like to get sick.",34,173,0,1,0.0,0.278,0,1,food_poisoning,high,Reviewer explicitly states they got stomach cramps and diarrhea after eating at the restaurant.
6048,1.0,3,0,0,"Came here for lunch. It smelled like puke in the restaurant, most likely since it's on Bourbon. The server we had was nice and attentive. The food was the bad part. The burgers we had tasted really bad. Both of did the build your own. Two burgers, fries, and a drink came out to $40. Neither of us ate the entire burger and I'm barely made it to our hotel room before I sht myself. That folks is what you call food poisoning.",83,425,0,1,0.0,0.15,0,1,food_poisoning,high,Reviewer explicitly states they experienced food poisoning symptoms after eating at the restaurant.
4796,5.0,2,1,1,Got the manager's recommendations on a full dinner spread for a group of 7. Everything was perfectly prepared and true to its Greek roots. Tirokafteri dip was phenomenal on EVERYTHING we ate over the course of the meal and the honey-lemon chicken roasted on a charcoal rotisserie was outstanding. The salad was super fresh and it's clear the place doesn't settle for less than high quality ingredients. Highly recommend! Will be back when I'm in Nashville again.,77,462,1,0,0.0,0.0,0,0,none,high,"No mention of illness, contamination, or unsafe handling."
6227,1.0,1,3,2,"Didn't remember my shrimp allergy, didn't remember to not add butter to my chicken, didn't remember or listen to much of anything. The server women are all really nice. Super noisy Super dirty bathrooms. And I feel really gross now, probably shrimp contamination ...",44,266,0,1,0.0,0.146,0,1,allergic_reaction,high,Reviewer explicitly mentions feeling gross and suspects shrimp contamination due to an allergy
5036,1.0,0,0,0,"Came here for the great vegetarian options, but left very dissatisfied. Burrito was unseasoned, nothing inside only rice, and black beans. I wouldn't come here again. Definitely not real Mexican, and customer service was horrible.",35,230,0,0,0.0,0.192,0,0,none,high,"No description of illness, contamination, or unsafe handling."
1758,2.0,0,0,0,"Sushi eaters beware. My family and I just ate here. My family ordered cooked items off the menu, and they were fine. I, on the other hand, ordered a sushi bento box, and the sushi made me incredibly ill. It did not taste bad, but the fact that I got sick made this a 2 star experience for me. I am not new to sushi at all, and frequently get sashimi at other restaurants. This time, however, my stomach is killing me. If you come to this restaurant, make sure you get cooked food.",94,480,0,1,0.0,0.124,0,1,food_poisoning,high,Reviewer explicitly states they got sick after eating sushi.
99,1.0,3,4,1,"My fiancé and I went to Spraga last night..needless to say it was our first and last time dining at this establishment. We were pretty pumped to go here since we live right down the street and thoroughly enjoyed ourselves at Fat Ham a few weeks ago. The food was good but not show stopping. My major issues were with the service. 1 word. Unbelievable. We spent $180 on 2 people. When you spend that much money on a meal.. You expect perfection with food, service and ambiance. This place underwhelmed and now I have to deal with my fiancé who is still raging with last nights experience. Thanks Spraga. Issues: 1. Soups came before cocktails. I finally had to ask a manager where our cocktails we're because it so long. - not in my world if I'm paying $180! 2. First course came while we were still eating our soup..so we had 2 plates in front of us on a cramped table. Hello serving 101 at like the most basic restaurant in the world..Don't bring the next course when people are still eating their first! Again I would expect shit like this to happen if I were at TGI Fridays but I wasn't at TGI Fridays. I was at SPRAGA. 4. The waiter tried to remove plates while we were still eating from them. Say what? Not when I'm paying $180 on a meal son! You leave the plate until I am finished! 5. The waiter would awkwardly come to the table and just stand there.. Obviously we know he came to take our food order or dessert order but you say "" Is everyone ready?.. I'd like to take your order"" etc. WTF. Nope he just stood there... Weird! 6. Empty glasses/butter dishes left on the table throughout the meal. Sloppy. The server tries to take plates we are still eating from but leaves sangria glasses etc for the entire meal? I just. Don't. Get it. All in all food was good, not amazing and I've had better service at Tangier. If you are going to spend that much money go somewhere else.",355,1883,5,0,0.0,0.074,0,0,none,high,"No description of illness, contamination, or unsafe food handling."
866,1.0,0,0,0,The last order we placed 4 people in our group got food poisoning. I will never go back. Please beware,20,102,0,1,0.0,0.265,0,1,food_poisoning,high,Reviewer explicitly states that 4 people in their group got food poisoning after eating there.
5632,1.0,0,0,0,"When it comes to food allergies, this establishment is extremely unprofessional and lacking compassion. Our daughter has a severe egg allergy. When inquiring if any items are egg free, three uncertain employee's initial response was ""let's just go with a no."" My wife explained we've eaten here before and our daughter was able to eat some things off the menu. Then, the response was changed to ""you can go look up the ingredients online."" Out of frustration of the lack of knowledge and courtesy the employees had we asked to speak with a manager. The staff was extremely hesitant to bother her and delayed calling. Once they finally called and spoke with the general manager Raichel E. Roberts on speakphone we asked why there was not an allergy manual or something we could reference on site. Her response was if our child has a severe food allergy we could eat there at our own risk. We clearly understand and know that. As a result, our child with a food allergy did not eat there. I just wish we weren't treated like we were interrupting three teenage giggling employees from socializing and when calling manager there was at least an undertone of empathy in her voice.",205,1175,0,1,0.0,0.131,1,0,none,high,"No adverse event occurred, only a complaint about unprofessional staff handling of food allergies."
292,4.0,2,0,1,"Better than Hooters for both food and scenery. The servers here are certainly friendlier. The food is okay, basically pub food. The menu is small, but who comes to a restaurant like this looking for an expansive menu? We've been in a couple of times for lunch. They usually are seating immediately. The biggest downside is the parking lot. Some of those potholes could swallow a car.",67,383,0,0,0.0,0.035,0,0,none,high,"No mention of illness, contamination, or unsafe food handling."
5919,3.0,0,0,0,"It wasn't great but it wasn't bad. The food was good. I had a ham and cheese griller so you really can't mess that up. My mom had a club and my sister had a wrap. The wrap had honey mustard even though my sister said ""no honey mustard"". But I don't know if I can blame the cook or the waitress. Our waitress wasn't the greatest. She was a little slow and when we asked her what the soup of the day was she forgot to come back and tell us. When she did remember she couldn't remember what the soup was. Today it was cream or something, maybe crab or maybe corn and something vegetable. I'm not kidding that is what she said. Now as I am allergic to seafood they are very different soups! The prices there are pretty reasonable. For the three of us it was about 30 bucks. I will admit I have been there for breakfast and that was much better.",167,840,1,1,0.0,0.092,0,0,none,high,"No adverse event or contamination described, only a minor mistake with the order."
3878,1.0,1,0,0,"Food seemed like something I could make at home out of a package. Feel sick now, it has no real theme of what they are serving it's all over the place.",31,151,0,1,0.0,0.162,0,1,food_poisoning,high,Reviewer explicitly states they feel sick after eating at the restaurant.
6418,1.0,2,0,0,"Horrible, old, cigarette smelly (even tho we requested smoke-free); room was never serviced during our 2-night stay, toilet starting leaking the morning we left. Needs a complete, total, expensive remodel!!!",30,207,3,0,0.0,0.135,0,0,none,high,"No mention of illness, contamination, or unsafe food handling."
1261,1.0,0,0,0,"Not impressed, as someone who has food allergies, their disclaimer ""don't bother eating, please only drink"" on the menu, was perceived to me as rude. I eat out a lot, have a nut allergy and have never had problem with restaurants being more than willing to accommodate. I was excited to try the fish tacos...but I guess that won't be happening.",61,344,0,1,0.0,0.117,0,0,none,high,"No adverse event or food safety issue described, only a complaint about a perceived rude menu disclaimer."
3035,3.0,0,0,0,"Went to this Applebee's location with my girlfriend on 10/10/14 and it was ok. We ordered the 2 for 20 specials. I got the chicken penne and she got the steak. We both had mozzarella sticks with the order and both enjoyed it. When our food came it was different. I enjoyed my penne but her steak was rare, when she asked for a medium. Not only that but her ""steamed"" broccoli was hard as a rock, however she liked the potatoes. We are both culinary arts students and knew that it was rare because of the pink/red center. Despite dinner, it was still a good date, because we played mini golf at Congo. A little advice, order a medium steak if you want rare because chances are you may get sick if you ask for rare and its raw.",140,725,0,1,0.0,0.041,0,0,none,high,"Reviewer mentions undercooked steak, but no adverse event occurred."
5792,1.0,3,2,0,"This review is based solely on the customer service provided by the owner Joel ... In early March my family was celebrating my son's 3rd birthday and to keep it simple we ordered pizza and wings from Joel's. My husband picked up the food and when he got home, we noticed they forgot all of the wings we ordered (20). I called that evening and the girl on the phone told me she was sorry and I would be credited back the amount on my card. I waited two weeks and didn't see the credit on my card, so I called Joel's back and was told I would have to speak with Joel about the issue and that he wasn't in. A few days later Joel finally got around to calling me and was 1) not apologetic at all about the issue and 2) told me I had to come in and manually swipe my card in order to be issued a refund (this is inconvenient, but I agree to come in ). The day I was supposed to go in, my son got sick at school and I had to pick him up and couldn't make it to Joel's. I called to speak with Joel about arranging another time, but he was gone. I have since left no less than four messages for Joel and he has failed to call me back. Two of the messages were left with a young girl in the evening and every time I spoke with her, she had an attitude. The girls I spoke with on other occasions were very nice. I don't know if his staff isn't giving him the messages (unlikely) or if Joel just doesn't care about his customers. Either way, we will never use Joel's again. I support local businesses, but not when they're ran the way Joel runs his shop. This matter could have been cleared up quickly with a simple apology and quick refund.",327,1630,0,1,0.0,0.066,0,0,none,high,"No description of illness, contamination, or unsafe food handling."
4513,3.0,0,0,0,"I really like this sushi restaurant. I've been twice and I really like their expansive menu. Both times I ordered the truffle salmon and that is actually why I went back the second time. Unfortunately, the second night both me and my mom got sick after dinner so I don't think im in a rush to go back. The fish seemed fresh and we weren't sick long, but something wasn't right.",71,377,0,1,0.0,0.085,0,1,food_poisoning,high,Reviewer and companion got sick after eating at the restaurant.
6735,4.0,4,0,2,I loved the idea of dinner with a movie and the people here r really nice. There's nothing bad about this place EXCEPT the terrible sound. The sound in this theater is so quiet u can hear ur neighbors eating their food... Wish the sound was better. The prices r reasonable and worth it cuz movie theater food is normally expensive anyway. Other than the sound this cinema is definitely worth coming to atleast for a try. Overall it was a really fun experience :-),85,463,0,0,0.0,0.032,0,0,none,high,"No mention of illness, contamination, or unsafe food handling."
5937,5.0,0,0,0,"Very good for breakfast. The portions are huge. Our server Frank was very attentive and made sure everything was great. The manager Tim came over and we ask if we needed something cooked special for allergy reasons and he said yes they can accommodate for that, just let the server know when ordering. Coffee is very good and my wife had the tea and it was also good.",68,367,0,0,0.0,0.0,0,0,none,high,"No mention of illness, contamination, or unsafe handling."
6491,4.0,2,0,0,"After driving pass all the seafood restaurants around Clearwater Beach, I knew wanted seafood right there and then. I wasn't familiar with the area and did not do any yelping before hand, so was pretty hesitant to just blindly pick a restaurant. Finally, after a long day at the beach, we made a quick walk across the street to all the restaurants and thats when we stumbled into Crabby Bill's. We ordered the $25 bucket of steamed seafood. It was decent, not necessarily the best fresh seafood. This was just a quick snack that I shared with one other person to keep us going before our big dinner at Bern's Steak House that we had reservation for a couple hours later.",121,670,0,0,0.0,0.045,0,0,none,high,"No mention of illness, contamination, or unsafe handling."
225,2.0,0,2,0,"I would normally give Honeys 5 stars. On saturday I went with a group of 7 people. Since Honeys is one of our favorite places to get brunch, we knew that we would have to wait up to an hour for a table. Since they have such good food, it's worth it. But this is why I'm no longer going to go there, and the reason for the two star rating: The hostess was horrible. There is only ONE table that can seat up to 8 people. We went in, she told us that the previous party has been sitting there for a while and would be done at any minuet. She also told us that we would be the next people to sit down. We thought, great! since they were putting on their coats and getting ready to leave. After the staff was finished cleaning up the dishes from the table, the host sat down A PARTY OF THREE PEOPLE. that also, CAME AFTER US!!! I just don't get it. There were plenty of other tables available, so why sit a party of 3 at the only table that can comfortably sit 8? I understand going to Honey's with a party of 7 isnt the smartest idea, but when the hostess tells us that we would be next in line for that large table,and then sits 3 people, that is the dumbest thing ever. Needless to say,I am never going there again. They blew it, they lost our business. we left and ate at the foodery on 837 N 2nd St.",262,1299,4,0,0.0,0.072,0,0,none,high,"No description of illness, contamination, or unsafe food handling."
2808,2.0,1,2,0,"It's been quite a while since I've done the college bar thing and quite frankly I wouldn't bother with a review because we've all been there (speaking of the environment) But my friend had a bday party in the private room downstairs. First I appreciated that because we were on a guest list I didn't have to pay a cover, get frisked or have my handbag rummaged through. I was however scared to death to descend the the very steep staircase that led to the private room teetering on my heels. I held the railing for dear life. Once downstairs I have to say that I was sorely disappointed with the space. There was absolutely nothing special about it. Just a hodgepodge of tables and chairs, some random booth seats and a bar. No decor, nothing that gave you the specialness of being in a private space. Me and my party pal felt like we had just been shoved into someone's basement. Also I was so damn hot I couldn't stay down there. Unlike upstairs where the parameters are all open windows, the basement was cave like. My gf and I made our way back up stairs and nabbed two seats at the bar where we remained for the rest of the night. Yikes Copa, you can do better.",219,1166,0,0,0.0,0.1,0,0,none,high,"No mention of illness, contamination, or unsafe food handling."
2178,3.0,2,0,0,"I think this place has a lot of potential, but the food is really hit-or-miss right now. Either it's really interesting and tasty or boring and blah. We've been here twice - once for take out at dinner time and once for lunch. It's important to note that while it's called The Local Taco, these aren't really Tex-Mex or Mex style tacos, they're sort of ""high concept"" tacos, really more like low carb sandwiches - which I think contributes to the uneven flavor, since they haven't really perfected any one particular flavor. Pros: *The patio is really awesome - nicely shaded, good air flow, nice seating *Some of the tacos are incredibly tasty, especially the Korean BBQ, the local BBQ, the carnitas and the Southern chicken *They have a lunch basket that comes with 2 tacos & choice of a side (black beans, refried beans, or rice) for $6.50 - a reasonably filling & reasonably priced lunch *Definitely feels cleaner and less-likely-to-give-you-food-poisoning than SATCO and, despite the uneven food, was still overall better tasting than anything I've ever had at SATCO. Cons: *Some of the food is horribly bland. The black beans? I've made better from a can with a dash of salsa. The refried beans? Meh, again, tasted like from a can (but blander). The cheese dip? No spice at all. *While some of the tacos were especially tasty, some were just bad - in particular the shrimp (didn't taste like shrimp), the tequila chicken (didn't taste like anything), and the chorizo/potato (which had less texture than pureed baby food) *The parking is total crap. They have a tiny lot and they have a valet who takes up a few of those spots. It looks like it's possible to park in some of the lots across Murphy Road, but personally it's not a great road to cross on foot with the crazy busy traffic *Totally overhyped in the local media/blogs, so the place is really packed all the time & the wait times (especially for dinner) can be long *No free chips & salsa. With the prices that they're charging for tacos? There should be free chips & salsa. I think if they work on some of their flavor combos, add some spice to the beans and cheese dip, and can speed the ordering line up a bit, this can be a great place. As it stands now, it's just ok, verging on overpriced for the quality of the food.",411,2289,0,1,0.0,0.089,0,0,none,high,"No described illness or contamination, only complaints about taste and quality."
5138,2.0,0,0,0,It was a group of us and we had issues with our order. We had to send back some of our orders. The coffee was cold the omelette was disgusting taste as though they didn't clean the griddle it was cooked on. Two of my friends had steak and it was burnt!,52,252,1,0,0.0,0.104,0,0,none,high,"No described illness or contamination, only complaints about taste and quality of food."
6965,3.0,4,2,2,"Arrived at noon and found the parking lot packed but the restaurant pleasantly spacious. We ordered one of their new pizzas - the Meat Overload and was pleasantly surprised by both the flavour, variety, and amount of meat. I'm not usually a meaty kind of girl but hubby was super excited to try this one! I like the crust - chewy but light and the sauce was flavourful! My toddler had a kids' meal of chicken strips with steamed veggies for a side and there are onions in the veggies - BIG THUMBS DOWN! What toddler likes steamed red onions in their veggies! Also - the dessert options with her kids meal were truly odd - my daughter chose the chocolate pizza which turned out to be a little chocolate in the shape of a pizza (think chocolate coin) - not what I expect at a restaurant. Perhaps pictures of the options would be helpful. I mean - they didn't even offer a small scoop of ice cream as an option for the kids dessert and how much could that really cost them? They would get 4 stars for the pizza but 2 stars on the toddler meal so it averages out to 3 stars for my overall review. Service was a bit slow - I inquired about eggs in the meatballs because my baby has an egg allergy and it took nearly 10 minutes for the server to get back to me. At first she said there wouldn't be eggs in meatballs but I asked her to check with the chef anyway, and sure enough, their ingredient book listed it - not too surprising as eggs are frequently used as a binding agent. Hubby and I shared the Sticky Toffee Pudding for dessert which was delicious but the ice cream scoop on top amounted to maybe 5-6 spoonfuls - quite pitiful. The Sticky Toffee itself was yummy but we could have used a little more ice cream. As a side note, I took my daughter to the women's washroom which smelled atrocious! Whatever chemical they used in there smelled like a freaking urine cake - I seriously wanted to vomit. So I'm left 50/50 on this one - Pizza was quite good, toddler meal was disappointing, and dessert was good but needed more ice cream. We would have liked to order the special of the day for an appetizer (1/2 price wings) but it was quite difficult getting our server's attention for normal things like napkins and water refills so we never did get to order the Wings not that we needed any more food! Between the two of us we only ate 1/2 the large pizza. I think we will try them again but without a kid or two in tow. I uploaded pics of the pizza! (And I did her another patron talking with the manager inquiring as to why the Wi-Fi wasn't working and the manager noted they had been having difficulty with it lately).",499,2622,7,1,0.0,0.056,0,1,allergic_reaction,high,"Reviewer's baby has an egg allergy and the server initially said there wouldn't be eggs in the meatballs, but they were actually present."
1355,3.0,0,0,0,Really nice atmosphere and ambiance. My wife and I went for Valentine's Day. Se ordered from their pre fix menu and I got the chicken. The entrees were excellent! We weren't too impressed with the cocktails but then ordered sangrias which were good.,43,249,1,0,0.0,0.038,0,0,none,high,"No mention of illness, contamination, or unsafe food handling."
3332,2.0,1,1,1,"The building was beautiful . That's about as good as it gets. We had family in from out of town . We had a party of 6. We had reservation for 630 on a Monday . We ordered drinks . They all came to the table but one . My aunt from Alaska ordered a dirty martini . It took 15 mins to show up at table .The waitress, couldn't remember anything . I had the half chicken with garlic fries at 18dollars. The fries has so much oil on them couldn't eat them. The menu doesn't have much selection . Dinner and one round of drinks for 5 and dinner for 6 people cost 250 dollars. It definitely wasn't worth that! My partner and I travel a lot for business and have been many places with way better food for around same price. Then top it all off my partner was sick all the next day. Touch of food poison ?To many issues to go on ! Just very disappointed!",171,844,3,1,0.0,0.114,0,1,food_poisoning,high,Reviewer's partner was sick the next day after eating there.
1846,5.0,0,0,0,Cheap. Large portions. The flavor is OMG! The bar just sets it off. I will be a regular here!,19,93,2,0,0.0,0.0,0,0,none,high,"No mention of illness, contamination, or unsafe handling."
1122,1.0,0,1,0,"I will never buy anything from this business after the way I was treated by their female employee. After walking around the French Market shopping for a few hours in the heat of New Orleans in July sick with a sore throat and head ache, I sat down at their counter for a moment while waiting for my father in law to finish purchasing something from the stand across from them. The worker literally screamed at me to stand up if I wouldn't buy anything, even though literally NO ONE else was sitting at their bar stools and I was feeling so bad I was in tears. There were probably 20 bar stools which were all empty. I would have understood if other customers needed the seats!! After spending a week in New Orleans and adding to the local economy I was pretty offended that I would be treated so poorly for simply sitting down for less than 5 minutes. It was the worst anyone has treated me in all of New Orleans.",173,913,2,1,0.0,0.158,0,0,none,high,"No mention of illness, contamination, or unsafe food handling."
6502,1.0,1,0,0,"This restaurant came highly recommended even by yelpers. It was the most disappointing meal I ever eaten! Fresh fish was not and came swimming in grease! Geri.led shrimp we not grilled and also took three napkins to soak up the grease!!! Cold refried beans! Cold rice! Server paid for ur $9 maruguaretta, served up because their blender was broken???? Actually got physically sick at this one!!!",66,395,10,1,0.0,0.12,0,1,food_poisoning,high,Reviewer explicitly states they got physically sick after eating at the restaurant.
2958,5.0,0,0,0,"Love it here! Their sips mocha is my go-to. Staff has always been so nice! Absolutely love that they have a drive thru too, helps not to unload my kiddos. Oh and their cakes are amazing too!",37,190,3,0,0.0,0.0,0,0,none,high,"No mention of illness, contamination, or unsafe handling."
5960,5.0,0,0,0,"These guys are awesome! Best burger restaurant in New Orleans. Service was on point, they made sure we had our food in a timely manner and food is fresh. We flew in from Atlanta, And this is the first place we went to. And we will definitely be back before we leave. My friends ordered the Gator burger and the deer burger. I personally ordered the buffalo wings, which was very good. We left super happy! Btw they're drinks are very good too!",83,443,3,0,0.0,0.011,0,0,none,high,"No mention of illness, contamination, or unsafe handling."
7334,1.0,0,0,0,"I can't even begin to say how disgusted I am by this place, in so many ways. We waited probably an hour to be seated, and at least 15 minutes went by before we were approached by anyone once we sat down. I saw a very sick looking employee go back and forth from the kitchen several times while coughing everywhere. Eventually a server came by and apologized, and explained they were understaffed. That was obvious, I think I saw maybe 3 or 4 servers total. We attempted to order scotch eggs and fried green tomatoes, but they were sold out of both. We opted for mac and cheese, which clearly had marker ON THE NOODLES because it had last weeks date written clear as day! The atmosphere seemed cute at first but it was hard to enjoy with all the hollering and cussing coming from the open-door kitchen. My chair felt like it was going to break beneath me. Our food came out cold, on dirty, chipped plates, and my coffee had grounds in it. I've never been somewhere with such high reviews and been so sourly disappointed. I started to mention my disappointment to the lady at the front on our way out. I asked if today was ""normal,"" and she responded with ""yes, it can get a little crazy on the weekends sometimes,"" and laughed and smiled very politely. It seemed like a waste of time to go further, but I will not return.",247,1320,1,1,0.0,0.093,0,1,unsafe_handling,high,Visible spoiled food (marker on noodles with last week's date) was served.
6566,1.0,0,0,0,It was the worst experience I have ever had at any restaurant. Terrible service they gave my mom the wrong order she's allergic to peanut butter and she told them she wanted the berry one then instead of making a new one the cooks just wipe off the peanut butter and serve it to her she had a reaction right away and when we brought this to the servers attention he lied and said it comes with peanut butter then the manager of the restaurant yelled at my husband and refused to give a refund! Worst place worst service!!! Don't eat there!!!!,102,542,8,1,0.0,0.229,0,1,allergic_reaction,high,"Reviewer's mother had a peanut butter allergy and the restaurant served her a dish with peanut butter, causing an immediate reaction."
945,1.0,0,0,0,"After a 90-min wait (we were told it would be an hour), I went for dinner with my sisters. The food was just okay and over-priced. The polenta wasn't the best I've had, the cheese empanadas were not empanadas but rather fried little puff balls (and if they're going to be vegetarian, there should more more, not less of the meat ones), the cauliflower was pretty good but again, not worth the price. But let me tell you about our service! First the server brought out the wrong wine for my sisters (they got a red cab Mendoza, a white Chardonnay was delivered). Nobody really checked on us except to ask if we wanted to order more food. Then! One of my sisters PULLED A REALLY LONG HAIR OUT OF HER MOUTH AFTER TAKING A BITE OF FOOD!!!!!!!! When we alerted our server, his response was, ""ew, I'll be sure to tell the chef."" NEVER did we get an apology, nor was the item replaced nor taken off the check!!!!! And on top of that, he charged us for the red AND the white wine!!!!! The sister who had the hair is super polite and it was impressive that she even alerted him of the hair, so unfortunately she did not fight to have the item taken off, regardless of my urging her to do so. Alas, I decided to share this review. That hair was LONG AND NASTY! No way will I return. What a shame.",247,1286,21,0,0.0,0.111,0,1,contamination,high,Physical contamination: a long hair found in food.
5877,1.0,0,1,0,"I come to this Mcdonald's because it's closest to where I live and I always have an awful experience. Today, it took over 15 minutes to get my food after ordering at the drive thru. Then, when they finally brought out the food, it was completely the wrong order. They then brought out the ""correct"" order, which was still the wrong thing. By that time, I was sick of waiting and knew that the chances of getting the right order were slim to none. This is the worst McDonald's I've ever been to. It's embarrassing that no matter when I come, they are never able to prepare the right order.",110,588,0,1,0.0,0.182,0,0,none,high,"No description of illness, contamination, or unsafe handling."
6076,2.0,2,0,0,"I stopped in yesterday to ODB's new location after a procedure @ Cottage Hospital. I wasn't allowed to eat a day prior to procedure so I was hungry. Nurse told me ODB is now close by. Oh goodie! When I placed my order ~Cubano sandwich, with wheat&walnut, cranberry bread.....only that (my favorite) bread was not available. iI almost walked out. I should have. It took f o r e v e r to get my sandwich, it was 'eh, just not the same yummy taste, salad was smaller and if I'm correct, it cost $2 more than at at old location! So, I'll give ODB a 2 out of a 10. 10 being the best. Sorry guys, but you gotta step it up! P.s. the lemon bar was so dry. ;( ick, I didn't eat it all. ;(",138,679,3,1,0.0,0.044,0,0,none,high,"No description of illness, contamination, or unsafe handling."
6571,5.0,4,0,0,"Wow!!! A client recommended this place to me. Like a million other New Yorkers, our move to Tampa has NOT found great food. This place is the real deal. If I could give ten stars I would. Deli/ coffee/ bakery.... homemade pasta. Everything you need and even what you don't. This will be on my monthly shopping list for sure. Treat yourself! P.s.... the meatball parm sub was amazing, well worth the drive from Tampa!!",75,417,6,0,0.0,0.038,0,0,none,high,"No mention of illness, contamination, or unsafe food handling."
5286,3.0,2,2,0,"Why do people come to Satco? Well, for the beer, and the food, and being able to sit outside on the deck. This place is really Nashville. It's usually filled with Vandy students, but I've seen families and all kinds of folks here. The food is decent. It's not your best Tex-Mex ever, but it is simple and cheap and relatively fast to come out. No waiter service, you just order at the counter and wait for your order. Is the service outstanding? Well, no, but then they're not working for tips. I learn so much by reading other reviews I wanted to make a few points. 1. I had never heard of a sorostitute before. Thanks for introducing me to this word even though I'm almost offended by it. 2. I'm really sorry you got food poisoning, but unless this was the only restaurant you ate it, isn't it hard to say what really caused it? Anyway, would I come to Satco by myself? Probably not. Would I come with friends to have some beer and enjoy a nice summer day? I definitely would.",185,978,0,1,0.0,0.091,0,1,food_poisoning,high,Reviewer mentions 'I'm really sorry you got food poisoning'
264,3.0,0,0,1,"It Friday, we didn't want to cook...we had heard Edison's had good deals with good food. I was skeptical! But, I'm now impressed! The food is very good. I was worried about several items on the menu and asked if they were gluten free. The cook came over to talk with me and with his help I picked a nice variety that I wouldn't have imagined that I could eat: portabello mushroom stuffed with crab meat, cream cheese with roasted tomatoes on top, bacon wrapped chicken livers with Asian sauce, beef kebab with mushrooms & green peppers, roasted Brussel sprouts and corn on the with parmesan cheese. This came with house salad and two glasses of wine for $20. It was a good deal! Bonus- we are on the patio with warm sun and a nice breeze. After days & days of rain this is just what I needed. Plus, a live guitar/harmonica playing singer Joe Fry Guitrrguy, playing 60s-80s tunes. I may embarrass John and do a dance! Extra bonus- they have a peated Scotch! I'm loving it. The reason I have gone from 4 stars to 3 is because I had some digestive upset the next morning: having celiac disease I cannot have more than 1/4 of a teaspoon of gluten, if I do I have issues. The food was wonderful, but there was some gluten contamination.",229,1231,5,1,0.0,0.047,0,1,unsafe_handling,high,Reviewer experienced gluten contamination due to unsafe food handling.
6660,1.0,1,0,0,"Great reviews, I thought. Good holiday lunch last year with the office, I thought. Would be good for an anniversary dinner, I thought. Well I thought wrong. The server recommended a drink that literally made me sick; overpriced steaks; the potatoes were blah. The only memorable part of the evening was the sticker shock. Yes, when I pay over a hundred dollars for two people I expect shock and awe, not shock and ""what?"" Maybe it was just an off night, but I won't be back.",86,474,0,1,0.0,0.136,0,1,food_poisoning,high,Reviewer explicitly states that a drink recommended by the server made them sick.
3648,1.0,1,0,1,I had dinner there on New Years Eve. Very bad choice. The next day I woke up sick. No it's not drinking. Don't drink at all. Woke up from constipation and being woken throwing up in my bed. Add this to fact the sushi is twice the price of elsewhere in Philly. Nothing special plus the room is sort of like The Sardine Bar in Chicago (cramped) without the great food and Jazz,73,374,0,1,0.0,0.181,0,1,food_poisoning,high,"Reviewer woke up sick the next day after eating at the restaurant, with symptoms of vomiting and constipation."
1767,5.0,0,0,0,"This is a small coffe place own by Karyn, a blond sweet lady with a big smile! Great coffee and they have drive through",24,119,1,0,0.0,0.0,0,0,none,high,"No mention of illness, contamination, or unsafe handling."
850,1.0,8,3,0,"This place pissed me off so bad. I usually write longer reviews but I dont even want to waste my time on this place. We eventually got our food for free after going back and forth with a manager with poor customer service skills. It damn near took an act of god for her to even be concerned. We waited almost two hours for our food because the ""kitchen"" lost our order however Im pretty sure our waiter who by the way had the worst breath I've ever smelled, barely spoke English, and had yucky stuff in the corners of his mouth played a role in that considering he came back to take our tables order 4 times. He did not go over the menu which had no prices on it so it was difficult trying to figure out what to order. Another patron actually told us the prices and even put us down with a 35 dollar special that we never heard about either. It was freezing in there. We moved twice because it was so cold. They had some ""performers"" which would have been a cool show if it wasnt soooo loud and actually sounded like something other than clanging cymbals and gongs. My eardrums were literally hurting bc the place wasnt large enough to accomodate the decibel level. The place is unsanitary. They gave us used utensils initially, there were no paper towels at their dirty handwashing station and the buckets that the ""delivery guy"" brings your food out in are filthy. I saw some reviews that mentioned having diarrhea after they ate here. Thankfully none of us got sick but I'm not surprised that others have. I can only imagine what the kitchen looks like or what other sanitary violations are going on. The food was actually good when we finally got it but there are way too many similar restaurants popping up over St. Louis for me to go back here.",326,1750,0,1,0.0,0.155,0,1,unsafe_handling,high,"Reviewer describes unsanitary conditions, including used utensils, dirty handwashing station, and filthy food delivery buckets."
6012,2.0,2,1,1,"I'm not sure about the 3 1/2 star reviews I found on here. We had Sunday brunch, which wasn't overly impressive, but we went back for dinner because we had Comp points to spend. Dinner was essentially the same menu as brunch. Nothing wowed me, except for the wonderful service. Meat was all pretty dry at the carving station. The selection itself was fairly underwhelming, and it seemed to be more like a school cafeteria than a buffet. I've heard that the salad bar in jail is better than that, and I have personally had hospital food better than this. I almost broke my tooth on something hard in the sausage. Compared to other casino buffets I have seen, it was lacking the wow factor. The gelato selection was decent. For the price, it will fill you up, but don't expect to expand your palate. The Buffet at Atlantis is much better.",152,836,0,1,0.006578947368421,0.082,0,0,none,high,"No description of illness, contamination, or unsafe handling."
411,4.0,0,0,0,"I was impressed with this pizza place's selection. I stopped in for a quick bite and ordered a roast beef sandwich (that was very delicious.) The sandwich did take about 15 to 20 minutes to get out of the kitchen. Seating is non-existent in the restaurant, but there is a community patio next to Castrillo's. I am excited to try their pizza. I've only heard good things.",67,370,0,0,0.0,0.021,0,0,none,high,"No mention of illness, contamination, or unsafe food handling."
6972,2.0,1,0,1,"Let me start this by saying I've been to the Bj's in citrus park and I like it. That being said this particular bj's doesn't live up to the other location. My girl got an old fashioned and there was something wrong with it. I think she forgot to add the bitters because it tasted like cough syrup. The muddled fruit looked more like a baby got sick in the glass. I don't usually write reviews with a negative theme, but I felt the need to warn people about this location. After the drinks we got chips and siracha dip, it made my and my girl's stomach hurt later that night. Don't give up hope though, if you like bj's try the one in citrus park mall.",127,651,0,1,0.0,0.126,0,1,food_poisoning,high,Reviewer and companion experienced stomach pain after consuming food and drink.
6016,1.0,0,0,0,Was the worst Food I have ever eaten. I ordered the Chicken Satay with peanut sauce. The chicken had no curry flavor and the peanut sauce was liquid and NO peanut flavor. I also order Pad Thai and I have eaten this dish all over the country. I ordered it spicy. Well this was worst than the Satay. It came out with uncrushed peanuts. It had NO curry in it. All is was was rice noodles in fish sauce and chillies. I have been sick all day from this food. I would NEVER eat there again.,96,484,0,1,0.0,0.189,0,1,food_poisoning,high,Reviewer explicitly states they have been sick all day after eating the food.
5462,1.0,0,0,0,Whole family got sick after eating here. The frozen yogurt was pretty but did not taste good. Would not go here again or recommend it.,25,134,0,1,0.0,0.166,0,1,food_poisoning,high,Reviewer explicitly states that the whole family got sick after eating here.
5612,4.0,0,0,0,"Food is absolutely amazing!!! The drinks were pretty high priced but if you are going just for dinner it's completely worth it. I found this place on yelp and after reading reviews, I couldn't wait to go. It was everything I expected. A must go.",45,245,3,0,0.0,0.0,0,0,none,high,"No mention of illness, contamination, or unsafe handling."
2533,1.0,0,0,0,Well it's turned into one of those CLOSE TO CAMPUS places. The person taking the orders was not very smooth. But the DEAL BREAKER was the food POISONING. That's Right food poisoning. I spent the rest of the day between the couch and a little boy's room. Won't be back to this place. I might add it either came from the eggs not being cooked or the additives. If you're under 30 you might like this place if you're over 30 save yourself an illness. YMMV.,86,453,0,1,0.0,0.149,0,1,food_poisoning,high,Reviewer explicitly states they experienced food poisoning after eating at the restaurant.
509,5.0,0,0,0,"My brother came to visit and we wanted to pick up a six pack of good beers for a night in. Ended up staying and having a few while playing their Nintendo 64 (Super Smash Brothers, which the owner said was donated by fellow patrons). It's a great place with good food and genuinely nice people. Should be a staple in the Northeast.",63,330,0,0,0.0,0.0,0,0,none,high,"No mention of illness, contamination, or unsafe food handling."
1899,4.0,0,0,0,"When you walk in you go up to the counter to order, you are given a buzzer to let you know when you order is ready to go back up and get your food. After ordering you grab your cups and go get your drinks. Now your adventure begins, stroll out to the back of the property and you're greeted with an awesome ocean view. As others have said there is a great big sandbox with toys for kids to play but the best part is the great ocean view and atmosphere for the adults. We had the grilled fish & shrimp tacos. They were good - everything was very fresh. Tacos come with a large side of fresh made tortilla chips & pico de gallo. Will definitely come back and try other items.",134,673,0,0,0.0,0.0,0,0,none,high,"No mention of illness, contamination, or unsafe handling."
1740,1.0,1,0,0,If I could give this negative stars I would. The service was slow and the employees were rude. All of my friends and I got sick afterwards and could not enjoy our last night in Nashville.,36,187,0,1,0.0,0.3,0,1,food_poisoning,high,Reviewer and friends got sick after eating at the restaurant.
5535,4.0,0,0,0,"fuck yes. meat, bourbon libations, and a salad (to round things out aka make myself feel better about ingesting the aforementioned two items.) i took myself on an early birthday date with myself and was not disappointed (neither in the food nor the company). i had a medium rare plain burger to see if it was worth all the fuss...no cheese, bacon, dressing, etc to disguise the quality of the meat. (of course, no bread either since i'm gluten free.) the burger was great - perfectly cooked and seasoned... though, i felt like a bit of a freak sitting at the bar eating my burger with a knife and a fork. i'd like to come back to try a fancypants burger since the extras look pretty tasty. the salad was so-so; it was no frills with the perfect amount of dressing. the bartender-cum-waiter was super attentive but not cloyingly so. he made delicious sazeracs to accompany my repast.",158,882,0,0,0.0,0.053,0,0,none,high,"No mention of illness, contamination, or unsafe handling."
3990,1.0,0,0,0,"Caution- Absolutely - stay away. There was nothing about the food that can redeem how unusually bad the food was here. While the staff is very accommodating, you're better off skipping this restaurant. I worked in a very large well known Cajun/creole restaurant and what we were served was very bland and poorly prepared. Red beans were definitely from a can. I didn't taste any of the distinct flavors of red beans n rice. There was no ham hock flavor, no bay leaf flavor or discernible mirepoix flavor. The collard greens tasted like they had been boiled without any additional seasoning and served, poorly drained. I couldn't eat it. The jambalaya was also very odd, most definitely from some prepackaged mix. The jambalaya barely had any meat in it and was definitely not close to anything like jambalaya. They aught to be ashamed of calling that Jambalaya. It was more like frozen mixed vegetable rice pilaf, seriously. Jambalaya ""jambon a la aya"" the jambon (ham) is the core of the dish, seriously. Wtf. If the management is reading this: revise your recipes and quality check often. It's a downward spiral when you sacrifice quality. One of us who are the crawfish etouffe had terrible food poisoning. I think there are issues with storage, food rotation, labeling and training. Several hours after writing the review, I was sick.",227,1338,0,1,0.0,0.134,0,1,food_poisoning,high,Reviewer explicitly states they had food poisoning after eating at the restaurant.
5886,1.0,0,0,0,"The service was great! Our server was nice and friendly and good at her job. That's the only reason I'll give them one star. The food was NOT good! We had the conch fritter appetizer. They tasted old and like they were fresh from the deep freezer. My husband had the fish tacos and I had the blackened scallops. Both meals tasted okay, as in not good but we needed something convenient since our 8 month old was getting fussy after my husband shopped at bass pro. But within a few hours of eating we've both gotten sick. We should have left when we noticed we were one of FOUR tables in the entire restaurant at 6pm on a Sunday. Just save yourself from the stomach ache and avoid this place.",131,691,2,1,0.0,0.073,0,1,food_poisoning,high,Reviewer and their husband got sick after eating at the restaurant.
892,4.0,0,0,0,I tried the Diablo omelette I like spicy and it was delicious staff was friendly good Corner Cafe,18,97,0,0,0.0,0.0,0,0,none,high,"No mention of illness, contamination, or unsafe handling."
1474,5.0,1,0,1,"Outstanding service, food and drinks. The Mojitos, Cava Martinis and Espresso Martini are unbelievable. The food is beautifully prepared and delicious! The prices are so reasonable and the staff will do anything to make your experience perfect. The food is definitely a blend of Spanish, Mexican and other Latin American cuisines. On our trip to Mussel Shoals we made the drive to Cava twice. Bravísimo!",65,403,2,0,0.0,0.0,0,0,none,high,"No mention of illness, contamination, or unsafe handling."
4117,1.0,0,0,0,"I am from Dallas and we stopped here to eat. Found this one close to our hotel in Vanderbilt area. Was super excited as I saw the reviews were mostly good. Was in the mood for some good ribs!! We got a front parking spot and we beat the evening rush! Ordered 2 meals (one for me and one for my husband) half rack of ribs, Mac and cheese, and the corn. Found a seat and got our food brought to us rather quickly. My husband first says... how do you cut these? Couldn't even take apart the ribs with the plastic Knife they gave us. So I tried mine ... yes they are not fall apart ribs AT ALL!!! Had good flavor but really had to chew them. I went to cut another rib and I noticed how my ribs were rather a pink color than a white like my husbands. I squeezed it and noticed blood. OK THESE WERE NOT COOKED. I showed of the workers and he even made a face amd he grabbed them from me and went to the back. 15 min later the same kid comes out and gives me another 1/2 rack. These were definitely cooked and was easier to cut with my knife. I am not the one to go on and on ... but I DIDN'T EVEN GET ANYONE FROM HERE TO COME OVER TO ME AND APOLOGIZE OR OFFER ANY SORT OF SYMPATHY. YOUR FOOD WAS RAW! Woke up and thank goodness I wasn't sick because of this. So if you want undercooked tough ribs with horrible service ... then this is the place I recommend.",276,1352,7,1,0.0,0.049,0,1,unsafe_handling,high,"Reviewer discovered raw, undercooked ribs served by the restaurant."
1245,1.0,0,0,0,"Got food poisoning from the Reuben. Calling the health department. Never going back. My wife loves this place. Why, I have no idea.",23,131,0,1,0.0,0.209,0,1,food_poisoning,high,Reviewer explicitly states they got food poisoning from eating at the restaurant.
1881,5.0,0,0,0,"Oh my goodness if you ever want to start on a health ""trip"" this is the place to start. They have so many different vitamins (hence the name), healthy dietary supplements, beauty products and homeopathic items as well. The staff was super helpful in assisting me find some of the items i needed to make my very own moisturizer. They helped me locate the items they had and provided suggestions for items they did not have. They also have a rewards program for frequent shoppers - LOVE THAT! And they accept digital coupons- LOVE THAT TOO!",96,538,2,0,0.0,0.0,0,0,none,high,"No mention of illness, contamination, or adverse event."
2813,3.0,0,0,0,"It's a classic New Orleans restaurant, known for BBQ Shrimp and classic Shrimp & Grits (among other things). Ambiance is nice, service is extremely professional and quite good at understanding each table's needs, so my overall experience has been pretty good on a couple visits. Cocktails and wine list are good, and they even dealt well with a nice bottle of wine I brought to complement those we bought for a larger work dinner. Everything was quite nice on my most recent visit from food to service to overall atmosphere. The issue I had is that myself and two other co-workers who ate the shrimp & grits all came down with clear food poisoning symptoms after eating here. This was the only meal and common food item shared between the three of us, and it's clear that Mr. B's was the issue. Understandably, this was the night after the hurricane that closed down the city on a Saturday night so I have to think this contributed to some food ordering and storage issues for a number of restaurants in town. However, it's much less understanding when it's you who is sick for days afterward, or in this case my boss who had to finish up a conference and fly home on the evening after his symptoms hit. Not fun at all. In theory, Mr. B's is a good choice for classic New Orleans food. In reality, I don't think I will be able to go back for a long time. The bad experience was probably due to extenuating circumstances from the hurricane but regardless it seems that a professional kitchen needs to be able to do better.",277,1521,0,1,0.0,0.031,0,1,food_poisoning,high,Reviewer and two co-workers experienced clear food poisoning symptoms after eating the shrimp & grits.
1851,5.0,0,0,0,Only the best Mexican food in Florida!!!! Since the first day I tried it I love it I keep coming back!!!,21,104,7,0,0.0,0.0,0,0,none,high,"No mention of illness, contamination, or unsafe handling."
5100,4.0,0,0,0,"Really liked the atmosphere sushi was great. Service wasn't as attentful as we wanted on a slow day, but was alright. Will go back again. Anytime the sushi chef makes it look like art with small details of the knife and placement of ingredients you know it's good. For that reason would go back! Not a huge fan of habachi so that's not what I would go there for.",69,362,1,0,0.0,0.062,0,0,none,high,"No mention of illness, contamination, or unsafe food handling."
728,2.0,0,0,0,"Over priced and over hyped. We were visiting Nashville and an internet search for restaurants showed this was one of the places to go to in Nashville. We went for brunch. I had a good feeling when we first when in and Zeppelins Over the Hills and Far Away was playing but that was probably the most memorable thing. We didn't start off with the whippped feta, which seems to be the big thing there, maybe that's why we didn't have the same experience as other people. I ordered the French toast cinnabon thing which was fine. My wife however, had the Shakshuka and did not like it at all. Too spicy in the morning, and as someone mentioned in another review, it would have been nice if that was mentioned (although it does say spicy on the menu, I think she was expecting a different spice). Also, the poached egg to me was disgusting. My wife used a spoon but could have drank it with a straw. I think there were two, I give her credit for forcing down one, I couldn't have done it. We also ordered a bloody mary and a mimosa. There wasn't much mimosa as far as volume goes and my bloody mary was a little thick, I think because of olive juice. We each had side orders of bacon, two slices each at $5, and not like it was super thick. Overall, the bill was about $80 and my wife was still hungry. The waitress did notice that my wife hardly ate anything and mentioned getting the whipped feta saying it would help her stomach which was now hurting because of the spice. She said no, but it would have been nice if the waitress had brought over a sample. Anyway, like I said, about $80; $10 each for the mimosa and bloody mary, $14 for the three cinnabon french toast, $13 for the Shakshuka, $10 for four slices of bacon and whatever it was for the coffee (which was good). I'm counting the tip so the coffee must have been up there too as well as the extra pita my wife asked for. Listen, The Olive Tree Cafe in the Village in NYC has been there forever. Check out their menu online and check out their prices. They don't do breakfast, but if you're ever in NYC and get a chance to go there, do it. It's fun, they have Charlie Chaplin movies playing, tables made of chalkboard to write on and great Middle Eastern food and great prices. If you want pseudo hoity-toity, somewhat decent Middle Eastern food at an unrealistic price, then go here.",443,2344,0,0,0.0,0.072,0,0,none,high,"No described illness or contamination, just complaints about taste, service, and price."
511,4.0,0,0,0,I was greated by a nice friendly staff. There wasnt a long wait for my food. I ordered a chicken bacon croissant with chipolte sauce. They cut it in half as requested and was served in maybe only 20 seconds after the time it took to cook. Food taste great,50,255,0,0,0.0,0.039,0,0,none,high,"No mention of illness, contamination, or unsafe handling."
5287,1.0,0,0,0,"DONT GO. My co-workers (5+) and myself got sick after we ate there. We dined there twice, and It happened TWICE (yeah I am dumb).",25,129,0,1,0.0,0.125,0,1,food_poisoning,high,Reviewer and multiple co-workers got sick after eating at the restaurant on two separate occasions.
2867,3.0,0,0,0,Horrible for the most part. I ordered $50 worth of food and 27 was eatable The fried rice was soapy The duck bun that was $8 alone was gross and I love duck The sushi was $5 for two pieces I ordered $15 worth 6 pieces it had next to no rice but the fish was awesome very fresh that alone gave them the two stars I would give half a star for the miso He ordered a sushi roll he said it was pretty good again the fish was great 1star for this review I won't go back because I would rather drive to Tampa and go to I ai sushi for cheaper higher quality food.,117,555,0,0,0.0,0.075,0,0,none,high,"No described illness or contamination, only complaints about taste and quality."
5101,1.0,1,0,0,I've been going to Spiros for years. Have always enjoyed it. My husband and I went and we had the exact same meal(Greek salad and Chicken Parmesan). We both woke up a couple hours later and we were both very sick from food poisoning. We were sick for days. Called Spiros to let them know and they were very rude and stated we could never have become ill from eating there. I will never go back and eat there again because they did not care even that we were very ill.,91,467,0,1,0.0,0.161,0,1,food_poisoning,high,Reviewer and their husband both experienced severe food poisoning symptoms after eating at Spiros.
2009,1.0,0,0,0,"What a literal nightmare. Ordered from them via grubhub many times and always loved the food. The last time I ordered, I became violently ill within 5 hours of eating.... I was unable to eat, couldn't keep down water, and was vomiting every 20 minutes. I was unable to work or leave the house for the next two days straight. I'll refrain from further detail, but it was not a good scene. I contacted grubhub for nothing more than a refund, and they contacted the manager. The manager told them that without a copy of a hospital bill they would not honor any type of refund request. I tried calling the restaurant multiple times and the manager refused to speak with me. I will never order from them again and I recommend that you don't either if you'd like to stay in good health. Terrible customer service and a complete unwillingness to accommodate a reasonable request from a previously loyal patron. Thumbs DOWN.",163,916,0,1,0.0061349693251533,0.13,0,1,food_poisoning,high,"Reviewer became violently ill within 5 hours of eating, unable to eat or leave the house for 2 days."
1734,2.0,0,0,0,"I'm only giving this two stars because it is fast. The selection of sushi is kind of odd. They always present it well. But for some reason I always feel like I just ate my body weight in McDonalds whenever I finish eating there, even if its one roll. My roommate has gotten food poisoning from them twice so far.",60,312,0,1,0.0,0.107,0,1,food_poisoning,high,Reviewer's roommate got food poisoning from the restaurant twice.
5815,1.0,1,5,0,"OK, I'm going to be Debbie Downer. Awful coffee. Just awful. Maybe that's not fair. I have yet to sample all of their fare, and perhaps it's a bad idea to fit them into the mold that Mugshots (which was gone before I arrived in Manayunk) occupied. But in the end, they call themselves a cafe, which translates into a coffee shop, moved into the location of a former coffee shop and they include baked goods and coffee on the menu, so I feel comfortable in holding them to some standard. They were out of their banana bread. All of it. For all the flavors they described, they didn't have a single one left when I arrived. This is a significant portion of their menu, and they were out of all of it, which tells me that they have problems with keeping things in stock They had plenty of Baklava, but I'm allergic to two of the nuts they use in them, so even experimenting is a horrible idea. There was a small child running around screaming, and I could hear arguing breaking out as I stepped through the door with my coffee. I'm not saying that without empathy, but that is never something you want your customers getting to be a part of. Even if the food had been perfect, it would have detracted from the experience And...the coffee...I have to go back to that. I really do. If I has handed a mug of Starbucks and was told that someone had urinated in it, and my only other option was what I had here...I would seriously have to debate that decision. This is a horrible thing to say. It's cruel, and cruel honestly isn't that much more helpful than well meaning lies. It's even more horrible to look at in the cold light of day, and determine that it's still a correct assessment. But this is someone who, during his broke college days, would drink coffee through day old grounds. Someone who used an abandoned French press that was held together with duct tape, and I couldn't finish it. Seriously, it was that bad. I don't know how they did it, and that cup was an accomplishment in of itself. Maybe the owners are nice folk. Maybe, their Mediterranean food is really good, as other reviews seem to indicate. But they sure as shit ain't a cafe. If they want to be cheery, and have great falafel, they should do that. But dear God in heaven, who I have forsaken in so many ways, they put something on the menu so bad I am still shocked. Combined with a lack of stock and that atmosphere, I can't possibly give this place a good rating.",456,2438,0,1,0.0,0.16,0,0,none,high,"No described illness, contamination, or unsafe food handling."
1153,1.0,0,0,0,"My first experience with Mellow Mushroom was really great. The second one - not a good experience. Two of our four orders came out wrong. Corrected, but second sandwich made my husband sick a couple of hours after eating it. I won't be back.",44,241,0,1,0.0,0.175,0,1,food_poisoning,high,Reviewer's husband got sick after eating a sandwich.
835,2.0,0,1,1,"I enjoy little burger spots from time so I thought I would give Elevation a try. Granted, the place on a weekend night was mobbed it was almost too packed to find a seat as I waited for my take out burgers. Once I got the burgers home, I was flipp'n angry that the fries and burgers were soaked in oil! what the heck is that about?!? The fries were soggy and the burger was terrible. As for the organic thing, who gives a crap! Look, if I am sick, I take medicine aka antibiotics. If the cow or cattle is sick I would hope the Vet would give them the same thing. Go to whole food maket in wynnewood and compare the organic bananas to the regular non organic bananas- now which one tastes better or for that manner looks better. I bet the organic bananas will look brown and bruised... Hmmm... is that the same for beef?? In this case yes for Elevation. just as Penn and Teller explained last year Organic is BS.",176,911,3,1,0.0,0.084,0,0,none,high,"No described illness or contamination, just complaints about food quality and organic labeling."
5558,5.0,0,0,0,"Delicious! Had starters of prawns in a spicy sauce and cauliflower florets in a tangy glaze. Entrees were chicken korama, vindaloo, and xacuti. Also had garlic naan. All delicious!!!",29,182,4,0,0.0,0.0,0,0,none,high,"No mention of illness, contamination, or unsafe handling."
1354,3.0,1,0,0,"This was my first time, but my dining companion has been before and pointed out a few changes. I had the portobello stuffed pretzel and he had the black bean burger. Both were fine. Our complaint was with the sides. The options were Ruffles or store bought pasta salad. My companion said they used to have sweet potato fries so he was really disappointed since that's why we came. I think we'll stick to stopping in for a drink and skip eating there.",83,450,0,0,0.0,0.104,0,0,none,high,"No described illness, contamination, or unsafe food handling mentioned."
5681,2.0,4,0,1,"I originally gave this place four stars and a great review, but that was because I had only experienced this place one time and now I've changed my mind. I just ordered a pizza from Empire and they said they are currently out of cheese and can't make my one pizza. HTF do you run out of cheese at 6 PM when you're a pizza place? I understand there's a Cardinals game on tonight, but management is supposed to take things like that into consideration when running a pizza business. What's even a bigger joke is the fact they are supposed to be open until midnight tonight. So I guess it's only Italian roast beef sandwiches and cola for anyone who tries walking in for a pizza. This isn't the only order fail I've had with this place. It's not uncommon for them to not answer the phone or to be out of certain ingredients on a regular basis. There's no point in looking at the menu because you have a 50/50 chance it won't be there. Maybe they need to hire new management who will know how to keep up with the high volume, otherwise I can see this place losing a lot of customers over the next few years and eventually closing just based on the fact it's a gamble when one goes to order their food. Talk about an unsustainable flash in the pan business model that's obvious at it's peak. Too bad it's only down hill from here. (I am writing this review hoping the owner reads it and actually does something about the problem. I'm sick of bottom feeding business owners who don't care). The pizza was good the one time I was able to order it, though. But certainly not worth going through the headache of dealing with them again. I just ordered Imo's... St. Louis is better than New York anyway.",318,1693,0,1,0.0,0.076,0,0,none,high,"No described illness, contamination, or unsafe food handling."
4441,2.0,0,0,0,"We came here deciding to order some pizzas to go while in Bryn Mawr. It had the best reviews near the hospital so we tried it out. Their specialty pizzas interested us. The dough was hard as a rock. Not what we expected from the ""best pizza."" Don't bother If you want a real pizza with good dough and fresh ingredients.",61,319,0,1,0.0163934426229508,0.019,0,0,none,high,"No mention of illness, contamination, or unsafe handling."
7040,4.0,1,0,0,Had the fried wontons with shrimp and ground chicken and a sweet chili sauce that was SO GOOD. I also had the beef pho that was also excellent. I was so pleased. The service was pretty good you seat yourself and they kind of leave you alone which I don't mind. My server kept my drink refilled and had a very pleasant attitude. I'm so glad I found this place and didn't have to spend $30 lol,77,391,0,0,0.0,0.037,0,0,none,high,"No mention of illness, contamination, or unsafe food handling."
3146,3.0,0,0,0,"J's Seafood Dock was not busy, quick to take our order, and had plenty of seating. The jambalaya was really flavorful with just the right amount of heat, but very short on andouille and chicken. It had no shrimp in it at all. 'Real Creole Shrimp Tacos' were more like real creole lettuce tacos. Maybe we should have known because the sample did not have a lot of shrimp so we ordered at our own risk. Flavorful sauce and tasty tortillas though.",82,444,0,0,0.0,0.063,0,0,none,high,"No description of illness, contamination, or unsafe handling."
4847,2.0,1,1,1,"When I walked into Rusan's with my sister we saw a health inspector testing the temperature of the sushi with this metal stick. He got the reading and pushed the plate of sushi back because the temperature was hazardous. I thought this was a little unappetizing but I had heard so many great things about the sushi I didn't let it bother me. That is, until the inspector pushed all the plates back except for two. I was grossed out but my sister was so adamant about the quality of the sushi so we stayed. We had to wait half an hour for them to make new sushi for the buffet. When I tried to talk to our server about the discarded sushi he shrugged his shoulders and said, ""It's not my problem."" The sushi was good but it wasn't worth the psychological torture- taking each bite and thinking that food poisoning was a only a few hours away. Again, the sushi was good but Ken's Sushi is soooo much better!!!!",171,908,4,1,0.0,0.099,0,1,unsafe_handling,high,"Visible spoiled/rotten food was served and then discarded, indicating poor food handling practices."
1255,1.0,0,1,0,to many changes to an awesome place has made bottle works a thing of the past for me. removing favorites from the menu. raising prices. and promoting only buying local whilst not using items not produced in house as a new goal are very confusing. sad to see this happen,50,269,0,0,0.0,0.096,0,0,none,high,"No mention of illness, contamination, or unsafe food handling."
6155,5.0,0,0,0,"Great food! Amazing customer service! A hidden gem within the community, and great location.",14,92,2,0,0.0,0.0,0,0,none,high,"No mention of illness, contamination, or unsafe handling."
199,5.0,0,0,0,I've been to lots of Asian restaurants. This is definitely my favorite! Everything is very authentic and obviously home-made. I just always want to go there for lunch or dinner!,30,177,2,0,0.0,0.0,0,0,none,high,"No mention of illness, contamination, or unsafe handling."
6855,5.0,0,0,0,I love Bing's boba!!!!!!!!! The Taro snow is my go to drink. Definitely the best boba spot in Tucson! The place is always clean. They have board games for you to play. The staff is helpful and friendly. My husband ordered a drink that unfortunately was not at the right flavor level. He told the staff and they made him a new drink that was to his liking.,68,355,10,0,0.0,0.028,0,0,none,high,"No description of illness, contamination, or unsafe handling."
6414,1.0,1,2,1,"Things that make for a great date night: A beautiful date Reservations at a new dinner place Getting dressed up Finding a babysitter for the night Having good conversation Things that kill any date night (and entire weekend): FOOD POISONING My wife and I were so excited for our date night. I had made arrangements for someone to watch our daughter so we can have a fun evening as a couple. We love to try new places and after a little search, I found Taverna on groupon. The menu sounded wonderful and with it being in Broadripple, I thought this would be perfect opportunity to go to the Corner Wine Bar afterward. This place is a little expensive and because of that, I though the atmosphere would would have been more intimate with cozy seating and dimmed lighting. Instead, an Applebees has a more romantic setting. We were greeted with kindness, the service was really good, and the white sangria was fantastic which would have earned this place two stars but the way the lady handled my call, telling her my wife and I got food poisoning, made me take that other star away. We ordered one pitcher of the sangria, calamari, we each had the 8oz filet mignon wrapped in bacon - my wife's portion was larger than mine with more sauce - and lastly tart for dessert. The calamari was really good, the meat was cooked to how we like it and and the meat by itself was really good. However my wife thought the blue cheese on her filet tasted funny and scrapped it off. We both love blue cheese too. After our meals we got our dessert. It tasted awful and we could not finish it. However we were polite and didn't say anything. Now, if I was the server, I would have asked if anything was wrong with it because we only ate a couple bites and we didn't want the rest to take home. Oh well, the total damage was more than $100 but we had a groupon, taking a huge chunk of it away. We sat at our table for a few more minutes after they cleared it and discussed going to our next location. Unfortunately, we didn't make it. Once we got into the car, we had to go home and it quickly went downhill. I called the place on Saturday to tell them about our Friday night experience. The lady said that no one else had complained about their food, no one else got food poisoning and then acted like she didn't care. She didn't even say sorry. Because this place has only been open for a little over a year and pricey, I would have expected someone to have handled this in a little nicer way. Having a child and dealing with food poisoning kills not only a date night, but an entire weekend. On a positive note, I'm sure I lost a pound or two of my 'winter' weight - thanks Taverna.",503,2667,0,1,0.0,0.104,0,1,food_poisoning,high,Reviewer and their wife got food poisoning after eating at the restaurant.
1533,1.0,0,0,0,"No Red Lobster near me in Slidell. Drove to N.O. to meet my friend, and we went to Metairie.A Wednesday night,not busy at all. Placed order,got drinks,then waited.And waited. Where were our salads and bread? Finally,entrees arrive. I asked about our salads. Waitress returns with them,says ""Sorry about that."" Salad was a bit wilted. Certainly not crisp.No tartar,cocktail sauce or drawn butter with my meal of fish,shrimp and lobster tail. I ask,and she says she will go get it. I wait. And wait. Finally,just as I have gotten up to go find her,she comes. With tartar and cocktail sauce,but no drawn butter. So I am still waiting. Again she returns. We finally eat,and my friend finds onions in her Lobster Bake even though she had specifically asked the waitress if there were onions in the dish before ordering,and she had said ""No."" My friend is allergic,but she was very hungry by now,so she picked out the onions as best she could. Got dessert and a refill of diet coke in a timely manner. Then the bill came. Having worked in the service industry I always tip and give extra for good service. I did tip but less than usual,to make a point. Who knows if the point was gotten? Waitress was named Alexis or Alexia. Bad service. I have only complained about service at a restaurant twice before in my almost 66 years of life. I am not a complainer. But this was NOT good service,and the waiting,the onions,etc. made for an unpleasant dining experience.",255,1455,0,1,0.0,0.064,0,1,unsafe_handling,high,Reviewer's friend found onions in her Lobster Bake despite specifically asking the waitress if there were onions in the dish.
2261,5.0,0,0,0,"I have eaten here mainly for breakfast, but the juevos rancheros was amazing. We did stop in and eat chips and salsa and my wife got one tamale for a snack. Both were great. The salsa was a little spicy, which I enjoy and the tamale was home made and delicious. We'll be back.",54,276,0,0,0.0,0.041,0,0,none,high,"No mention of illness, contamination, or unsafe handling."
98,5.0,0,0,0,The best Beignet's. Hands down. This great shop is located in the most lovely outdoor open air market. Everyone is very friendly and welcoming. A couple New Yorkers were eating here when I walked by and their food got my attention. I had to take a seat and check things out for myself. Wow!! Do yourself a favor and find this place while in NOLA!,65,346,3,0,0.0,0.0,0,0,none,high,"No description of illness, contamination, or unsafe handling."
3646,5.0,2,0,1,"This location is just wonderful! I live very close nearby and frequent this location a few times a week. Even during busy times, they are always well-staffed, moving the lines quickly and remaining friendly. The manager (one of the managers?) Anthony is really nice and he's been on the register a few times when I've been there. I think it's great that the manager pitches in and helps out when they're busy. He's very friendly and helpful and made a great recommendation last time I was in - honey almond cream cheese on their cinnamon crunch bagel OMG WOW GOOD. Thanks for such a pleasant experience. Will be back again and again.",112,633,1,0,0.0,0.0,0,0,none,high,"No mention of illness, contamination, or unsafe handling."
3787,2.0,0,0,0,"I gave this place 2 stars instead of 1 b/c they allowed me twice to use a Living Social deal for takeout, which I really appreciated. However, they screwed up the orders both times - the first time wasn't a big deal; they just put some lettuce on a sandwich when I'd asked them not to, and there was a minor issue with another sandwich my cousin had ordered. The sandwiches were both chiekcn and were decent. However, on the second visit I ordered grilled salmon for my mom, which the menu stated came with zucchini, potatoes, and asparagus. I also ordered the chicken formaggi for me, and an apple walnut salad for both of us.. I actually ordered this in person, not by phone. When I got home with our food, I discovered that the container that was supposed to have salmon/veggies in it actually contained pasta with shrimp, scallops, & some miscellaneous veggies, but not a bit of salmon, asparagus, or potatoes. The place was about 4 1/2 blocks from my apartment, and I didn't feel like walking back, plus it was late and we were both hungry, so my mom decided to eat what was given to her. She didn't say much about her meal, so I can't attest to the quality of her meal, but my chicken was not very good - it was somewhat underdone and bland. The salad was pretty good, and they actually omitted the items I'd asked them to (olives & tomatoes). I'm still fuming even now about the screwup. I just can't believe they could give something so COMPLETELY different from what I'd ordered, especially when I was right there, live and in person, and they could have asked me any questions they wanted. It's a good thing my mom isn't allergic to shellfish. I'll probably continue to go mainly for the pizza, which is pretty good, although by no means my favorite in the city.",325,1772,0,1,0.0,0.096,0,1,contamination,high,"The reviewer's mom was given a dish containing shellfish, to which she is not allergic, but could have been a serious issue if she had an allergy."
726,1.0,0,0,0,"My partner heard they were supposed to be good but this was awful for us. He called ahead to see if they could do no onions, guy on the phone said he could so we went there. Get there and they sit us at a table with a family already eating. Weird but I'll give it a chance. Waitress gives us menus and leaves for a good 10 minutes at least. Comes back and asks what we want. Go to order and she says ""onions are on the side is that okay?"", When we asked for no onions. I stress that it's an allergy. She says oh everything has onions so this'll be hard but I'll ask. I say don't bother we are leaving and we leave. Basically a no go if you have allergies.",135,655,0,1,0.0,0.144,0,0,none,high,"No adverse event or contamination described, just a complaint about poor service and allergy accommodation."
3905,5.0,1,0,0,"We were visiting from Chicago and found Mirko's accidentally, what a great surprise! The food was amazing and the service was great too. We had appetizers and desert along with our meal and loved everything we ordered.",37,218,1,0,0.0,0.047,0,0,none,high,"No mention of illness, contamination, or unsafe handling."
6595,5.0,0,0,0,The cutest and definitely the friendliest coffee shop in Boise! The coffee is great but the staff is even better. Love this place!,23,130,2,0,0.0,0.0,0,0,none,high,"No mention of illness, contamination, or unsafe handling."
3962,2.0,0,1,0,"Food poisoning anyone? I used to order their samosas frequently until I got severely sick recently. My husband also threw up all night. The two stars are because those samosas actually tasted good, but the threat of food poisoning again is just not worth it. I can only imagine the food was prepared in unsanitary conditions or/ and with expired products. Either way, I'm done with this place.",68,393,0,1,0.0,0.23,0,1,food_poisoning,high,Reviewer and their husband got severely sick after eating at the restaurant.
3660,5.0,1,1,0,I just ordered a keg for my daughters first birthday party. How easy was this you ask.... Way to easy and at a great value!!!! A 1/2 keg gives about 160 12oz drinks! At $150 ( Heineken) that's $1 a beer!!!!! You can rent the keg for as long as you need. But the beer begins to degrade after a day or 2 if you don't have a kegerartor. But I'm pretty sure a few keg stands will solve the problem of any left overs. Not only do they provide a keg with a large list of beers for your to order. You can ask to rent a tub ( to keep it cold) and the pump. There are deposits for these items. But will get it back once returned. Really makes me want to look into buying a kegerartor now. I would totally keep a keg next to bed. Not only can you choose from a great selection of beers. There are also different size kegs you could order depending on your needs. Love this great service. Thank you for keeping Tampa slightly tipsy total wine. Life and spirits go great together!,193,968,11,0,0.0,0.035,0,0,none,high,"No mention of illness, contamination, or adverse event."
3609,5.0,3,0,2,"This was legit and lives up to the hype. My friends and I shared the Thai sensation (Thai iced tea and lychee) which was perfect. The Thai ice tea ice cream wasn't too sweet and lychee fruit was used so the mix of the small bits into the ice cream worked out well. 3 toppings with a syrup is included for 7 dollars with tax. For the novelty and show while they prepare your treat, I think the price is very reasonable. The toppings I got were mochi, strawberry, pocky sticks and condensed milk. I think the picture will speak for itself. They opened 2 months ago and they will have no trouble attracting attention. As a tourist to the area, I was glad to stumble upon this location. Great spot to hang out, bring a date or just get some solid ice cream. Important to mention, this ice cream will not be creamy. Common sense, how can something that is prepared and rolled in this manner be creamy like say gelato. If you come in with a realistic expectation, you'll have a better experience. This won't be the best ice cream you'll ever have, but the appearance and novelty makes it worth trying.",204,1095,0,0,0.0,0.036,0,0,none,high,"No mention of illness, contamination, or unsafe handling."
1596,4.0,0,0,0,"Really enjoyed zinger burger here! This place was small but the service was very quick! Good KFC experience, will come back to have more zingers!",25,145,3,0,0.0,0.0,0,0,none,high,"No mention of illness, contamination, or unsafe handling."
1373,5.0,0,0,0,awesome place. good food. nice people. rotating specials. all home made. what else do you want? Chicken salad is a great pickup to make sandwiches at home.,27,155,0,0,0.0,0.0,0,0,none,high,"No mention of illness, contamination, or unsafe handling."
2951,5.0,0,0,0,What negative thing can I say? Absolutely nothing! We walked right in and was seated right away! Anthony was simply amazing! He explained the menu very well and made us feel as family! The apple old fashion was simply heavenly! We had the steak and pork chop with twice baked potatoes. The steak melted in your mouth and the pork chop was out of this world! I can't say enough how awesome this place is! We definitely will be back!,80,431,8,0,0.0,0.039,0,0,none,high,"No mention of illness, contamination, or unsafe food handling."
5766,1.0,0,0,0,"I am beyond disappointed with Numchok Wilai today. I have been going to this restaurant for over 10 years now and today was horrible. Went for a long needed date night with my fiancé and felt like we were pushed out the door even tho the place was basically empty. Arrived at 6pm and was out by 6:30. Very good for a quick lunch but not for a nice date night. Bill was brought to us even before we asked. The worst of it all was 30 mins after I got home a was feeling very ill and was running back and forth from the washroom all night. Literally water coming out of my butt. Not cool! I called to let them know and asked to talk to the manager. The employee told me there was no manager available but he insisted I can't handle spicy foods and that's why I was so sick. I told him I eat Sombal and sriracha like ppl eat ketchup and can handle spicy, I eat very spicy foods on a regular basis. He was very rude and made me feel bad about what happened. I just wanted to let him know what happened. Not cool Numchok Wilai. U just lost a 10 year long customer. I'm a hairstylist and recommend ur restaurant to all my clients today as I talked about my date night. I'll make sure to reject that.",237,1192,1,1,0.0,0.184,0,1,food_poisoning,high,Reviewer experienced severe gastrointestinal symptoms after eating at the restaurant.
5183,1.0,3,0,0,"FOOD POISONING ALERT! I got food poisoning from this place and come to find out 2 out of 3 of my friends had eaten there the previous week and they had vomiting and diarrhea too. We all had their BBQ sandwiches. Mine was the pork and they had the brisket. Stick to the beer and the adventure in visiting this place but be avoid the BBQ sauce (?) I guess. It also was not very good. Without food poisoning, I would rate it 2 stars but with food poisoning 0 stars but since I have to rate it 1 star. I know a lot of people like this place but maybe they should do a deep cleaning.",117,578,1,1,0.0,0.175,0,1,food_poisoning,high,Reviewer explicitly states they got food poisoning from eating at the restaurant.
164,1.0,0,0,0,New Orleans use to be all about service. My wife and I were running a few minutes late because our 1 year old needed to be changed right as we left the house. Mr B's would not seat my father until we arrived. It is time for Mr B's to get with the times.,54,253,0,0,0.0,0.0,0,0,none,high,"No mention of illness, contamination, or unsafe food handling."
7384,1.0,7,7,4,"Interested in having dinner in the middle of a heated domestic dispute? Me and my fiance had dinner here last friday night, and it was a disaster. For starters, their credit card machine was down (but he failed to mention that until he gave us the bill) and there was general pandemonium from a payment perspective. This is obviously a minor issue. But the story continues Our dinner felt like we were in the middle of a domestic dispute. The poor waiter guy was the only person on, and he was constantly in heated, loud yelling arguments with ""Fatima"", the chef (and I presume his wife) upstairs in the kitchen. At least the arguments were in French (how authentic!) Anyhow, the table next to us ordered a crepe that normally included cheese. The woman specifically said ""I'm allergic to cheese"" and requested it be left off. when he delivered the crepe the woman said ""I'm sorry, but this still has cheese in it."" He took the plate upstairs, where there was Armageddon in the kitchen. I took a little french in high school, and I could make out the following: server: Fatima, I forgot to say she was allergic to cheese Fatima: I don't care, they still have to pay for it and various iterations of that until the server came down, shame faced, and tried to give the cheese crepe back to the woman who would obviously have health issues if she ate it. THEY MADE HER PAY FOR A REPLACEMENT CREPE BECAUSE THEY SCREWED UP!! inexcusable i feel bad because the server was having an awful tme (and this kitchen dispute took, no joke, 10 minutes and everyone in the place was silent and uncomfortable for the next 30). They ran out of cash to make change and it took him 30 minutes to catch up and clear tables after the throwdown with Fatima. anyhow, to make a long story long, the ""dinner theater"" merely exacerbated the slow service, lack of credit card machine, and OK food.",339,1870,3,1,0.0,0.177,0,1,allergic_reaction,high,The server knowingly served a cheese crepe to a woman who had specifically requested it be left off due to a cheese allergy.
1107,4.0,0,0,0,"We ate here several times mainly because of the excellent Shrimp Ju-Ju appetizer. In fact, our second night we had 2 orders of the shrimp. We are grateful to our server, Colin, for recommending them our first night. As I'm writing this review, I can still picture the shrimp and even better, I can still taste it. There are a few dishes I dream about and this is one of them. We also tried the fried calamari; it was good. I'm from the north where we like marinara sauce with calamari. In the south it seems to be served with sweeter soy or sweet chili based sauces which I'm still getting used to. Our entrees were very good: po-boy and fish of the day. It's a nice place ambiance wise in a very good location. I will give a shout-out to Colin for recommending the Shrimp Ju-Ju.",147,779,0,0,0.0,0.0,0,0,none,high,"No mention of illness, contamination, or unsafe handling."
1306,2.0,4,0,0,"Went in for a loaf of bread and cheese board. Asked if they could slice a few pieces of the bread and bag the rest of the loaf. We were told no, we only use the loaf slicer. There was a bread knife about 2 inches from the loaf rack. We ordered an olive loaf and when we opened the bag inside was a walnut loaf. Glad we were not allergic to nuts. They were not busy, just careless.",79,380,0,1,0.0,0.027,1,1,unsafe_handling,high,"Visible evidence of careless food handling, with a bread knife left near the loaf rack and incorrect bread type served."
4574,3.0,4,3,4,"Oh Whole Foods, how I loathe you, yet somehow I can't resist going here at least once every two weeks. First of all, I will say that I've only eaten from their hot-food island (or whatever you call it) once, because it was so bland, yet so EXPENSIVE, that I never wanted to try anything else they offer. Having said that, I must say that their seafood soups are quite tasty, especially the lobster bisque, but they are also so astronomically priced that I can rarely afford to indulge. The only time when I buy something at Whole Foods is when it's on sale or from their bargain cheese bin (which everyone should check out if they go here... great deals!). Actually, one star is just for the bargain cheese bin. Without that, it would definitely only get two.",139,759,1,0,0.0,0.015,0,0,none,high,"No description of illness, contamination, or unsafe food handling."
4506,1.0,1,0,0,I've been here many times over the years but my partner and I got really horrible food poisoning from the beneficts yesterday. We will never go back,27,148,0,1,0.0,0.31,0,1,food_poisoning,high,Reviewer explicitly states they got food poisoning from the restaurant.
234,1.0,0,0,1,So sick!!! Staff was terrible and the produce tasted funky now I've been sick for 3 days!!!!! I'm so sad because Quiznos was my favorite for years and I was so excited to have one by my house again!!,39,199,10,1,0.0,0.318,0,1,food_poisoning,high,Reviewer explicitly states they've been sick for 3 days after eating at the restaurant.
2356,1.0,0,0,0,"Terrible experience, I had the steak it was tough with gristle. If that wasn't bad enough I left and about an hour later I was throwing up, food poisoning. I would've never expected that afterwards I'd be sick all night. I'll find another place to eat next time.",48,262,0,1,0.0,0.218,0,1,food_poisoning,high,Reviewer explicitly states they got food poisoning after eating at the restaurant.
5131,3.0,0,0,0,Katie's is a neighborhood restaurant that has existed in one form or another for a few generation. It's classic New Orleans fare with an Italian-American slant. Great meatballs. You'll see all types of classic New Orleans old people dinging before 8pm. You won't be disappointed if your expectations aren't too high.,51,316,0,0,0.0,0.0,0,0,none,high,"No mention of illness, contamination, or unsafe handling."
1999,1.0,1,0,0,"1 star is too much for this place. If you want to eat horrible food that not only tastes very bad but also doesn't resemble anything Thai then this is the place for you. I didn't like the food but it straight up gave my partner food poisoning. We tried alerting the owner that the food tastes strange, we wanted to return a dish that tasted completely off but the owner said that he won't return the dish or exchange it and that he will call the cops if we don't pay for the dish, even though there was clearly something wrong with it.",104,535,0,1,0.0,0.159,0,1,food_poisoning,high,Reviewer's partner got food poisoning after eating at the restaurant.
1498,5.0,0,0,0,"My husband chose VW as the venue for last Tuesday's date night. I've been several times (both for lunch and dinner) and man, does this place get better with every meal. Having had the burger more than once (including last Christmas when I indulged in the Whiskey King [oh jeebus, was that good]), I ventured south on the menu and ordered the Kentucky Hot Brown. Cheese and butter lovers unite! This thing was incredible and quite possibly the most underrated thing on the menu (save for their Cobb salad). And good lord, that Irish car bomb milkshake! It alone makes the wait and the consistently snobby hostesses worth it.",109,623,2,0,0.0,0.066,0,0,none,high,"No mention of illness, contamination, or unsafe food handling."
3375,1.0,1,0,0,Will never be coming back. We love sushi. Sadly the service was horrible. Didn't help we were the only people in there. On top of everything my husband and myself got very sick after eating here. Sushi looked beautiful. It wasn't cold which was very off putting. Sad. Nice place but won't be coming back.,55,304,0,1,0.0,0.159,0,1,food_poisoning,high,Reviewer and their husband got sick after eating at the restaurant.
1713,2.0,0,0,0,"To be honest, I was disappointed. My dining companion and I both felt the same: ho-hum food, nothing to write home about, and a little overpriced for what it is. I appreciate that they have allergy information on the menu, so I'll give them that, and the atmosphere isn't bad, but when it comes to the food, it's not a place I'd revisit. I had the salmon (which was overcooked and underwhelming), and my crony in eating crime had the pork chop, which was more fat than chop. Also, it's a serious understatement when they say ""wilted"" greens (they were dead).",101,558,0,1,0.0,0.081,0,0,none,high,"No described illness, contamination, or unsafe handling mentioned."
4551,1.0,10,0,0,We were really excited to try this place so we brought friends. All of had food poisoning later in the afternoon. This was the only place we ate so we knew it had to be from the food. I ordered a Sangria and my friend had the mango saki drink. They were both the same. The waitress said they were different. The chef seasons the dishes to her liking and they had soy sauce ( you had to ask for it) and they did not offer low sodium soy. Sorry. We tried.,92,453,0,1,0.0,0.051,0,1,food_poisoning,high,"Reviewer and friends got sick after eating at the restaurant, and they identified the food as the source of the illness."
2029,2.0,0,0,0,"Had dinner with a large party on a Saturday. The food was just whatever, you can get better sushi just about anywhere. The biggest issue was the service. They were very rude. Constantly in our face and hovering the whole time. We were waiting about 5 minutes for the others to arrive and they kept pressuring us to order. The appetizers came out and two seconds later the food also came out. They cleared the table and took my plate as I was still eating. The told us we had to leave because there was another party waiting. We didn't even get a chance to finish our foods or order dessert since we were there for a birthday. The other issue is when we asked if there was a gluten free menu available, the waiter laughed at us and said ""you can't eat 90% of the menu"" ... it's raw fish how can that even be true?? He was just very rude about everything. The bathrooms were so dirty, it was worse then a porta potty. The only reason for a 2 stars instead of 1 is because I didn't get food poisoning.",193,998,0,1,0.0,0.091,0,1,none,high,"Reviewer explicitly states they didn't get food poisoning, but mentions it as a reason for not giving 1 star."
6478,2.0,0,0,0,"Let me start by saying the oysters are wonderful. The rest of our meal, not so much. Our second dish was the Pate of Louisiana Rabbit and Chicken Livers. Flavor was nice but it was served icy cold, so the true flavor could not come through. The compotes served with the pate were wonderful, a great compliment. Our entrees were the Steak and Frites and the Braised Lamb with Fresh Herbed Pasta. The steak was perfectly cooked and well seasoned, the fries were limp and greasy. The herbed pasta dish was interesting but there were only two tiny pieces of lamb, must have been less than 2 oz of meat in this dish. Our total bill, with a $40 bottle of wine and two cocktails was over $170. Poor value for inconsistent food. Please note that our server, Chi, was knowledgeable, efficient and delightful.",144,799,0,0,0.0,0.023,0,0,none,high,"No description of illness, contamination, or unsafe handling."
1795,1.0,0,0,0,Horrible. I ordered from here and it was the worst. The food is really old. I looked at it and knew not to eat it because i knew it would make me sick. Stay away!!!,35,164,3,1,0.0,0.289,0,1,unsafe_handling,high,Reviewer suspected spoiled food would make them sick.
5427,2.0,0,0,0,"I came in on Wednesday for the first time to try out pita jungle. I'd heard good things, so I was excited. The service wasn't that great from the beginning. The hostess was smiley and nice but after that it declined. Our waitress was cold and very unfriendly. At this point I was still hopeful to try the food. Unfortunately, I've been sick ever since and can't keep anything down. I ordered a falafel wrap and potatoes as a side. The food was just ok and def not worth being sick over. Will not return.",95,503,0,1,0.0,0.195,0,1,food_poisoning,high,Reviewer explicitly states they've been sick since eating at the restaurant.
6416,3.0,2,0,0,"Friendly staff, but disappointed in what I got. My grilled cheese's bread was burnt. For $6 (and .48 because I used my credit card) I was expecting better.",28,155,0,0,0.0,0.12,0,0,none,high,"No mention of illness, contamination, or unsafe handling."
2518,1.0,0,1,0,"Unfortunately I developed a TBM sandwich addiction a few years ago. Food poisoning from the aforementioned sammich nipped that one in the bud. Overpriced, rancid mozzarella and stoned or otherwise distracted staff.... yeahnotsomuch.",33,232,0,1,0.0,0.318,0,1,food_poisoning,high,Reviewer explicitly states they developed food poisoning after eating at the restaurant.
5605,2.0,0,1,0,"You know there is a problem, when you find yourself writing a Yelp review while still eating your take-out food. I ordered 3 things. My description is as follows: Duck Fried Rice, Medium Spice: Bland. I'm talking...Midwest, old white people bland. If there is a single flake of pepper, I'll find out. I ordered Medium, kind of on a dare to myself...and, I haven't found the spice yet. The duck is laid on top of the rice, and there isn't much. I'd say, probably 4 ounces total. For $12.95...eh. I'm eating it because I'm starving, but if you like mild or medium...I guess, go with the Thai Hot? Spring Rolls: Extremely tasteless. Over fried. I can taste last Thursdays oil. I'll literally never...ever...order this again from Thai 5 Crab Rangoon: Decent. Over fried, again...same oil that was used in last weeks dishes...but, the filling made up for some of that. Why 2 stars, and not 1? I feel a one star review is often times overused when you spend $25 on takeout, and the disappointment leaves you in reactionary mode. But, I'm not getting sick and I'm still eating it. But, I'll obviously never return. In the ""old"" days, you could call the restaurant and they'd refund the money. But, not in 2018. Hell would freeze over before a thai food, or Chinese food restaurant refunds your money for serving this.",231,1310,0,1,0.0,0.035,0,0,none,high,"No described illness or contamination, only complaints about taste and quality."
2963,2.0,0,1,0,"Employees need to be coached in hygiene and proper food handling techniques. Was a frequent visitor but that one gross employee made me notice other things and question whether I would come back and as of yet I have not. I messaged them previously and didn't receive any replies. Food is usually decent and over priced but didn't mind until that one nasty guy. Message: We eat here quite regularly but I witnessed something extremely disturbing and unsanitary today that I would really like to consult management about. An employee who was both taking cash and serving food proceeded to grab fruits with his bare hands (unwashed) then wipe his hands on the back of his pants. He then went back to taking orders where he used his arm and same hand to wipe his nose, sniffed, and touched his hair. I cannot tell you how disgusted I was as it made me look to other areas of sanitation lapses as well. Thank you.",164,908,0,0,0.0,0.103,0,1,unsafe_handling,high,Employee was seen handling food with unwashed hands and then touching his nose and hair.
4267,1.0,0,0,0,Horrible service! There for an hour and a half and never got food. Six tables seated after us got fed and left. Our server said he didn't know what happened. When I asked to speak to the manager I was told he was cooking in the kitchen. We finally walked out.,51,259,1,0,0.0,0.075,0,0,none,high,"No mention of illness, contamination, or unsafe food handling."
1455,1.0,0,0,0,"My salad was almost lettuce-less and full of two scoops of pico and which was almost tomato only. Also as normally happens here, the guy didn't drain my beans and the whole thing was runny. If you order things mild expect medium because of the spices on the chicken. Come to think of it... the last time I went here I got sick. If it wasn't for the people I work with I would never buy lunch here.",78,397,0,1,0.0,0.043,0,1,food_poisoning,high,Reviewer explicitly states they got sick after eating here previously.
3117,1.0,0,0,0,"This is some of the rudest, most unprofessional service I have ever seen. The waitress was in a foul mood as soon as we entered the restaurant. She seemed upset when we didn't order more than pizzas. When she returned with plates for the pizza, she gruffly dropped them on the table. She never offered to refill our drinks, she seemed more concerned with playing with her cell phone. She dumped the bill on our table without saying a word. Do not support a business that mistreat customers this way.",90,499,0,0,0.0,0.151,0,0,none,high,"No mention of illness, contamination, or unsafe food handling."
2511,2.0,0,0,0,"Unfortunately I have to agree with many of the reviews posted here. I love pho and was hoping this could be my hometown go to. I actually thought the pho was decent, not great and not awful... but the level of cleanliness (or lack thereof) in this establishment made my fiancé finally say we were done here after a few visits. The service is bad, and our final visit saw every unoccupied table in the place full of dirty dishes. There was food on the floor, and the owner (who was obviously sick with a cold) sat behind the cash register loudly hacking, coughing and sucking snot as we ate. As stated before, were done here and won't return.",119,641,0,1,0.0,0.151,0,1,unsafe_handling,high,"Visible illness of the owner, who was handling food and interacting with customers, indicates a risk of foodborne illness."
6361,1.0,1,0,0,"Perhaps one star is a bit harsh, but I was so irritated when I left State Bleu that I could not offer any better rating despite generally good food and very attentive service. I have a sulfite allergy (one of the ""big 7"") and we always include this information in the reservation. The woman who interfaced with the kitchen (wife of the chef) was rude and as unaccomodating as I have ever seen in any restaurant, regardless of price. She said 7 or 8 times that she was not responsible if there was a problem, reported that the chef absolutely would not alter any dish to accommodate the allergy, and at one point just pointed to 2 items on the menu and said ""you are going to have to have this or this"". She said that if I ordered a salad they would not prepare a dressing I could have, even after I told her that most good restaurants are more than willing to do this. She would not show me the container that one ingredient was in so that I could ascertain for myself if it was safe. She was loud, rude and made me feel as though it was a terrible inconvenience that we had come in at all. When we are spending $100 for dinner for 2 with no dessert and only one drink each, this is unacceptable. Had it not been late at night or had there been other options nearby, I would have left.",249,1285,0,1,0.0,0.17,0,1,unsafe_handling,high,"The restaurant refused to accommodate the reviewer's sulfite allergy, despite being informed in advance."
1521,5.0,0,0,0,Stumbled across this Jem as I was riding motorcycle to Sturgis and had stopped in Reno And went for walk along the riverfront. Had a caprese panini and it was absolutely The best sandwich I ever had. Made it a point to stop by on my way back from Sturgis SD And was not disappointed. Caprese was excellent. Wish this place was in the Bay Area. So good will stop here anytime I'm in Reno!!!,75,389,3,0,0.0,0.073,0,0,none,high,"No mention of illness, contamination, or unsafe handling."
2534,3.0,0,1,0,"No Wifi. But the air conditioning is works ng overtime. I figured I'd grab a quick salad; got out to lunch late. Although their place is rather quiet, I'm sitting and waiting to order. The pace is a problem at lunchtime when I want to be out of here in 40 minutes. I used to love this location. CoCo and Candace were always on their toes and understood food-allergy requests. They didn't ( obviously) try to upswell or ask stupid questions. I miss them and Boxcar! I feel like I'm always breaking-in a new server. I have definite favorites around town and the server is often how I choose where to go, when headed out for a lunch or a dinner. I wish this were one of those locations again. I love the 5 Salad and the fries and burgers.",140,735,1,1,0.0,0.077,0,0,none,high,"No mention of illness, contamination, or unsafe handling."
6166,1.0,0,0,0,Updating a prior review. I decided today to go and give the same Logan's one final try. And now I'm updating this between bouts of food poisoning. Bad service I can handle. Which I had again today. but now I'm sick as a dog after eating a bbq chicken sandwich and fries. I'm pretty easy to please at a restaurant too. Which is why this confounds me so much. I have far more positive then negative reviews for other places. But I will not under any circumstance short of a zombie apocalypse ever ever ever eat at a Logan's again,100,527,0,1,0.0,0.13,0,1,food_poisoning,high,Reviewer explicitly states they got food poisoning after eating at the restaurant.
1119,2.0,5,0,0,"I had heard good things about Sage, so I took my Mom here for lunch when she was in town. She is allergic to gluten and Sage was supposed to be ""Gluten Free Friendly"". The server was clueless and said they didn't actually have a printout of what was gluten free. She went and asked the chef who suggested the grilled chicken wrap on special could be made gluten free. It took 45 minutes to get her no-wrap wrap and my ham and brie sandwich. They were both cold. My Mom's ""gluten-free"" meal wasn't even enough food for a toddler. They left off the rice (which has no gluten) and gave her two stale blue corn tortillas. My sandwich would have been delicious had it been served warm as it was intended. I had to return to work so we couldn't send anything back. Our server was overloaded with tables so it took another 20 minutes to get the check. I was late getting back to work and my Mom was still hungry. I have two suggestions for Sage: 1) Actually have a list of gluten-free menu items if you are going to call yourself Gluten Free Friendly and 2) Schedule more servers to work the lunch rush.",208,1096,0,1,0.0,0.031,1,0,none,high,"No adverse event or food safety issue described, only complaints about service and food quality."
6091,5.0,0,0,0,"Great food, great drinks. Try the fried mozzarella or the black bean burger. Delicious.",14,87,0,0,0.0,0.0,0,0,none,high,"No mention of illness, contamination, or unsafe handling."
3328,1.0,5,19,6,"Away from St. Louis and without access to Imo's? No problem! Here's the recipe: Ingredients - 1 medium-sized cardboard box - 1 can of Campbell's Condensed Tomato Soup - 1 large bottle of Elmer's Glue Directions 1. Cut cardboard box to desired crust size. 2. Apply tomato paste. 3. Coat with glue liberally. 4. Baking time is not important; food poisoning will ensue regardless. 5. Before eating, grow up in St. Louis. St. Louis has a very good dining scene, maybe a great one when you consider its size. So I'm really puzzled as to how this city managed to botch everyone's favorite food quite like this.",107,604,1,1,0.0,0.092,0,1,unsafe_handling,high,Reviewer explicitly states that food poisoning will ensue due to improper food handling.
921,1.0,2,5,1,"My first time there and the place is really nice . The weight staff is mostly attentive a but more stuck up than anything else . Now for the food : Me and my boyfriend had lobster bisque and crab cocktail as appetizer for main course he had fish and me the lamb chops with asparagus. Accompanies by 2 drinks each 3 alcoholic and one sparking water . The lamb chops came out rubbery and overdone barely cut through em , the asparagus was bland and had no taste at all they could have threw a few sprinkles of salt and pepper on there for taste . I didn't want to make a fuss and ruin the special evening so I didn't speak up . All that came to 250$ that's highway robbery if you ask me ! To add insult few hours after were home I'm violently throwing up the food we just had. My puking continued all next day accompanied with a lovely head ache . Say what you want but to me this looks like food poisoning . There's no way In f@@@@ hell should anyone be sick after spending 250$ on dinner . In closing in my opinion in would not recommend this place actually I would advise you stay clear , unless that is you have money to burn and want to get sick from food . Stay away !!!!",235,1175,5,1,0.0,0.226,0,1,food_poisoning,high,"Reviewer describes violent vomiting and headache after eating at the restaurant, indicating food poisoning."
500,4.0,3,0,0,"I've been to Mirna's about four times over the past few years and never been disappointed. The portions are HUGE, especially for the modest price tag. Do yourself a favor and get a pasta dish, I can assure you that you'll be glad you did. I've had fish there too, which wasn't bad by any means, but the pasta plates are definitely their specialty. A couple of the times I've been there they treated us to free hummus and pita, which is always a plus. BYOB! Only knock on the place is that it's pretty small, so make sure to call ahead to reserve a table or check for a wait.",111,574,1,0,0.0,0.037,0,0,none,high,"No mention of illness, contamination, or unsafe food handling."
2318,2.0,2,0,0,"The food is delicious, but over priced. The service is awful, but....actually, no...that's really all there is to say about the service. It's absolutely horrendous. Working nearby, there aren't all that many options for a decent meal in walking distance. Bridgewater's is a last resort type of place for us, for when we are absolutely sick of everything else. More so, we need to make sure that we don't have anywhere to be for AT LEAST 90 minutes. It is not the type of place that you can sit and have a standard lunch break at. You'll order rather quickly, but the food will take forever and you'll go thirsty while you wait because servers will never come to check on you. I don't know how Amtrak travelers (who you would think this place would cater to!) would ever be able to have a meal here before catching their train, unless their train was seriously delayed. A drink? Yes. A meal? I don't recommend it. It's sad because if this place had better service, it would easily be a 4-star review in my opinion. Unfortunately the service is so lackluster that it knocks it down a few pegs.",198,1091,1,1,0.0,0.134,0,0,none,high,"No description of illness, contamination, or unsafe handling."
3396,2.0,0,0,0,honestly this place is hit or miss. I ALWAYS get the same thing. Jr bacon cheeseburgers and fries. sometimes the fries are hot but alot of the times they arnt. I'll either get a good burger or like the other night a burger w green tomatos. But then again you get what you pay for at a fast food restaurant.,60,306,0,0,0.0,0.047,0,0,none,high,"No mention of illness, contamination, or unsafe handling."
3597,1.0,0,0,0,I had gotten a strawberry banana smoothie right before my airplane. I drank almost the whole thing but started to feel my stomach getting uneasy. The next day woke up with food poisoning from this smoothie. Everyone stay away if you don't want to get sick!!,46,257,2,1,0.0,0.277,0,1,food_poisoning,high,Reviewer explicitly states they got food poisoning from the smoothie.
5824,1.0,4,2,1,"I wasn't prepared for the investment of time that a visit to Village Whiskey required. I knew it wouldn't be quick, but I didn't realize it was a decision that would follow me for the rest of the day. It's a popular restaurant--I knew there would a wait to get a table. We arrived after 2pm for a weekday lunch, so the place was pretty well cleared out by the time we were seated. The restaurant is new, so I wasn't surprised when our appetizer was accidentally served to the table next to us, resulting in a 20 minute wait for a tray of pickled beets. Or when our french fries were served after the pickle tray was long gone but well before our greasy burgers made it to the table. What I really wasn't prepared for was the amount of time I had to spend in the john for the rest of the day. I will spare you the indecorous details of my gastrointestinal distress, but I was quite sick.",171,886,0,1,0.0,0.103,0,1,food_poisoning,high,Reviewer explicitly states they were 'quite sick' after eating at the restaurant.
2926,1.0,1,0,0,"Wow, this place has really gone downhill! I don't know if there is a change in management or what, but this restaurant is horrendous and I will never return. Service was the worst I've ever had in a restaurant. Our waitress would disappear for 20 minutes at a time. At one point I had to go to the hostess stand and request refills on our drinks because the waitress had been gone for so long! We also noticed similar complaints from other diners. The food quality has declined and I felt sick after eating it. They have changed the chips to an inedible form of disgustingness. The salsa is also served warm. Ewww, wonder how long it has been sitting out! I think the health dept needs to come in. Do not Eat here!!!!",134,717,7,1,0.0,0.153,0,1,food_poisoning,high,Reviewer explicitly states they felt sick after eating the food.
1476,5.0,0,0,0,"Foodie Call: always there when I turn around, at a cool dive bar. Or my homebase for bama gamedays. The burgers are always the best. My boyfriend and I like to split them just as a nice hearty snack. Just tell them to cut it in half if you are splitting a burger with someone. I've had the #1 and it's always amazing and we just had the jalapeño burger bc my bf loves spicy things and it's his bday and omg this burger is also perfect. I'm not surprised. I probably wouldn't have been able to eat a whole one because it's so deliciously spicy and I can't handle much spice. But it was still extremely tasty, like always!",120,620,1,0,0.0,0.023,0,0,none,high,"No mention of illness, contamination, or unsafe handling."
3178,1.0,1,0,0,Today I was very disappointed I'm allergic to avocado I order 4 street tacos without avocado they al had avocado The worst part the fries were old the guy in the drive threw kept yawning an blowing his dragon breath as he gave me the order pretty gross I'm not coming here for lunch anymore thanks for the loss of appetite,61,322,0,1,0.0,0.212,0,1,allergic_reaction,high,Reviewer explicitly states they are allergic to avocado and were served avocado in their order.
4800,1.0,1,5,1,"This place used to be decent pub food for when you were hung over or on the run in down town. Not anymore. A few hints to the Silver Peaks: 1. Stop hiring your servers from UNR. They're annoying college kids who are there as just a stop on a train to mediocrity. 2. Really, really don't let them give food safety advice. Cross contamination of some foods CANNOT be undone by deep frying them. I'm gonna laugh my ass off when you get sued for sending someone to the ER. 3. Don't fry your fries and your fish in the same oil. You can kill people doing that. Thank god I asked before I ordered my lunch. 4. Your beer is starting to taste more and more like soap. This place has gone in the shitter since I left town. Even if I am starving down town, yesterday is the last time I ever go in to Silver Peaks.",160,803,0,1,0.0,0.112,0,1,unsafe_handling,high,Reviewer explicitly mentions cross-contamination and potential for sending someone to the ER.
6396,4.0,2,0,0,"I love this place. It's been in La Cumbre Plaza for I don't know how long now. If you are looking for a good sandwich look no further. All of the ingredients taste fresh, and their bread rolls are amazing. They are nice and soft, not with that cut the roof of your mouth crust. Being born and raise in Santa Barbara, actually just down the street, I have been coming here for some years now. I've tried probably over half of their sandwiches and all have been good, so good it's hard to pick a favorite. In addition, I cannot forget to mention their awesome soda selection, so awesome I cannot hesitate to try something different with every visit. You won't find anything super fancy or exotic, like a roasted duck pastrami sandwich here, but if you're a local or just passing through and feel like having a great sandwich with good fresh ingredients swing by Plaza Deli and grab a bite.",163,887,0,0,0.0,0.028,0,0,none,high,"No mention of illness, contamination, or unsafe handling."
886,5.0,34,0,9,"The service was great all around, very professional. The food is excellent in quality and to taste. I had a cheesteak, it was the best in the neighborhood and very good. Best vanilla milkshake like ever. I've been searching for a great pizzeria down here for the longest. Every where else everything is impossibly greasy, the food is old...blah blah. Salernos is far from disgusting. Worth every penny.",68,402,0,0,0.0,0.055,0,0,none,high,"No description of illness, contamination, or unsafe handling."
4231,1.0,0,0,1,Co-workers and I placed a big order. The meal in particular was an apple cinnamon pancake with eggs and bacon for $9.99. When made thr fool mistake of trusting that everything was going to be correct with the order and when we finally opened the bag at work in that order was the pancake.. Can you imagine spending $10 on 1 pancake?? Well I called this establishment the following morning because they close at 2:30 and was instantly bombarded with negativity and rudeness from the lady who answered who placed blame on everyone else and then said JUST COME GET THE EGGS AND BACON... The rudest I've encountered in a while.,111,623,0,0,0.0,0.144,0,0,none,high,"No mention of illness, contamination, or unsafe handling."
2795,1.0,0,0,0,"I was shocked, women's bathroom filthy, two stalls broken, and filthy water on floor. If this bathroom, what is in kitchen, I just left, I went to wash hands and just gagged. When I was leaving, they wanted me to pay even though I had not eaten, finally I just left. Employees taking over cutlery, if they were sick, they are,spreading germs.",62,342,0,1,0.0,0.196,0,1,unsafe_handling,high,"Employees handling cutlery while possibly being sick, potentially spreading germs."
2002,2.0,0,0,0,"The vibe and food was exactly what we were looking for with two kids -- 1970s style, decent Italian food with a kids menu. The service was atrocious. Without exaggeration, over two hours to get food when we had kids at the table, and the waiter looked like a deer in headlights. It. Yay have been an off night for them -- maybe some folks called out sick? Based on this experience I would not go back.",77,401,0,1,0.0,0.041,0,0,none,high,"No description of illness, contamination, or unsafe handling."
22,5.0,1,0,0,"holly grove is the best. I'm consistently impressed with their selection of produce. you can basically get everything (plus more stuff they don't have at the normal grocery store) except it's all local. we are so lucky to live in a place with a year round growing season, and we should really take advantage of that! (I will get off my high horse now lol). they also have locally raised meats, bread from local bakeries...it's just a great place to support local growers and makers. also there are always people wandering outside tending to the garden. it's a nice atmosphere. the only thing I dislike is the location - because I'm allll the way across town. that's not their fault, though.",121,690,1,0,0.0,0.019,0,0,none,high,"No mention of illness, contamination, or unsafe handling."
4684,4.0,0,0,0,"This place is a lot of fun. I like that there is a outdoor patio with hip hop music and indoor dance area with salsa . If you need a change in tunes or scenery , just move !",39,173,1,0,0.0,0.0,0,0,none,high,No mention of food or health issues.
5270,3.0,0,0,1,"I love the inside of this place. It's cozy. 5 stars The server was cute and friendly. 5 stars The outside has a hideous red walkway and attachment. 2 stars. It has a great city around it, Carmel. 5 stars. I got the Snow Crab Scramble. It tasted good but it was probably meant to be an appetizer because of how rich it was. Mayo-dill crab salad on top of egg and English muffins with tomato and onion with a Sriacha cream sauce. It would be good if it was 1/3rd the size, but I was sick at the end because of how rich it was. I can't complain about it though, it was really good. It was just too much food for how rich it was. I'll definitely go back though because it was really good. I'll just order something different or split that meal with someone else.",149,758,0,1,0.0,0.026,0,1,food_poisoning,high,Reviewer explicitly states they were sick after eating the Snow Crab Scramble due to its richness.
1329,1.0,3,3,4,This place messed up my trip to New Orleans I had food poisoning for three days TRASH.. there are better places to eat when you come down to NOLA stay AWAY !! Thanks to this place I will never eat shrimp again ..,43,212,2,1,0.0,0.137,0,1,food_poisoning,high,Reviewer explicitly states they had food poisoning for three days after eating at the restaurant.
2555,3.0,3,2,2,"I liked my food, but it was nothing too special and of course I'm going to tell you why! They have these crackers with seeds (as I like to call them, they're actually lavash), garlic scented cheese whiz (I honestly think this is what it is, pressed into a little cup), and butter waiting for you at the table when you arrive. I actually like that part b/c I like to eat before I eat. I always seem to be starving by the time I get to any restaurant, so crackers w/ seeds are nice, not too heavy like thick white bread. The cheese whiz, I could do without. Try this and tell me it's not cheese whiz in a cup. I dare you! I ordered the goat cheese salad and the crab cake appetizer. They were alright. The crab cake didn't have a good sauce (sauces are incredibly important to me), but the taste was okay. It didn't make me sick, so that's a plus, right?! The goat cheese salad was decent. I thought it would have crumbles of goat cheese on it, but it came out w/ 2 lumps of fried goat cheese. I will quote Padma from Top Chef, ""They could fry my toe and it would taste good."" They were good, but SO heavy and SO rich I couldn't eat both of them and they weren't all that big. Now that I'm complaining, I may as well get it all out there. Where was the salad dressing? Where was it I ask you? I detected hints of a dressing here and there, but no real sighting of the dressing was ever made. I don't want to eat leaves alone. Okay, there were some carrot curls on top, but mostly leaves. I want to eat salad dressing with some leaves in it. Oh, the salad is NOT big or medium either. It's small. Here's why I can give it 3 stars: Our waitress was really friendly and I'm finding that to be like winning the lottery here lately. The prices are good. Cheap even. I would go back there and get more opinions on the cheese whiz. I would have my friends close their eyes and taste it. I can already imagine the fun!!!!",377,1911,7,1,0.0,0.063,0,0,none,high,"No described illness or contamination, only complaints about taste and service."
6210,5.0,0,0,0,"Chain restaurant but their menu options are good, service is great, and everything fresh.",14,89,0,0,0.0,0.0,0,0,none,high,"No mention of illness, contamination, or unsafe handling."
6823,4.0,0,0,0,"Id you haven't been to the Smoothie King center since it was know as the New Orleans Arena, you are in for a nice surprise. The arena has had a face lift and, while the seats are the same, everything else has been refreshed. Most importantly, the food options are far more varied and appeal to many tastes. The quality of the food is very good and significantly improved from a few years back. The drink options are much improved as well and include full service bars, spiked lemonade, bottled and draft beer and of course, smoothies. There is even a spot for sweets. You can get funnel cake, cotton candy, and all kinds of delicious things I was too full to take in. The venue finally feels a bit swanky and top notch. We are moving on up!",139,740,1,0,0.0,0.0,0,0,none,high,"No mention of illness, contamination, or unsafe food handling."
770,5.0,0,0,0,"This is a fantastic hole in the wall diner. We got here aroumd 9 and even though they were very busy, we got taken back in under 3 minutes. We got seated outside and i had no idea that there as a view! It was beautiful and breezy. The server was really nice and quick. The food was really great and still warm and fresh when brought to us. After an awful experience at iHop and rude servers, im glad i found this place on yelp and decided to give it a try. Will definitely be coming back!",98,488,2,0,0.0,0.072,0,0,none,high,"No mention of illness, contamination, or unsafe food handling."
2789,4.0,0,0,0,"Smoothie attack! I rarely have smoothies, so it was odd that I was craving one. Their recipe is pretty simple yet so delicious and smooth: yogurt, a little fruit juice, frozen fruit and a little honey to sweeten the deal...or some variation of that. The hubby had the strawberry banana and I went with a peachy banana smoothie. Both were delicious, but I liked the peachy banana more, it hit the spot divine! Great cafe space with free-wifi!",78,441,3,0,0.0,0.043,0,0,none,high,"No mention of illness, contamination, or unsafe handling."
5861,4.0,1,1,1,We were staying at the HIE Rocky Point. We didn't want to go out so we ordered Chinese. Pleasantly surprised. Food was excellent and the price was right.,28,153,0,0,0.0,0.036,0,0,none,high,"No mention of illness, contamination, or unsafe handling."
4563,4.0,1,0,0,"This is the best Pasta House location I've been to in St. Louis. The service has always been good (and sometimes really fun when we've had Jessica wait on us) and the food consistent and delicious. I don't expect fancy or special event food when I go, you can go to several nice places on The Hill for that, but I always enjoy my meal here and that it is a good value. Promotions like 2.99 cheese garlic bread are offered and I've never been turned down for special requests like extra meat sauce in a to-go box. I'd recommend the chicken flamingo. I've had one incident where the food had an issue, and the server quickly and in a friendly way made it right. The manager also made the effort to come over to follow up and talk with us. Overall, can't go wrong with good service, enjoyable food that they stand behind and good value.",157,833,0,0,0.0,0.0,0,0,none,high,"No description of illness, contamination, or unsafe handling."
4208,1.0,1,0,0,"Breakfast sandwich was gross: basic cheap sliced white bread with funky egg, hospital grade sausage and yellow cold glob that resembled cheese. The bowl in the center had congealed grits. Ick. The place is very dirty.",36,217,0,1,0.0277777777777777,0.189,0,1,unsafe_handling,high,"Visible spoiled/rotten food served (funky egg, congealed grits)"
3615,4.0,0,0,0,"This restaurant gets its name from the fresh olive bread they serve - which is wonderful! The menu is rooted in old world Mediterranean fare, but has a slight modern flair, too. The weather was wonderful, so even though the outside eating area overlooks the parking area, we opted to sit outside. The grape vines on the trellises were beautiful and healthy and just about to burst into fruit! Our entrees included the walnut encrusted trout, seafood linguine - clams, shrimp, white fish, mussels, over bed of linguine, and a lamb kofte special. The trout was a healthy serving and perfectly prepared. Clams, mussels and shrimp over a bed of linguine was another healthy portion and half ended up in a to-go box! Again, delicious, attractively presented and perfectly prepared. Lamb is a personal favorite, but if I had it to do over again, I would've opted for something else. It tasted ok (meat was a bit dry) but less than appealing appearance-wise: looked like two crisscrossed sausages. It came with a very thin (runny) yogurt cucumber sauce - not the standard tzatziki one would expect. Entrees will run you about $22, pastas around $16-18, so it's not overly pricey, but the addition of a couple adult beverages or bottle of wine can change that in a heartbeat. All in all, it's a nice place with good food and attentive service. We all voted we would be back.",238,1366,3,0,0.0,0.0,0,0,none,high,"No description of illness, contamination, or unsafe food handling."
1682,1.0,0,0,0,"I ordered from a delivery service called Door Dash. I ordered the 22 oz delmonico without mushrooms for $35.95. I added to the order that I am allergic to mushrooms and I also called Jesse's directly to inform them. The delivery guy ""dashed"" away before I could check for mushrooms telling me over his shoulder everything was fine. The steak had mushrooms on it. I called Jesse's and spoke to the same girl. She told me she had told the cook no mushrooms as if that should satisfy me. The steak was almost blue and looked as if it had been pan seared a minute on each side. I asked for a refund or another delivery and was told I had to call the delivery service and they would do nothing for me. Door dash gave me credit which I will never likely use as I was traveling in tampa and the service isn't offered where I am from. Very poor customer service and quality of food preparation. I posted a pic of the undercooked steak and mushrooms to the restaurant page.",182,964,0,1,0.0,0.045,0,1,unsafe_handling,high,Reviewer received undercooked steak with mushrooms despite explicitly ordering no mushrooms and informing the restaurant of their allergy.
775,1.0,1,1,1,"McDonalds... What do you need to know?.. They serve the purpose. I'd complain about the inaudible Spanish fellow working the drive through but why would I expect much else.. Update: they just charged me .25 cents for ranch.. I'm pretty wealthy actually but this stuff is so annoying. I handed him a dollar, took 4 of them and walked to the trash can to throw away 3 of them as I only needed one. I feel I made my point..",80,420,0,0,0.0,0.104,0,0,none,high,"No description of illness, contamination, or unsafe handling."
2682,5.0,1,0,0,"I really really enjoy this place, one of my favorite places to go. Their French onion soup... oh my word I'm craving it right now I'm only sad that they're not open for lunch I wish they were!! Coffee cured fillet is something I recommend!",45,239,3,0,0.0,0.059,0,0,none,high,"No mention of illness, contamination, or unsafe handling."
5397,1.0,0,0,0,"Guys, I hate to leave a bad review, but myself and two other friends got horribly sick within 24 hours of having dinner on Sunday. All of us had either voting or diarrhea. Really unfortunate since we go once a week, but we won't be coming back again.",48,250,0,1,0.0,0.313,0,1,food_poisoning,high,Reviewer and friends got sick within 24 hours of eating at the restaurant.
7457,2.0,8,3,2,"I really wanted to like this restaurant! Alas, I don't think I'll return. Main reason: both my boyfriend and I felt hella sick a few hours after eating here. Not full-on food poisoning sick, but sick enough that regardless of whether my brisket sandwich and his pulled pork sandwich actually got us sick, we just have a bad association with this place. But there are other reasons to two star this place, too: service on is slow even though it is not at all crowded. We waited at the hostess stand for three or so minutes before anyone sat us. The greeting is the first impression the restaurant gets to make, and not having a prompt and friendly greeting is a bad sign. Although the decor inside is great, when I went on a Saturday afternoon there were only three other pairs of people eating. In such a big open space, that kind of emptiness just looks bad! Prices were very reasonable, especially with the 15% Yelp check-in discount. The coleslaw--my favorite part of BBQ food--was really bland. The fries were meh. Our respective sandwiches were delicious while we ate them, but then our tummies were so unhappy later that day.",201,1131,2,1,0.0,0.168,0,1,food_poisoning,high,Reviewer and companion experienced illness after eating at the restaurant.
3513,1.0,0,0,0,"My wife and I ate here on Sunday 9/15 and we are reasonably certain that this was the cause of our food poisoning which made us both sick on Sunday night and all day Monday. We shared the ""Super Donkey"" (which is indeed huge, as a previous reviewer noted), but I suspect the lettuce may not have been washed properly. The Marion County Health Department cited them for a violation on 9/3/2013, but this was related to ground beef (our meal contained grilled steak). I have filed a complaint with the Health Dept, and will not be returning. Too bad, because they have great outdoor patio in the sunshine at noon.",111,611,0,1,0.0,0.148,0,1,food_poisoning,high,Reviewer explicitly states they got food poisoning after eating at the restaurant.
6393,1.0,4,2,0,"Just went here for breakfast. The food was just OK, the service wasn't particularly great, in fact our server seemed fairly put out anytime we asked for anything. What really made this a one star experience, though, was the 6 or 7 year old boy (who was not a customer, possibly our server's son) who was hammering away on the piano the whole time we were there. We asked our server to ask him to take a break and she was not thrilled but said ok. She said something to him and he stopped... for about 30 seconds. Then right back to hammering on the piano keys. Who wants to pay for breakfast and have to listen to someone hammer away arbitrarily on a piano??? Will never go back.",129,679,0,0,0.0,0.047,0,0,none,high,"No mention of illness, contamination, or unsafe food handling."
1742,1.0,0,0,0,"20 minutes to get French fries, with 3 tables full in the entire upstairs. Just saying. No parking, specials were not explained in full after asking, had to go get the waitress for the fries (tried the Parmesan fries and disappointed to see a pinch of parm, not worth), had to find ketchup ourselves, had to get up and ask for a new beer and the tab. There were only 3 tables. We will not be back.",77,397,0,0,0.0,0.069,0,0,none,high,"No description of illness, contamination, or unsafe handling."
1958,2.0,0,0,0,"Service was okay. It wasn't as bad as I expected after reading the reviews. I ordered the dumplings in chili oil after I read all the reviews about how awesome they were. I was disappointed and felt like I was going to have a heart attack. It was basically like a heart attack in a bowl. I had one, my friend had one, and the rest were left untouched (they come in an order of 6). Actually, I currently feel sick after having dinner there. For my entrée, I ordered the chicken in garlic sauce because I am a garlic LOVER and thought ""why not?"" Mistake. It was drenched in minced garlic. Every bite was like eating a clove of garlic, it overpowered the other flavors. I can handle a lot of garlic, but this was way too much which says a lot for a person like me. I probably won't try this place again. Hot Wok isn't too far from this place. It's a take out Chinese place and has excellent food for cheaper prices. I was sorry I didn't go there instead. On a more positive note, the service wasn't as bad as the reviews read and the restaurant was clean.",203,1052,0,1,0.0,0.06,0,1,food_poisoning,high,Reviewer explicitly states they currently feel sick after having dinner there.
7491,5.0,0,0,0,"Wow! Soooo full! Great staff! Delicious food! BYOB! Good times! I loved the wings, tofu, and the catfish! I can't wait until I'm back in town to visit. It's slowly becoming my undisputed go to restaurant when I'm philly! Also heard from a patron that Uber eats started delivering. Wish I lived closer so I could enjoy more frequently. Absolutely one of my favorite spots for a good meal!",69,387,9,0,0.0,0.0,0,0,none,high,"No mention of illness, contamination, or unsafe handling."
7061,1.0,2,0,1,"We love good food and would rather have a fine meal in a mediocre space than a lousy meal in an elegant space. Alas, our first (and last) experience here gave us a lousy meal in a mediocre setting. * The space is drab and dreary. * Tables crammed too close together * Noise level excessively high - impossible to have a relaxed conversation, have to compete with too-loud talking at too-close tables, flatware and plates rattling on the stone tabletops * Cheesy, cheap paper napkins at a not-cheap restaurant * Worn, scuffed, cheap diner-type flatware * Bread that came with the hummus was stale, tasteless * Rice and vegetable accompanied all four entrees - rice tasteless and lukewarm, greens mushy, overcooked, oily and unrecognizable * Entrees rushed out before we had finished our apps * For our wine, we were given old, small, worn-out flute-shaped glasses - totally inappropriate All in all, an entirely disappointing BYO meal at any cost, but especially so for close to $160 including gratuity for four apps, four entrees, two desserts.",177,1044,0,0,0.0,0.069,0,0,none,high,"No description of illness, contamination, or unsafe food handling."
3299,1.0,0,0,0,"My coworker and I decided to give this place a try during lunch a few days ago. We ordered jalapeño poppers, nachos, a pulled pork sandwich, and tacos. The jalapeños were incredibly spicy, but the apricot sauce was pretty good. The nachos were very bland. The server suggested trying them with chili, which was actually a chili Colorado rather than a traditional chili. The cole slaw with the pulled pork sandwich was disgusting. Entirely flavorless and soggy, it was probably the worst cole slaw I've ever had. The fries were good, but the sandwich was bland. There was very little flavor to the meat and it didn't really taste like anything. The bread was soggy as well. My friend got the tacos to go after the nachos were a large portion, and she sent me a text later to say how disappointing they were. The onion was the predominant flavor, and she specifically asked for soft corn shells but got hard crunchy shells. The worst part, however, was how completely sick we both got after. My stomach did not handle it well at all, and getting stuck in I-95 traffic on my way home from work was torture as I tried to not get sick in the car. My friend also got sick, and we were both still feeling it the next day. Prices were a bit high, and service was mediocre. Definitely will not be returning.",237,1298,0,1,0.0,0.162,0,1,food_poisoning,high,Reviewer and a companion got sick after eating at the restaurant.
3100,5.0,4,0,1,Let me start by saying that the food here is by far the best Mexican I have had in St Pete. It's nothing fancy and very small but if your looking for some good food and a beer this is the place to go to. Weekend nights do get a little hectic so I would recommend going on a weekday night or during the day so you can skip the long wait to place your order. For the meat lovers out there you can't go wrong with a chorizo taco and for the seafood junkies the fish tacos are amazing!,100,481,1,0,0.0,0.0,0,0,none,high,"No mention of illness, contamination, or unsafe food handling."
3758,4.0,1,0,2,"We bought/rented some kegs from BevMo for our wedding and overall, our experience was good. We decided to go with BevMo because of their selection and prices. We ordered two 7 gallon kegs of ""local"" beer (Oak Creek), and when we went to pick them up, one of them was labeled wrong which caused a lot of distress because we didn't realize it until we'd gotten to our venue an hour and a half away. However once it was tapped we realized it was the correct beer. We also rented taps and tubs to keep the kegs cold- it was nice to be able to get all of those items in one place and have people help us load it in our truck. After our wedding we returned the items and the deposit was refunded on our card in a heartbeat. Easy and fast, we'd totally do it again!",149,758,1,0,0.0,0.041,0,0,none,high,"No description of illness, contamination, or unsafe handling."
1463,4.0,4,4,4,"EAT HERE ON TUESDAY: the special is phenomenal. Call and order a large plain for pickup. Starting at 6pm, you will be charged the same amount as the time you called. Call in at 6:30pm, you get a large plain pizza for $6.30. Hard to beat. Pizza is quite good.",50,258,0,0,0.0,0.06,0,0,none,high,"No mention of illness, contamination, or unsafe food handling."
3344,1.0,4,0,0,"I came here with five friends one of whom is deathly allergic to cucumbers. We placed our initial order and asked the waitress to make sure our food did not contain cucumbers. She said that the beef normally comes with cucumbers but she would tell the kitchen to not include them. Our first round of food came without cucumbers. We then asked for an order of vegetable spring rolls. The spring rolls came on top of a bed of cucumbers so we politely reminded the waitress that our friend is deathly allergic to cucumbers. The waitress was clearly very angry and proceeded to yell at us saying we did not tell her that we did not want cucumbers. Although the food was good and the bus boys were excellent, my friends and I will never be returning. Safety should be a restaurant's top priority and customers should never be disrespected. There are many other excellent restaurants in Chinatown.",158,891,0,1,0.0,0.072,0,1,unsafe_handling,high,Waitress served food with a known allergen despite being informed to avoid it.
2001,1.0,0,0,0,"Went here because it was well reviewed, and it was the worst hookah experience we've ever had! We all had one mediocre drink we didn't even finish (since it's a one-drink minimum per person) and we weren't even able to finish the house special hookah as two of us started to feel extremely sick. Ruined our nights.... It was not a great atmosphere- almost no space between tables, uncomfortable for any intimate conversation, strangers kept jumping into our conversation. But it might have been worth it for the affordable hookah had we not gotten sick. First time in several years of going to hookah bars any of us has had a bad experience. Don't know why this place is so well-reviewed.",121,688,1,1,0.0,0.166,0,1,food_poisoning,high,Reviewer and companions got sick after eating at the hookah bar.
2970,2.0,3,0,0,Pretty gross. Waitress was dull and indifferent. It took her forever to bring us our food and the place was dead. Maybe cause she was chatting with people instead of checking on our food. Then the food came and it was disgusting and soggy looking. It makes me sick just thinking about it.,53,288,0,1,0.0,0.274,0,0,none,high,"No described illness or contamination, just generic negative review"
3232,4.0,0,0,0,The service is always on point and the coffee is the best. Not to mention the great snacks and sandwhiches. They put alot of hard work and time into making this place a great neighborhood spot.,36,193,0,0,0.0,0.031,0,0,none,high,"No mention of illness, contamination, or unsafe handling."
2095,3.0,0,0,0,"They charge a good price for students' buffet -- right around $12. The staff is friendly and I certainly enjoy the taste of the food, but I'm probably going to avoid this place in the future because the last time I ate in there, 3 out of 5 people in my party were sick the next morning from the food, and then after that when I ate food that had been catered, I was the one who got sick (though not super sick -- I just felt like crap, but still). But, I mean, if you're willing to risk eating bad food, like I said the staff is friendly and the decor is interesting. So, hung over Penn fratboys whose fathers donated a building to the school so you could drink yourselves stupid 5-7 days a week and go to Indian buffets right on the gentrification border of West Philly / U City, go for it!",156,791,1,1,0.0,0.194,0,1,food_poisoning,high,Reviewer and multiple companions got sick after eating at the restaurant.
7226,3.0,1,0,0,"(November 17) I have been to Wings over Broadway a couple times. Recently, I have been dying to get back out to them and gorge on their wings. In my opinion, best wings there is in Tucson, although I haven't tried every wing place. Overall, the service is good, not excellent but just good. As much as I love this small community restaurant, I always get sick after eating there. It's not just sick and feeling off with a stomach ache, it is completely sick with food poisoning for a few days to a week long, sick. Although I love the food, I will not be returning due to getting sick all four times that I have been there. I don't know if it's just me, or if there are others who have got sick? Three stars because I loved this place and food is great, but I couldn't get over that I got food poisoning more then once here. It's very disappointing.",163,849,0,1,0.0,0.227,0,1,food_poisoning,high,Reviewer explicitly states they got food poisoning multiple times after eating at the restaurant.
3094,4.0,0,0,0,Burger was great but not the best I have ever had. Good service and ambiance. Had their salad special and wasn't my favorite but most likely because it was different than I had pictured. Slightly overpriced. Happy I tried but too many great places to return again,47,263,0,0,0.0,0.12,0,0,none,high,"No mention of illness, contamination, or unsafe handling."
4729,2.0,0,0,0,"This place has a very good chicken cheesesteak wrap, but if you are delivering be cautious of the roof delivery guy. I've had two encounters with the same guy and he is rude. The first time he was impatient, when I work at a hospital and was trying to meet him in the lobby. The second time he shoved the bag in my had since I told him to come inside instead of me going outside for the food . That is not how you treat customers! I called and spoke with the manager and he said ""well he is very busy, that's no excuse I'll talk to him"". If that was no excuse then it shouldn't have been mentioned. I'd recommend only dining in , if you must.",129,642,1,1,0.0077519379844961,0.128,0,0,none,high,"No description of illness, contamination, or unsafe food handling."
7112,5.0,1,1,1,Awesome food and service!!! Authentic Chicago Vienna beef hot dog...all the way down to that bright green relish. I will definitely be back!,23,140,4,0,0.0,0.0,0,0,none,high,"No mention of illness, contamination, or unsafe handling."
2984,1.0,0,2,0,"Went here with my sister and was seated at the sushi bar pretty much immediately which was very nice. One thing that struck me as odd was that when we tried to order a side dish from the waiter, he said we had to write it on the piece of paper we gave the sushi chef. When we wrote it on the paper for the sushi chef, he told us we had to order it from the waiter, which was frustrating cause we were simply trying to order fried rice. We got our food about 10 minutes later and it was pretty good. Not amazing. But pretty good. The reason I am giving this place 2 stars is because both me and my sister got food poisoning from it the next morning. It made me think twice about how I had seen the sushi chef not use gloves but touch all the food and multiple containers and other things without washing his hands. My advice is skip the food poisoning and go somewhere else!!",174,874,2,1,0.0,0.09,0,1,food_poisoning,high,"Reviewer and their sister got sick after eating at the restaurant, and a specific unsafe handling practice was observed."
5392,2.0,0,0,0,Not authentic Korean. I ordered the Hwe Dup Bap - Sashimi yesterday and it was a bit basic. The fish was not plentiful but tasted ok. Unfortunately my stomach started convulsing after 10-15 minutes of eating this. It got really messy and I passed out on the bathroom floor in cold sweat for an hour. This happened only one other time for Philly restaurants and that place (Pho-ladelphia) was closed for sanitary reasons. Not saying this place wasn't fresh but just sayin'... mighty Fishy! Two stars instead of one since I'm giving Southgate the benefit of the doubt but I have no doubt in my mind I suffered food poisoning.,110,623,1,1,0.0,0.216,0,1,food_poisoning,high,"Reviewer experienced severe symptoms and passed out after eating, explicitly stating they suffered food poisoning."
6862,2.0,0,0,0,"Went here last week because where i was originally going was closed. Ordered the chicken red curry given it's a thai place. If i had 10 small pieces of chicken ill be exaggerating.. I basically got a bowl of vegetables. My friend had the green curry, same thing. My other friend got the panang curry he asked thai spicy, it wasn't very spicy. Aside from this, we all got sick from the food. One of them actually got nauseous on the way home. I just got a bad stomach ache. Personally wouldn't recommend it as a good thai place but the lunch price was pretty cheap.",106,564,0,1,0.0,0.088,0,1,food_poisoning,high,Reviewer and friends got sick after eating at the restaurant.
2008,3.0,0,0,0,"Wonderful atmosphere; live music, cozy seating (and cozy is a nice way of saying that tables are crammed into every nook and cranny in the joint and everyone who walked behind me collided into my chair 30 times) but HEY, that's ok. :) The service was a bit snooty, but not terrible. You aren't assigned to a server; you are supposed to order food and drinks at the bar, but if you happen to see someone, you can grab them (not literally, of course) and place an order. I can't remember what my boyfriend had to drink, but no complaints. I got a stout beer on draft and it was very tasty. And now....the food. The food was DELICIOUS. We got the fried pickles, the tuna tartare nachos and a Korean boolgogi rice bowl. Everything tasted absolutely divine. BUT it was WAYYY too small for the price. I understand the concept of tapas - yes, they are fancy and small and might cost as much as a main course at a regular place, but these plates were truly ridiculous. Teeny tiny. Charley and I were done with the fried pickles in like, two seconds - they didn't even use ONE whole pickle! And pickles are NOT expensive, so we were like wtf? So, needless to say, we weren't full when we left there. Not even close. And we paid like we should have been. And THAT makes me give Three Muses only three stars. Oh, and I should mention, this is the last meal I had before I got food poisoning a few hours later. The culprit was either this food or the Jamba Juice smoothie I had had a few hours prior. I'm guessing it was Jamba Juice, but we'll never know..... I'll be back, but probably just for drinks and music. :)",304,1604,1,1,0.0,0.06,0,1,food_poisoning,high,Reviewer explicitly states they got food poisoning after eating at the restaurant.
870,1.0,0,0,0,"Ordered the #6 chicken, shrimp with veggies. Got sick after eating their food. Poor service as well. I recommend staying away from my experience.",24,145,0,1,0.0,0.213,0,1,food_poisoning,high,Reviewer explicitly states they got sick after eating the food.
6022,2.0,0,0,0,"The food here is pretty good. I enjoy it. The boba is meh, I prefer Noodle Cafe's. However, both times I've gone, I've gotten sick and been down a day. Not sure if its my sensitive stomach but I won't go back. Both times? I'll skip. I wish I could go because I enjoyed but not worth it to me.",60,292,0,1,0.0,0.104,0,1,food_poisoning,high,Reviewer explicitly states they got sick both times they visited the restaurant.
2931,5.0,0,0,0,Mussels in coconut curry sauce were fantastic. The scallops melted in your mouth. Excellent service and a very extensive beer and drink menu. Don't miss it if you are in philadelphia.,31,183,0,0,0.0,0.0,0,0,none,high,"No mention of illness, contamination, or unsafe handling."
5242,1.0,0,0,0,"Ohhhhh where to start!!!! I ordered a falafel pita with no hummus, no black olives, no cucumber, and no green pepper!!! Well I got exactly what I did not want!!! I am not being a picky person but unfortunately I'm not a hummus fan (yeah I know I like falafel but not hummus) and I am allergic to cucumbers ( not my fault but makes me puke and gives me a rash) so what happened when I opened up my pita.... Went straight to the trash!!! I am never calling in an order to this place again!",97,487,14,1,0.0,0.232,0,1,allergic_reaction,high,"Reviewer explicitly states they are allergic to cucumbers and got a pita with cucumber, which caused a reaction."
890,3.0,0,0,0,"Took awhile for me to get service from the people working because they were busy talking in the back so that made me kinda annoyed, but other then that it was a good meal..Nothing really special.",36,195,0,0,0.0,0.04,0,0,none,high,"No mention of illness, contamination, or unsafe handling."
802,1.0,1,0,0,"My spouse and I used to eat here a lot, but over the years the quality of food has dropped so we quit eating there. Until last night... We decided to give them one last go since it had been over a year since we tried them and to say were were sorry we did is an understatement. Usually we get the tenderloin sandwich but this time we decided to try some different items from the menu. I was getting it to go so instead of going through the drive-thru I went in and ordered. When they brought out the food it was missing the ice cream I ordered to which the server said ""it wasn't on the ticket"" to which I pointed directly to it on the ticket and said ""ya, there it is"" and he stomped back to get my ice cream. That should have been the first warning sign. My spouse got their chicken tenders/strips and they were just awful, no taste at all. The breading was awful and the actual ""chicken"" didn't even have a taste, didn't even taste like chicken which I thought was impossible. As a side my spouse got the chili cheese fries which were impossible to eat. So my spouse was unable to finish the meal and attempted to give it to our dogs who had a better sense than we did and refused to eat it. (and that should tell you something if a dog won't eat it) I got the cod fish dinner with green beans and mashed potatoes and while the fish was good, the mashed potatoes were cold and rock hard and the green beans had no taste except the onions they put in which was more than the green beans. Later that night we then remembered ""why"" we quit eating there as we both got pretty sick (my spouse more than me) and again, vowed NEVER to eat there again. For the price I paid for two to eat, for less I could have gone to O'Charlies and gotten a lot more food that tasted better AND it wouldn't have made us sick. NEVER AGAIN!",358,1819,1,1,0.0,0.102,0,1,food_poisoning,high,Reviewer and spouse got sick after eating at the restaurant.
3927,5.0,0,0,0,awesome place!!!! very dope setting large party can crash and chill.... staff here super nice.... i broke a glass of a beer and they hooked me one for free without even hesitation... awesome!! great place great beer thanks all the staff for great hospitality!!!,44,261,9,0,0.0,0.079,0,0,none,high,"no description of illness, contamination, or unsafe handling"
4790,5.0,0,0,0,"Truly, I cannot say enough good things about this tiny, authentic, perfectly delicious eatery! Growing up in the panhandle of Texas, we had plenty of authentic Mexican food in our home, and I'm always searching for good Mexican restaurants. El Limon is the best I've ever had in the state of Pennsylvania! Sopes, tostadas, enchiladas, fajitas, burritos, fish tacos....all excellent and sooooo reasonable! Waitstaff is always pleasant and attentive. Best two features: homemade tamales and free margaritas!! Bring the entire family for an amazing Mexican feast! Ole!",87,565,7,0,0.0,0.042,0,0,none,high,"No mention of illness, contamination, or unsafe handling."
1157,2.0,0,0,0,"Okay so I never write reviews but... I visited butcher and bee this past Saturday and thought it was a great atmosphere and menu. First things first, the bartender was extremely rude. Secondly, I ate the lamb meatballs (which I thought tasted funny) and proceeded to get severe food poisoning within 5 hours. I have a pretty solid stomach and it was horrible. No one else I was with had the meatballs and no one else got sick so it seems like a fluke but I don't think I would visit again.",92,489,0,1,0.0,0.153,0,1,food_poisoning,high,Reviewer explicitly states they got severe food poisoning after eating the lamb meatballs.
1210,2.0,4,4,5,"Oh, SATCO. You're not the best taco shop but you do have your moments. I come to SATCO for: 1. An inexpensive lunch. 2. Queso 3. Outside seating with music loud enough to drown out thoughts of my To Do List. 4. Great for groups. 5. Cheap beer. What I don't come to SATCO for: 1. Authentic Mexican food. 2. A quiet lunch. 3. A Vandy student-free lunch. 4. Their guacamole dip. Yep, that about sums it up!",78,403,1,0,0.0,0.084,0,0,none,high,"No mention of illness, contamination, or adverse event."
3683,1.0,4,2,0,"This place is BAD NEWS! Stay away from Stefano's II at any cost. I ordered a Chef's Salad to go., Got home and discovered that over 50% of the Chef;s Salad consisted of black and green olives. I immediately called them and explained that I am allergic to black olives. The guy on the phone got arrogant and copped an attitude and told me to scrape all the olives off and eat the rest of the salad. Tells me he does over 300 salads a day and that's his policy. He further told me ""I got your money so there's nothing you can do about it"" after I told him I would NEVER go back to his business again. THIS IS TRULY ONE OF THE WORST ESTABLISHMENTS I have ever done business with. Stay away from Stefanos's II",138,705,1,1,0.0,0.103,0,1,unsafe_handling,high,"Reviewer was served a salad with a known allergen, and the staff refused to accommodate their request to remove it."
7264,3.0,0,0,0,"A great place for breakfast - the parking situation is a little difficult with them only having a small area for cars. I don't live nearby so it's always a task to get a good space. The times I've gone early in the morning it has been a little hectic and crowded. I will say - the food is delicious. The coffee is better than most i.e. Starbucks, Duncan Donuts - it's a cut above the rest!",77,389,1,0,0.0,0.056,0,0,none,high,"No mention of illness, contamination, or unsafe food handling."
4635,3.0,0,0,0,"I am giving this 3 stars because I remember Famoso as being so good in the past... but this past experience put yet another sour taste in my mouth (after a previous experience of waiting 20 minutes ON MY BIRTHDAY for a to-go order because they had given it to the wrong person... and then getting a burnt pizza). The man who was controlling the wait list and seating people was very pleasant! But he sat us at the bar... in his defence, he did ask us. But if we had known another table was going to open up right away I would have declined. It was crowded and awkward staring at the people making the pizzas (it's different watching chefs in a fancy restaurant... then bar seating is fantastic. watching a handful of teenagers, not so much). Anyways, we weren't sure how to order since there was no number at the bar and I know you're supposed to go up. But eventually a server came by and said she could take our order. So she took our drink order... at this point we were already ready to order food but since she started walked away I figured it could wait until she came back. When she finally came back with the drinks, she turned around and left. I tried to wave her back to say we wanted to order food but she didn't notice and just walked away. Okay. Finally after another 5 minutes of her doing everything except coming back, I just went to the front to order. 5 min after ordering she comes back and snarkily asks if we had ordered up front. No apologies. No ""oh, sorry, I was busy - I was going to come right back"". Nothing. I also decided to switch things up from my usual order (the Siciliana) and got the Quattro Frommagi. It was SO GREASY. I literally had to use a stack of napkins to cut some of the grease. A little caesar's pizza would have been better for you at this point. Flavour wise, it was also not great. I don't know if I'm not into white pizza's or what, but I found it completely flavourless. I think it was the amount of grease, but I also felt quite sick after eating a half of the pizza (a normal amount for Famoso style thin crust...). Anyways. I'll probably be back to a Famoso at some point.... but in the past year I've definitely gone from being a regular customer to coming maybe twice a year. They've gone so far downhill, it's depressing.",433,2278,1,1,0.0,0.075,0,1,food_poisoning,high,Reviewer felt sick after eating a half of the pizza
254,5.0,0,0,0,"This is my favorite restaurant that is strictly Thai. The curry dishes are all pretty tasty, but I always go for the sudkho fried rice that has a combination of sausage, chicken, beef, and shrimp (leave the shrimp off). They cook their fried rice better than places double the price or more in town. The owner of the place is such a sweet lady and pretty much runs the joint single-handedly. I think her husband is the cook/chef and she pretty much does the rest no matter how busy it gets. It's more of a lunch place, but is open for dinner as well. If you're a fan of Thai I highly recommend you stop in and give this place a chance. You won't be disappointed.",126,662,0,0,0.0,0.041,0,0,none,high,"No mention of illness, contamination, or unsafe handling."
7362,3.0,2,0,1,"You know what they say about sex or pizza; even when it's bad, it's good. 312 is not bad by any means! It just appears to be example of the growing trend of new restaurants in Nashville; price point does not match quality. This is based only on 2 experiences and is open to interpretation. What it does do well is provide great service. The staff were friendly, accommodating & seemed genuinely interested in ""serving"" you well. And this goes a long way in my book.",86,465,1,0,0.0,0.07,0,0,none,high,"No mention of illness, contamination, or unsafe food handling."
4034,5.0,0,0,0,"One of my favorite restaurants in the Fairmont area. Zorba's is a BYOB with traditional Greek dishes. The prices are reasonable as well. They have an appetizer sampler which is really good and filling in of itself. As a fan of lamb, I've tried several of the stewed dishes and never been let down. It's a quaint restaurant you should definitely try out.",63,353,0,0,0.0,0.0,0,0,none,high,"No mention of illness, contamination, or unsafe handling."
3963,5.0,3,1,2,"Owned by Peppermill and decorated with lots of neon glitz, the Coffee Shop and the Deli both have the same food as the Peppermill in Reno but at half the cost. Join the ""Birthday Club"" in the casino. They give you a $10 food credit to join and send you $25 food credit for you birthday. NO SLOT CLUB CARD. Just sign up for the Birthday Club. First meal there was the BEST Pot Roast I've ever had and since I had joined the Club, it ended up being FREE. The Deli serves excellent Corned Beef and Pastrami piled high like at the Peppermill, but instead of $14.95 the EXACT same sandwich is $5.95 at Western Village. A GREAT FIND. In Sparks just off I80 behind Sierra Sid's. Take McCarran exit off I80 and go NORTH one block and make a right.",142,739,0,0,0.0,0.044,0,0,none,high,"No mention of illness, contamination, or adverse event."
1022,3.0,1,0,0,"Have only been once a couple of months ago, so maybe this was a one-off experience...Ordered a piece of carrot cake, which tasted fine. Certainly not the best I've ever had but good enough. The to go packaging was a bit overkill just for that one slice of cake, as was the $10 price tag. That being said, I'm sure the ""fanciness"" of the place is what makes it so appealing to folks. It really is quite unique and cute for our area and would be a good place to go with the gals (rather than my husband who hates all things trendy, lol). My problem, though, was with the service. We placed our order for the carrot cake with a nice young teenager, and then waited. And waited. I could see the carrot cake just sitting in the pretty covered cake stand, and I felt really tempted to just slice it myself. After a bit (felt like 10 minutes, although I'm sure it was more like 5 or 6), another employee came and sliced the carrot cake, setting the slice on the back counter with the ticket. And then we waited. And waited some more. After about another 5 to 10 minutes, I flagged the teenager down and asked if he could box up the cake for us. He seemed confused, and it took an awkward minute-long exchange for him to understand we hadn't yet received our order. He did apologize for the wait, which I do appreciate, boxed up the cake, and then we were on our way. I should clarify that we did not go into the shop at a busy time. It was a relatively cool day and not many people were out. While there were maybe 2 to 3 tables seated, we were the only ones at the counter ordering. And while I'm sure the wait staff who repeatedly walked by our lonely piece of carrot cake sitting on the back counter had many important tasks...I just wanted to eat my $10 cake. Four stars for the cake. Two stars for the service.",348,1808,0,0,0.0,0.047,0,0,none,high,"No described illness, contamination, or unsafe food handling."
294,4.0,2,0,0,"Love this place, it's a casual Hispanic place with great family style food. I call it family style as I feel like I am eating at a Hispanic friend's house and their grandma is cooking. They have a bunch of fresh quick favorites in the steam table like roast pork and yellow rice or black beans and rice, but today I picked something I have had there before and loved, chicken fingers. I know crazy right? But it's the best and always fresh made. They make it like my grandma, fresh breaded and quick fried. That and a side of rice and nice big bowl of their amazing Spanish Bean soup/ garbanzo and I am in culinary heaven. This is my go to place for great comfort food. Cubans are pretty good here too. But I go there on the days when they have Spanish Bean soup and I would put theirs up against any of the good ones in Ybor City, yes it is that good, but sadly not on the menu every day. Call ahead, I do. Try it and they got ya!",185,931,1,0,0.0,0.03,0,0,none,high,"No mention of illness, contamination, or unsafe handling."
3521,4.0,3,0,0,"Excellent, tender, delicious BBQ. The potato salad was creamy and the potatoes had the perfect consistency. The beans were sweet and tangy. Soooo good. The staff was really friendly and kind and all of our food took minutes to receive. :)",41,238,0,0,0.0,0.0,0,0,none,high,"No mention of illness, contamination, or unsafe handling."
413,3.0,0,0,0,"Meh, it didn't blow my mind, but it was okay. I think some of the meats were overdone. The filet mignon was not tender. The ribs were very tender and that was about it. They could have done better on differing the rubs and the meats were not diverse as some Brazilian that I have had. Luckily we didn't know about the special running and it wasn't really expensive, otherwise I would have gone to two stars",77,406,0,0,0.0,0.014,0,0,none,high,"No description of illness, contamination, or unsafe handling."
5388,1.0,3,0,0,"I thought I have heard such great things about this place. Well, my experience was horrible! My best friend is getting married and we wanted to check this place out for her wedding cake. Called and made a cake tasting appointment a week and a half in advance. We arrived an hour early to have breakfast there. The breakfast was just ok. Not worth the price, that's for sure. My breakfast potatoes were plain with some salt and a bunch of caraway seeds on them. What! I don't even like caraway seeds and would have asked not to have any if it was mentioned! When we were first seated I let the hostess know we had an appointment at 11. After the Meal, I reminded our server about the appointment, she said she would check on it. She never came back as we had cashed out our tab. So we sit and wait, it now passes 11 o'clock. Someone stops by our table to refill some water, I mention, yet again, our appointment. She never returns. Finally, at a quarter after I go ask someone at the pastry counter what's going on! She tells me they don't usually do cake tasting appointments! I find that very odd. I tell her at I had called and set up an appointment. She acts as though I am confused because I don't know who I talked to on the phone. Not that she is sorry about the whole mess but just wants to know who I talked to! I ask to talk to a manager and she says she is. Wow! Great customer service there! Then she said we could pick two cake pastries to try for $25. I ask how much they cost each and I was told $5. So for some reason I should pay $25 for two when they actually cost $5 each! I asked for a list of their cake flavors and she said they were out. So, we still manage to stick around to ask a few questions about sizes and quantity of servings. She half attempts to answer these questions while flipping through a binder and trying to use a calculator. Some answers varied and the whole conversation became very confusing. We show her a picture of the cake she has in mind and it has a very common wedding damask pattern. She immediately says they don't have a damask stencil but could probably get one at Michael's. Really?? My friend was bummed and not feeling confident this would be her cake place. They didn't even have pictures or a portfolio of previous wedding cakes for us to look at. So we left and did not buy two pieces of cake for $25! Then to make matters worse, we both got sick later from our breakfast. Will not return, that's for sure! Can't believe the lack of service to remedy their mistake!",485,2524,12,1,0.0,0.072,0,1,food_poisoning,high,Reviewer and a companion got sick after eating at the restaurant.
3243,4.0,8,0,4,"This restaurant is located on the pool deck at The Vinoy Resort and open to the public. They have indoor and outdoor service. Outside they have tables and corn hole. They serve lunch and dinner every day and on the weekends they have breakfast (sometimes a buffet). They have a good selection of fruity tropical drinks and the menu has a Caribbean flare. They have the best fish taco's I've ever eaten and use local fish. Another favorite is the lobster quesadilla, huge chunks of lobster and you won't leave hungry even tho it is an app. Conch fritters, chips and guac, all sorts of app's for sharing. Black bean burger, turkey burger, cuban sandwhich . . . something for everyone from the veg head to the carnivore. If you are looking for a unique salad try the Alfresco Salad with banana bread croutons, dried fruit and tasty dressing. You can top with all sorts of things, but I like the scallops. If you are downtown St Pete it is worth stopping by and they will validate your parking too. Enjoy!",181,1001,1,0,0.0,0.01,0,0,none,high,"No mention of illness, contamination, or unsafe food handling."
1506,3.0,0,0,0,"Food was good. I had the avgolemano soup (almost as good as my mother's, just a bit too much rice in it) and the lamb souvlaki for lunch with a side of horta. Well executed food, once it came out. However, the service was horrid. I kept thinking Gordon Ramsey was in the back yelling ""Oh come on!"" because the entire, full, restaurant was getting no food from the kitchen. It's really too bad, because for standard Greek fare, they hit the mark. But even in Greece, the service is better.",91,488,1,0,0.0,0.065,0,0,none,high,"No description of illness, contamination, or unsafe handling."
4734,1.0,0,0,0,"Maybe the pizza is good? Had delivery of classic lasagna, where's the meat? Marsala was the second dish and never saw anything so small! Ordered the Italian wedding soup. NOT ANY meat in two bowls. The meals arrived COLD after a 45 minute eta and it actually arrived eighty minutes after ordering. This is the first time I've ever given a bad review but feel like $35 including tip was extremely high for this food. Will never eat this food again and will definitely not recommend it. Hope I don't get sick tonight!! If there was a zero rating, that's what it would receive. Yuck.",105,580,3,1,0.0,0.069,0,0,none,high,"Reviewer expresses concern about getting sick, but it's a hypothetical statement and not a description of a real incident."
546,4.0,1,0,0,"Pleasantly surprised. This is the no-frills, greasy takeout joint that's sorely missing from the Main Line. I had the Orange Beef and found the beef tender. There was ample sauce, rice and broccoli. It was considerably better (and cheaper) than the same entree at Chinese Delight in Wayne.",48,289,0,0,0.0,0.039,0,0,none,high,"No mention of illness, contamination, or unsafe handling."
2361,5.0,0,0,0,"You'll definitely have a wait for brunch but grab a drink and buckle in cause it's worth it. Everyone at the table loved what they ordered. We started with the buffalo cauliflower and got the pretzel pancakes, nooner, blueberry waffle and the red velvet waffle and damn if we didn't clean our plates. Also if you don't get the white trash hash you'll regret it for years to come. Service was great and our drinks were perfect.",77,426,0,0,0.0,0.104,0,0,none,high,"No mention of illness, contamination, or unsafe food handling."
5086,2.0,1,1,0,"I can probably eat sushi everyday and never get sick of it, but I don't cus I'll probably get sick from mercury poisoning and it aint cheap, man. Here, the only thing cheap is the quality of the food. I mean, I get the concept of the fast-food sushi place, but at least be fair and match your prices to the quality. Sashimi is expectedly not fresh. Even the veggies in my salmon bowl were a mushy mess. Sadly, I come here anyway, cus I live in IV without a car, so it's either this or no sushi at all. That being said, come if you're desperate, like me.",109,553,0,1,0.0,0.165,0,0,none,high,"No described illness or contamination, just complaints about quality and freshness."
1579,1.0,0,0,0,"After having watched the episode of ""Tanked"" featuring this restaurant that our hotel room played on repeat, My family and I decided to eat here for the final meal of our vacation, as we had enjoyed the restaurants in both the Guy Harvey Outpost and Tradewinds Island Grand, we had figured this food would be similar just on a higher scale and the prices certainly reflect that. When you first walk in, the restaurant seemed to remind me of a Rainforest Cafe type, a restaurant more focused on getting you to buy ""souvenirs"" than actually focusing on their food. The host stand is situated in the back of the shop. We showed up without a reservation and as a Party of 8 we were fully prepared to wait a while to be seated. We were promptly told that they were completely booked until 9:30 PM that night, it was around 7:00 PM when we arrived. (As somebody who works in the restaurant industry, I can promise that it is bad business to completely book your restaurant on only reservations with no room for walk-ins.) Regardless we were directed to a bar area that had an indoor and outdoor area, the indoor area was full so we felt lucky to find two tables of 4 right next to each other outside. We were told to seat ourselves and we did, it took quite sometime to be acknowledged by our server, who haphazardly threw menus onto our table, mumbled about them and walked away. He returned with our drinks and walked away again. We placed our order with the server and began our wait, all the while he was still unpleasant, it seemed as though we were putting him out. I had ordered a water and when he came to refill it, he refilled my cup with warm water, it also tasted slightly strange to me as well. We waited for a seemingly long time for our food, tables around us, that had sat down after us received their meals well before we did. Myself and another person in my party ordered the 4-cheese Lobster ""Mac"", upon arrival I noticed that I had been given a significantly smaller portion than my sister. I said nothing and just began to eat. This was when the problems began, the lobster tasted as though it had gone bad, I pushed it to the side and tried to just eat the noodles, they had no cheese on them at all and the lobster cream sauce that came in the bottom tasted fishy and spoiled as well. I have been eating lobster for many years and have never tasted something like this before. I know it was not just me because my sister who ordered the same entree, felt incredibly sick after having about half of her meal. The kid's chicken fingers had a yellowish color to them, and the chicken wings were bland and tough. There was a bone left sticking out of the bland fried Pan-Fried Chicken, the fish also had a bone sticking out of it and the burger that was ordered med-well was served completely burnt. When the server came to take our plates away he took my sister's away first and it was obvious she had not eaten much, he said nothing and took her plate first. Working in a restaurant I know that it is standard practice to at least ask if she enjoyed her meal if not send a manager over to ask if everything was okay. Also come to find out we were charged the same price for both the lobster macs regardless of the fact I received a significantly smaller portion. Overall, this restaurant seems to be very concerned with their fish tank. While it is impressive, their dining room, in which it is featured, is small and does not seem to have the capacity to house the influx of people that were there. There was a lackluster corner for viewing of the tank for those not in the dining room. The service was horrible and the food was even worse. We will never be coming back. Because of the awful dinner we ended up ordering a second dinner over at the Toasted Monkey next door where they had no problem seating all of us and were very friendly.",721,3856,0,1,0.0,0.057,0,1,food_poisoning,high,Reviewer's sister felt incredibly sick after eating the same lobster mac dish.
6560,2.0,1,0,2,"Before trying this restaurant , everything in me wanted to give this restaurant 4 or 5 stars based on the pictures & reviews . . . Sadly , I can not do that . Our hostess was unkind but I can get over that . As for the food , I thought the veggie burger sounded fantastic and even thought it tasted pretty good until the last few bites . Started feeling sick right away . Also ordered the onion rings as an appetizer , they left little to be desired . Very bland tasting . :-( If I were to go back , I would give the milkshakes a try and thats it .",115,548,0,1,0.0,0.106,0,1,food_poisoning,high,Reviewer started feeling sick immediately after eating the veggie burger.
1959,4.0,0,0,0,I've been here twice within the past two weeks... AND I LOVE IT! Each time trying something different. So far I love the chili burger. That was first time trying chili on a burger and I must say it won't be my last. During the week they have a nice happy hour with local brews on the menu.. So that's a plus.,62,308,1,0,0.0,0.0,0,0,none,high,"No mention of illness, contamination, or unsafe food handling."
4418,1.0,0,0,0,I'm so disgusted and feel incredibly sick right now. I ordered three rolls to go and sadly all of them were terrible. The fish isn't fresh and the cooked rolls literally taste like someone deep fried it in old oil and let it sit out for hours. Not fresh at all. I'm usually not one to complain but this experience was terrible and a waste of my money and excitement. I was really craving sushi but I will not be back to this place. It's my second time eating here. The first time was okay but very slow service and this is my first time getting take out. Just never again. I would've ate fast food before I go back here.,121,620,0,1,0.0,0.147,0,1,food_poisoning,high,"Reviewer describes feeling sick after eating at the restaurant, with symptoms possibly caused by spoiled or old food."
2117,4.0,0,0,0,"Long wait if you go on a weekend, but worth the wait. The potatoes are the best breakfast potatoes I've ever had. Bacon was delicious as well. Both the smores and classic french toast were very good! Pricey, but worth it for special occasions.",44,243,1,0,0.0,0.0,0,0,none,high,"No mention of illness, contamination, or unsafe food handling."
1534,5.0,0,0,0,"Awesome local brunch if you can wait the 30 - 90 minute wait. I like to walk around the neighborhood while I wait, great garage sales nearby usually. French toast is yummy and so are the potato pancakes.",38,203,0,0,0.0,0.0,0,0,none,high,"No mention of illness, contamination, or unsafe food handling."
4537,4.0,0,0,0,"Yes, this is the only sushi place in town. However, it is great when you're craving sushi and don't have time to go somewhere else. The salmon is probably the best fish they have, so we always order salmon. We also love their spicy edamame, tempura, ocean salad, and cabbage salad. Service has always been friendly and quick!",58,325,1,0,0.0,0.0,0,0,none,high,"No mention of illness, contamination, or unsafe handling."
4777,1.0,1,0,0,"We had our wedding on 2/8/17 and did a reception at Rusty Pelican, from last 2-9 until 2-10 we found out that over 80% of our guest (adults and including 6 kids under 10)got sick vomiting and diarrhea including my wife, we didn't go to any other restaurant after Rusty Pelican. I called Rusty Pelican and they said they investigated on their side and nothing was found (of course), they want proof from the hospital for food poisoning, nobody in my party got sick enough to go to the hospital, but one 4 yr old was taken to the walk in clinic and said it was a stomach bug, which we didn't think is right. Food we had in the reception is steak and lobster and steak and salmon, bacon scallops, and cheese ravioli",134,712,0,1,0.0074626865671641,0.05,0,1,food_poisoning,high,"Multiple guests, including the reviewer's wife, experienced vomiting and diarrhea after eating at the restaurant."
1576,2.0,0,0,0,"Pretty average breakfast place. Much of the menu is an exact replica of Coras which is kind of boring. First off, one of the main reasons why I gave a low rating is because of the coffee. If you want to be a breakfast/lunch ONLY restaurant, you'd better have some killer coffee. The coffee here tasted like watery Folgers. For food, we ordered the Celine's Special and the Steak and Mushroom Eggs Benedict. Both were cooked well. Celine's special was mostly typical breakfast food so basic, but done well. I was expecting actual pieces of STEAK with the benedict, but it was shaved Philly steak type meat. I asked for soft poached eggs and that was exactly what I got. The hollandaise with the Benedict was pretty bland though. The potatoes that came with each meal would be better if crispier and not soggy/floppy. They were also a little salty. This restaurant wasn't terrible, but not nearly as good as Haps which is not far away. The service here also left something to be desired... But ultimately, it was THE COFFEE that really made for a very sub-par experience.",189,1069,0,0,0.0,0.045,0,0,none,high,"No description of illness, contamination, or unsafe food handling."
4133,5.0,0,0,0,Love this place! Come here frequently with friends for the coconut cake and a cup of coffee :),18,94,1,0,0.0,0.0,0,0,none,high,"No mention of illness, contamination, or unsafe handling."
6544,2.0,1,1,0,"It was my third or fourth time eating here. I ordered a Caesar salad and order or sweet potato fries. The waitress first brought out my water and as I'm sipping it my sister immediately told me to stop because there were a lot of floaties in my drink. I tried my best to keep from gagging. My waitress came by and brought me a new water (10 minutes later) and my new drink had floaties in it too!!! I was sick. It's a good thing I had a water bottle in my purse. Also, my salad came with a hidden piece of chicken inside of it and I'm a vegetarian. So that made me sick too. My sweet potato fries were great as usual, but I'm overall very disappointed.",130,652,3,1,0.0,0.079,0,1,contamination,high,Visible floaties in the drink and a hidden piece of chicken in the salad caused illness
151,3.0,0,0,0,Nashville just doesn't have good sushi but this is ok. They accommodate my daughter's fish allergy. Very friendly and quick service. Parking can be a pain but we try to avoid peak times. I recommend yum yum and the veggie rolls.,41,228,0,1,0.0,0.17,0,0,none,high,No mention of adverse event or food safety issue.
7130,3.0,0,0,0,"A coworker recently talked me into going to lunch at Smiths and I was surprised to have an awesome meal. There was this amazing salad on the menu that had all my favorite foods. I ordered a kale salad, served with sauteed butternet squash, prosciutto and topped with sea bass. So good! I'd give Smith's 4 stars, but the service was not the best. We called in advance to make reservations for a group of 7 and were told they didn't take reservations. When we arrived, the first thing we were asked was if we had resevations. What??? Annoying. We ended up sitting and waiting, getting very little updates from the hostess. Not the best service, but I'd go again for the food.",123,673,1,0,0.0,0.102,0,0,none,high,"No description of illness, contamination, or unsafe handling."
5503,2.0,0,0,0,"We used to go here quite a bit, but haven't been in a few months. The food and service was always great in the past. Today the service was completely horrible. The margarita was the worst I've ever had. The whole bottom of the glass was covered in salt. It wasn't drinkable and the server didn't offer to make me another one or to take it off the bill. The server had a really hard time taking our order. He was probably new because he didn't know the menu. He dropped off our food, but left the table so fast that we couldn't even ask for sauce for our tacos. He didn't come back to check on us until after we were finished eating. The food was okay, but very bland without sauce. Very disappointing.",135,701,0,0,0.0,0.085,0,0,none,high,"No description of illness, contamination, or unsafe handling."
5342,2.0,0,0,0,"The location is beautiful and the atmosphere is great. It has amazing views. We read some great reviews and some not so great of meals being undercooked. I thought we should give it try because of all the good reviews we did hear and there was a 2 hour wait at Bahama breeze. I had the oven roasted chicken and my chicken had parts that were raw and bloody. I was not even able to take a second bite after I cut into it. I was also concerned because I am breastfeeding and was terrified to get sick I told the server I would pay for the crab cake which was subpar but not the meal since I could of gotten really sick and barely took a bite she took the plate and said she will check with the chef and mentioned before leaving most chicken cooks that way. I think she happened to forget that we do cook at our home and chicken by no means should be bloody and pink. So on that note I had just had enough and wanted to leave. The following evening we all went to Bahama breeze, and lets say my chicken there was not raw.",203,1018,0,1,0.0,0.114,0,1,unsafe_handling,high,"Reviewer described visibly raw and bloody chicken served, which is a clear sign of unsafe food handling."
6839,4.0,2,0,2,"Mr. B's. Yes. I was walking back to my car from ACME, when I spotted a fisherman who was parked and selling his fresh shrimp catch to a chef out on the street. I took one quick look at his catch and found the most wonderful looking jumbo shrimp I had ever laid eyes on. Not your standard jumbo, but real JUMBO. Huge tasty looking shrimp! I was compelled--even though I had just gorged myself on chargrilled oysters and a po'boy--to inquire about these shrimp of his. I asked him, ""excuse me, sir, where is the absolute best place to eat those shrimp of yours around here?"" His answer: ""Mr B's, you have to try the BBQ shrimp there for sure"" Who dat? Mr B's dat. My convinced my coworker (which wasn't to difficult) to come with me to try the BBQ shrimp. We quickly sat at the bar, as we had already eaten lunch, and requested an order of BBQ shrimp to share. When the shrimp came to us, and we took that first bite (after peeling the shrimp, of course), we found ourselves in decapod heaven. They were served swimming (no pun intended) in a delectable buttery/spicy sauce, which was truly amazing. The smokey and spicy flavors of the sauce were infused into the shrimp, which is truly no small feat. The best part about a sauce like this is that it seems to build in nuance and intensity with each bite. Each shrimp, as a result, seemed better than the one just before it. I was so amazed, that I returned the very next day for another order of BBQ shrimp, to be split with a different friend. I take great pleasure in sharing the things I truly enjoy with friends, and what better way to do that than over a bowl of BBQ shrimp at Mr. B's?",311,1639,1,0,0.0,0.008,0,0,none,high,"No description of illness, contamination, or unsafe food handling."
6075,5.0,2,2,2,"This is my favorite restaurant in the world. Hands down. Here's why: 1- Old and nothing has changed 2- The cheeseburger. It's a fish place, I know - trust me, get the cheeseburger 3- The smoked fish spread appetizer 4- Root beer /draft beer in ice-cold mugs 5- Touring the fish house 6- Oh, and the german potato salad For real, this place will change your life.",67,362,0,0,0.0,0.0,0,0,none,high,"No mention of illness, contamination, or unsafe food handling."
5359,2.0,0,0,0,"Cheu Noodle Bar is like a dive bar crossed with a ramen joint. It's dimly lit, and they serve unique cocktails, plus they have plenty of finger food. Their menu changes throughout the year, so come often to experience it all. I went with my boyfriend on a Monday night, and it was still completely packed. We were able to be seated right away, but our seats were at the bar. My boyfriend and I both have allergies (me to peanuts, him to both peanuts and shrimp), so we're pretty careful when we go out to eat and read the menu thoroughly. After we both ordered the brisket ramen, our server was chatting with us about a customer who had an allergic reaction after eating the brisket ramen because of the shrimp it contains. We were obviously alarmed because nowhere on the menu was it listed that there was shrimp in the brisket ramen. Luckily, we were able to change my boyfriend's order before he ate it. I just thought it was strange because shrimp is such a common allergen, and this has obviously happened numerous times, so you would think that they would attempt to make a change. The rest of our meal was pretty good. I liked the fusion aspect of my brisket ramen, and my boyfriend enjoyed his miso ramen. Not sure if Cheu really lives up to the hype, but it was a decent meal nonetheless.",240,1297,0,1,0.0,0.041,0,1,allergic_reaction,high,Reviewer's boyfriend had a close call with an allergic reaction due to undeclared shrimp in the brisket ramen.
6367,1.0,0,0,0,"This place is terrible. Terrible service, terrible food, and the place is dirty beyond reason. Really hope I don't have food poisoning after eating here, but I wouldn't bet on it.",31,179,0,1,0.0,0.23,0,1,food_poisoning,high,Reviewer expresses concern about potential food poisoning after eating at the restaurant.
5844,1.0,1,0,0,"Was excited to go here because of its location but I ended up getting food poisoning after and was throwing up all night. I know this was the cause because it was the only thing I ate since breakfast so about a 6 hour window. Then got sick about 1 hour after eating. Also, nachos were the weirdest and worst I ever had. Truly disappointed.",65,339,0,1,0.0,0.278,0,1,food_poisoning,high,Reviewer explicitly states they got food poisoning after eating at the restaurant.
4021,5.0,2,0,1,"Cally's is, in my opinion, the best tea shop in Edmonton! The baked goods are superb and the teas are of excellent quality. One of my favourites is the rose tea - it smells just like real rose petals and the taste comes through nicely in the brew. The atmosphere is perfect so all in all visiting Cally's results in an excellent tea experience!",64,344,2,0,0.0,0.0,0,0,none,high,"No mention of illness, contamination, or unsafe food handling."
5740,4.0,1,0,0,I was hoteling nearby and was hankerin' for sum friiiiied chicken! Did the drive thru 05.06.16 and found no reason to fault them for food or service. Ordered the #10 box meal + add a breast. Comes w/ drink. The visit hit the spot and was very typical of the experience I've had at several other KFC's. My service was fast & friendly. Employees on point. Ringin' the bell as I leave like at Long John Silver's. Good job crew!,80,424,2,0,0.0,0.072,0,0,none,high,"No mention of illness, contamination, or unsafe handling."
3196,2.0,0,0,0,"The view was good (and similar to one I had just seen from a hospital room), the food was good (restaurant week portions) but be careful with the service....the reservation requires a deposit which is kinda unusual but the worse part was our waiter decided to double his tip. We had a gift card and told him to give himself a $40 tip but he decided to process it as $80 and then we were given the balance on our gift card. Had the balance on our GC not be checked by me, he would have made $80. Luckily we caught it and now have a major sour taste for this place. Someone fixed it for us but the waiter never can back to apologize...his tail must have been caught between his legs. Buyer beware. Should have lowered his tip but I'm not like that. Kinda wish I ddI tho.",150,768,0,1,0.0066666666666666,0.053,0,0,none,high,"No described illness, contamination, or unsafe food handling."
2195,4.0,0,0,0,"Listen up, this is a good buffet - a buffet - Chinese Buffet. Those words can mean a lot of things to people. Pros: Broccoli and green beans are good and always on the menu. Get your veggies people, thin noodles - mai fun, and chicken broccoli. They always have FRESH fruit. I go there to eat a decent meal and they deliver. Cons: It's a buffet. The food can sit for a while and get old and the variety over time is not the best. Food 3.5/5 Value 5/5 Service 3/5 Atmosphere 2/5",94,477,0,0,0.0,0.035,0,0,none,high,"No mention of illness, contamination, or unsafe handling."
6620,4.0,0,0,0,"It took forever to be seated and its small, cramped and hot inside. On the plus side you can drink while you wait. The server was really cool and very honest when we asked what was good and fresh for the day. The food was cooked fresh! I mean from being alive in the tank to killed and cooked right behind you. We ordered Lobster and rock crab both were amazing. We also had the lobster bisque which I thought needed more flavor. The beer was ice cold and the food was hot and fresh. Service was outstanding once we actually got seated.",103,536,1,0,0.0,0.037,0,0,none,high,"No description of illness, contamination, or unsafe food handling."
6234,2.0,0,0,0,"We needed a place to eat a late lunch/early dinner and Luke was recommended by the front desk of the hotel. I read the reviews after and think I still would have given it a try, even though some folks didn't like it. The review that sums it up is a Yelper that said he went here twice, once a 5 and then the next time a 1 star experience. It all depends on the timing here. I ordered the Shrimp and Grits and my wife had something tasty, but we both can't remember because of the problems with my order. The Shrimp was mushy, not firm. I tried one and had to spit it out. I thought that maybe the next one would be ok and ate that one...still mushy. Usually that's a sign that the shrimp is old. The place was relatively empty and they had plenty of staff milling about, but I couldn't get anyone to come to the table. I finally got a bus boy to come over and I ""Tried"" to explain what was up with the dish. He took it back to the kitchen and no one came back to our table until 10 minutes later another dish of Shrimp and Grits. It was about the same, so I ate it, but worried all night that those little shrimp where going to try and swim back up stream. I didn't get sick, but there are SO MANY Great restaurants in NOLA that I will never try this one again.",255,1261,0,1,0.0,0.051,0,1,unsafe_handling,high,Reviewer suspected spoiled shrimp due to mushy texture and lack of firmness.
4593,5.0,2,1,3,Best sushi we have ever had. Very friendly service too. Try the Toro press box. Also the coconut curry mango shrimp. Prices are a little higher but worth it. We got there before 5 and beat the crowd.,38,199,0,0,0.0,0.0,0,0,none,high,"No mention of illness, contamination, or unsafe handling."
1995,2.0,1,1,0,Are there better burger joints in Philadelphia? Yes there are. One good item is that they have REAL SODA - and not that high fructose corn syrup crap that turns you into a fat whale. Warning - hipsters flock here so if you are allergic to flannel and to irony then avoid it at all costs. Also the music is too loud. Do you really need to play Slayer that loud?,71,360,0,1,0.0,0.131,0,0,none,high,"No mention of illness, contamination, or adverse event."
580,5.0,0,0,2,"This is a great place for some more atypical Indian dishes that most Indian restaurants offer. Sure they have your usual curry but they also have chaat and other more unique meals. Their beef ribs, chaat and (of course) chai drinks are delicious. Lots of great texture and rich flavor! It's a hidden gem with a very fun ambiance. You get wrapped in a colorful and fun dining area full of murals and a ceiling popping with sun parasols. Highly recommend dining in. Staff was friendly and knowledgeable!",88,501,2,0,0.0,0.0,0,0,none,high,"No mention of illness, contamination, or unsafe food handling."
3021,2.0,1,0,0,Nothing special. Average. Food is plain and boring. Decent atmosphere. The staff is mostly teenagers. Had a salad and the French onion soup was disgusting. I'm sick to my stomach leaving. Over priced diner food.,35,211,0,1,0.0,0.273,0,0,none,high,"No described illness or contamination, just generic negative review."
5445,1.0,3,0,0,"Two words: food poisoning. After a long day traveling to Philadelphia with little else to eat, I was excited to get some food and ordered the slice of the day, a caesar salad and a beer. The next twelve hours were filled with gut wrenching pain as I laid on the floor of the hotel bathroom attempting to expel the vile refuse from my system. The ""cookie jar"" dessert I ordered to-go still sits on the counter, untouched and mocking me. I think it's best to throw it out. I certainly found one place I will never return to on my travels to Philly.",104,546,0,1,0.0,0.167,0,1,food_poisoning,high,Reviewer explicitly states they experienced food poisoning after eating at the restaurant.
6635,3.0,0,0,0,Good sized small venue. Maybe hold about 500-700. Toilets are pretty rough so be careful what you have for dinner before a show. Bar was not overpriced and the drinks were generous.,32,181,0,0,0.0,0.0,0,0,none,high,"No mention of illness, contamination, or unsafe food handling."
1828,4.0,0,0,0,Pancake Pantry is an institution in Nashville. A place to see country stars and have a great breakfast. Pancakes are good. It's a thing to do in Nashville. Plan to stand in line and enjoy the conversation.,37,205,0,0,0.0,0.0,0,0,none,high,"No mention of illness, contamination, or unsafe handling."
7420,4.0,0,0,0,"The Tuck Special. So good I would drive all the way back out to Nashville from TX just to have it again. It's a mix of strange ingredients- brisket, egg, pimento cheese but combined they are an amazing flavor combination. My husband didn't care for the BBQ sauce on the table, but meat was pretty good. I can see how this place gets crowded, but if you have patience and look up the menu ahead of time, it should be manageable.",81,427,0,0,0.0,0.051,0,0,none,high,"No mention of illness, contamination, or unsafe food handling."
2874,1.0,0,0,0,"Normally I love everything about 'feine, but I had a really bad experience there today that made me have a change of heart. I ordered a classic grilled cheese sandwich, which is supposed to contain - you guessed it - just cheese. However, some of the staff members seemed distracted while they were making it. I didn't think anything of it until I got in my car and started chowing down. I thought it was odd that the sandwich tasted spicy (like, reeeeeally hot spicy) but I was SO hungry, so I kept eating half of it. Then I tasted something funny. When I opened up my sandwich, I saw turkey. Now, for most people this would not be a big deal, but for me, I've been a strict vegetarian since I was a kid, and meat makes me really sick, so it was a big freakin' deal. Made me throw up. Now I'm grossed out and sad because I used to love 'feine, but am now really disappointed - they should have been more careful. Turkey wasn't even on the grilled cheese menu, so I'm really confused as to how it got into my sandwich. Ughhh.",197,1025,0,1,0.0,0.146,0,1,unsafe_handling,high,"Reviewer experienced food contamination due to incorrect ingredients, resulting in an allergic reaction and illness."
6188,1.0,0,0,0,I am in the hospital and wanted chinese food delivered. First thing I asked was if they would deliver to a hospital. I explained that the driver would need to come up to the room since no one was available to meet them downstairs. The driver left the food with a random guy whom she claims was a security guard. She put him on the phone to verify I ordered chinese food and left. My order was placed at 7:45 but the driver did not show up until 9pm. When I called to talk to the manager about not getting my food he got defensive and said since I talked to the guy on the phone it was out of their hands. I tried to remind him I CLEARLY STATED the food needed to be delivered to my room before the order was placed. He refused to listen and was very rude and would not do anything to rectify the situation. Poor customer service.,164,829,0,1,0.0060975609756097,0.078,0,0,none,high,"No described illness or contamination, only poor customer service."
3476,1.0,0,0,0,"Highly, highly overrated. The food was a C minus at best. And the service was so bad that I may never go back. They screwed up my order completely and my no apologies. There are a lot of other options around State Street. Avoid this place like the plague.",49,255,0,0,0.0,0.213,0,0,none,high,"No description of illness, contamination, or unsafe handling."
6723,2.0,1,2,0,"This review pains me to write, because I wanted to love it here so, so badly. Ivd been to Kanella twice now, and both times I have had the same issues: the male servers I have had have been terrible and I've gotten sick after my meals, which is a total shame because this is my favorite cuisine of all time. The first time I dined, was for my birthday and I informed the staff I was gluten free and couldn't eat onions. They seemed accommodating off the bat but I later learned in my meal, my dish had scallions and breadcrumbs nestled deep inside of it. The waiter was the least bit apologetic and I suffered for the next 2 days. More recently, I came here for brunch and was so excited to finally try their gorgeous looking menu. After 22 minutes of waiting for water, the waiter seemed to not really know anything about the menu or when I told him about my restrictions. We started with the Greek plate which was unreal but when we moved to entrees, my meal had onions inside the eggs and was inedible. Again, pissed. His nice gesture was to bring me the house made baklava as a dessert but I guess he didn't realize that was a puff pastry of gluten",220,1152,0,1,0.0,0.09,0,1,allergic_reaction,high,Reviewer experienced gluten-related illness after being served gluten-containing food despite informing staff of gluten intolerance.
840,4.0,1,0,0,"I've lived in the Philadelphia area for about 15 years and I'm sad to say that I only learned of Ralphs about a year ago. To me, Ralphs is the embodiment of Philadelphia. The food is about as traditional Italian as you can get. It's the oldest Italian Restuarant in America that is still operating. The food is great and the service is exactly what you would expect from an old school Italian joint. If you are hosting guests from out of town and you want to show them what Philadelphia is all about...take them to Ralphs. They will leave very full and completely satisfied. Truly one of Philadelphia's most prized venues.",112,622,0,0,0.0,0.035,0,0,none,high,"No mention of illness, contamination, or unsafe food handling."
5433,3.0,0,0,0,"ate there a week ago Sunday lunch...great service...a-ok/good baked chicken, bagette, side salad, corn muffin, & bloody mary. Decor is vintage 70's/80's but nice enough and very clean.",28,184,0,0,0.0,0.06,0,0,none,high,"no mention of illness, contamination, or unsafe handling"
3969,5.0,0,0,0,"All you can eat lobsters.. $54.00. A steal of a deal... I had 10... $5.40 a lobster.,... . cooked to perfection!!!",21,114,3,0,0.0,0.147,0,0,none,high,"No mention of illness, contamination, or unsafe handling."
4932,2.0,0,0,0,"While my burger and milkshake were undeniably good, albeit small-portioned, the food poisoning was less than ideal.",17,115,0,1,0.0,0.16,0,1,food_poisoning,high,Reviewer explicitly states they got food poisoning after eating there.
3300,2.0,0,0,0,"Let's start by saying I normally love Ruth's Chris. I've used to live in Baltimore and must have gone to that one more than 20 times. We moved to Philly last year and my wife decided to surprise me for my birthday and take me there. Unfortunately, they sat us right near the bathroom on what must be the smallest table in the house. We tried to get over it and enjoy our meal. Unfortunately, our waiter must have been lonely b/c I can't remember having a server ask me so many things. What are you celebrating? There are NFL players in the restaurant, are you fans? Oh, you're new to the city... where are you from, what brings you here? I think that it must have been a left-over pricing deal from Restaurant week, b/c they were doing a fixed price deal.. appetizer, entree and dessert for set price. So, it was a better deal than normal pricing. But for some reason the menu in Philly is more limited than the one in Baltimore, so my favorite appetizer and side dish aren't even available at this location. The last hitch was the desserts.. It was supposed to be some sort of mousse with fresh berries on top. My wife's allergic to berries so we tell our new friend the waiter. When they come out, neither have berries. I would have like the berries on mine. Haha.",237,1266,0,1,0.0,0.042,0,0,none,high,No adverse event or food safety issue described.
6224,5.0,1,0,0,the best frozen yogurt i have found in the central bucks area (at the time of the initial review). everyone is super friendly and the flavors are good. but i have since found another location that is a rival. :-0,40,212,0,0,0.0,0.0,0,0,none,high,"no mention of illness, contamination, or unsafe handling"
2081,5.0,0,0,0,"I'm so impressed with this coffee shop. Coming from Sacramento, my husband and I know good coffee. This place is such a gem, I wish there was something like this back in Sac! Anyways, this is my go-to Reno coffee shop for sure. Their Matcha lattes are so good. Sigh.",50,266,1,0,0.0,0.0,0,0,none,high,"No mention of illness, contamination, or unsafe food handling."
6134,5.0,8,3,11,"I love this place. A very welcome addition to the downtown scene. Walking in, I am immediately struck by how pretty the place is. Lots of wood, muted colors... very calming. Add to that the eclectic mix of music, albeit heavy on classic jazz - Miles, Coltrane, Theolonius - and some classic blues - Billie Holiday, Nina Simone... the overall effect is soothing. After a hectic day at work, sipping a glass of wine at the bar, I feel like I wandered into a little oasis. I grew up in NYC, so this place definitely takes me back to rainy days in the city where jazz just seemed to be the perfect expression of the day. So, enough about the atmosphere. Let's talk about what truly makes unplugged special - the booze. Before writing this review, I have been to unplugged four times. Every time, I have sat at the bar versus a table. Nothing wrong with the tables there, but to anyone who knows me then you know what a chatty Cathy I can be . Frank, the owner and frequently the bartender, is an absolute joy to chat with about wine. My first time going here, I ordered a flight of whites. I was so impressed that Frank poured each glass and then explained a little about the wine I was about to taste. He then waited until I finished the glass I had before pouring the next. His passion and knowledge of wine are clearly evident. In subsequent visits, I have always sat at the bar to be able to chat with Frank or whomever is bartending. All of the staff that I have encountered have always been warm, knowledgeable, and passionate about wine. Speaking of the wine... I love that their wines are unusual. Since Frank is a native German, it is not at all surprising that many of the wines are German. However, don't expect to see only Rieslings. There are Gewurtz's, Spatleses, Kabinetts, and a bunch of beautiful German reds that are both unexpected and delightful. Speaking of the Rieslings, their selection ranges from the traditional sweet and mineral wines to some surprisingly dry one also. Last night, I had an amazing red - a blend of mostly Grenache, a little Syrah, and a little Mourvedre (an oft overlooked but delightful grape). While their wines are a bit pricier by the glass or bottle than what you might expect to pay at Good Oak or Congress, the quality in astronomically better. If you're on a budget, ask for the house white or house red as they are always fantastic (and nothing like what you might expect of a house wine at a different establishment).",450,2468,0,0,0.0,0.016,0,0,none,high,"No mention of illness, contamination, or unsafe food handling."
1768,1.0,0,0,0,"I went there for lunch on a Saturday, and most of the food was cold. There was hardly any sushi out either. I was reluctant to eat much, and what I did eat I got violently sick about 1 hr later. I will never go there again!",47,223,1,1,0.0,0.202,0,1,food_poisoning,high,Reviewer got violently sick after eating at the restaurant.
4445,5.0,1,0,0,"The ricotta cheese is key!! The super picky hubby loved the BBQ Chicken Pizza and said everything was cooked to perfection, no one flavor overpowering the other. Everything was perfect. It was definitely worth the 30-minute drive (one-way) to pick it up. Ordering and paying on-line made it super convenient and the pizzas were ready when we got there.",59,352,2,0,0.0,0.028,0,0,none,high,"No mention of illness, contamination, or unsafe handling."
7267,3.0,0,0,0,"It's hard not to love a bakery that caters to your alternative style of eating. So yes, I'm in love with their concept. However, I wish they had more Paleo options--two is definitely not enough. My pumpkin cupcake was moist and tasty, but the coconut shreds were overly sweet and oily. I actually had an allergic reaction to the amount of sugar. I make my own Paleo treats all the time and never use two different types of sweeteners, because it's not necessary and totally defeats the purpose of clean eating. I can't say that I'll return, but it's a possibility. 3 stars because they're an organic bakery with vegan and Paleo options.",113,636,0,1,0.0,0.097,0,1,allergic_reaction,high,Reviewer had an allergic reaction to the amount of sugar in the cupcake.
4911,1.0,0,0,0,"AVOID EATING HERE AT ALL COSTS! This establishment has multiple food safety violations. No one wears hats or hair restraints. The one cashier was waving the other cashiers weave over the food. The other cashier was combing her hair with a fork and then put the fork back in the mix. After horsing around, the dropped a stack of coke cups on the dirty floor, and opposed to disposing it, they picked them back up and continued to serve them. YUCK! There is food under the grills and trash everywhere. Visible signs of mouse droppings. No one wears gloves, even after the food is ready to eat. Two cooks found outside doing nothing as a line starts to build up. The only cook available scratched his hairy legs with the spatula. Don't even get me started on the fruit flys hanging out by the Soda machine that seems to have never been cleaned. Nothing is wiped. Nothing is picked up. Cross contamination everywhere you see. How long until someone gets sick?",171,955,2,1,0.0,0.096,0,1,contamination,high,Multiple instances of physical contamination and unsafe food handling practices were observed.
1971,3.0,0,0,0,"A friend works there and occasionally brings burgers home. They're not bad. Have no idea on prices but it is a corporate restaurant so they do comply to a set of standards above and beyond Bourbon, which is a sewer. This place trains the hell out of their employees so everyone is on top of their game. There are other burger joints such as Nacho Mamas & Port of Call but if you're with a big group and are on Bourbon and don't want to get food poisoning stop in. They'll take care of you.",95,489,0,1,0.0,0.146,0,1,food_poisoning,high,Reviewer mentions 'don't want to get food poisoning' when recommending the restaurant.
308,5.0,0,0,0,"Great food, great atmosphere, great service. I've been here twice, and neither was a disappointment. The food is always fantastic (if a bit on the pricey side) - maybe it's because I'm a sucker for Nutella, but the Belgian Waffle topped with Nutella is Heaven for your mouth.",48,275,0,0,0.0,0.04,0,0,none,high,"No mention of illness, contamination, or unsafe handling."
1154,2.0,1,0,0,"Repeatedly get to-go orders wrong, even when placed during off-peak hours, and even if I check the bag while I'm there and ask them to correct their mistake, my food is cold by the time they bring out the missing item(s). While dining in, I received a ""well done"" bacon cheeseburger that was so pink in the middle, I couldn't stomach eating it. I still get sick to my stomach thinking about it... And today, I tried to call in a to-go order, and I was placed on hold for 12 minutes. I finally hung up, thinking they'd forgotten about me. I've waited a couple minutes and called back, but their line is busy since their phone is now off the hook. I'll be going to another Cracker Barrel from now on. Very disappointing. :/",135,721,0,1,0.0,0.127,0,1,food_poisoning,high,Reviewer describes getting sick to their stomach after eating undercooked bacon cheeseburger.
622,4.0,0,0,0,"The Terrace Lounge is appropriately opulent for a casino bar. My friend and I had a couple of tasty libations while we listened to live music. I had the Peartini, and it was a unique blend of vodka and pear. The service is excellent and friendly. This is a nice place to hang out away from the bustle of the casino.",61,315,0,0,0.0,0.0,0,0,none,high,"No mention of illness, contamination, or unsafe food handling."
1429,1.0,1,0,0,"We went on a Saturday night with a group of 40 that had reservations several days ahead of time. We went with a group of gymnasistcs competitors and parents. We were seated in a our own banquet room at about 645. The gymnasistcs team was served their food at 7 as they had previously ordered in advance. There was a table of 12 of us that didn't order until after 8 and got our food after nine. The problem was only 4 servers and two cooks. I ordered the Cobb salad it was very good although I ate the salad at home. The servers were very kind but service was slow and when we left around 930 I overheard the manager or owner brag about what a great job his team did with the small staff. I would agree with that although we won't be going back because the restaurant knew in advance of the number of people and because they had a few people call in sick, the manager should have told us the situation when we arrived so we wouldn't spend almost 2 and 1/2 hours receiving our food.",191,981,0,1,0.0,0.033,0,0,none,high,"No description of illness, contamination, or unsafe handling."
6710,1.0,1,0,0,"The bagels looked good. But the woman serving the bagels was sick and coughing into her hands. She would cough into her hands ( with no plastic gloves on) and then would reach up and grab a customers bagel and continue to wait on them. DISGUSTING! She was rude also and only would point at the signs when asked a question. My son, who was with me also saw her reach into her blouse and scratch herself and then grabbed someone's bagel. We were shocked and threw our bagels away. I've never been to a place that served bagels where the person serving them did not have gloves on. GROSS!",110,585,2,1,0.0,0.203,0,1,unsafe_handling,high,"Visible unsafe food handling practices, including no gloves and coughing into hands."
6258,2.0,1,0,0,"I went here over the weekend with my family. I do not consider myself a picky eater, but there was nothing particular that stood out to me on the main menu. I ended up getting two appetizers as my meal. I got the Duck Eggrolls and the Scallops. I wasn't a fan of the duck rolls since the goat cheese really overpowered the flavor of the duck. The scallops were cooked perfectly, but I was left feeling hungry after eating only two scallops and four tiny duck rolls. Obviously, this is somewhat my own fault since I could have ordered from the main menu, but like I said, there was nothing that sounded appealing to me. The bread they served us was brought out and appeared to look ""fresh"" but it tasted very stale if I'm honest. I didn't order any dessert, but I know my family got the Chocolate Molten Cupcake thing, and the Bread pudding. Both were sickly sweet and could easily give one diabetes, lol. The rest of the family had average meals, but my Mom really liked the Green Fried Tomatoes she ate. Honestly, I think this restaurant was a bit overrated in my opinion. I felt visibly sick when I saw what our bill was at the end and I don't think I'll be coming back anytime soon. I can't say anything negative about service. The waiting staff was top notch and was friendly and on top of keeping us happy. Like I said though, I just didn't find their menu to have loads of options for their main courses.",265,1410,0,1,0.0,0.034,0,0,none,high,"Reviewer's complaint about feeling 'visibly sick' is due to the bill, not food."
5020,1.0,2,0,0,"I really don't like giving out 1 star reviews when the food isn't completely terrible, but everything about this place is just so mediocre that I can't find a single reason why anyone should go here. There are so many better options for less money that I wouldn't suggest that anyone actually eat here because you would be wasting your time and money on bland food. Pros: The staff was friendly and the sriracha sauce for the fries was good. Cons: They got my order wrong and forgot the bacon, but I don't think even bacon could have saved this burger. Once I realized how much I had just paid for a burger and fries without bacon I was even less impressed with Bagger Dave's, if that's possible. The burger was flavorless. Not only are the portion sizes at the likes of Five Guys and Boogie Burger bigger, but I was amazed at how flavorless the meat was. I'm no chef, but I can cook a better burger with Wal-mart beef. The only thing I could really taste on the burger that stood out was the pumpkin BBQ sauce. I just can't get over how pathetic this burger was, especially given how much I paid for it. Words can't describe how let down and sad my taste buds were. The fries were a little overdone and also somewhat flavorless, which is probably why you get a cup of sauce to dip them in. They're definitely not on par with the likes of Penn Station or Five Guys when it comes to fries. Overall I was quite dissatisfied with my meal. I went in expecting some awesome new restaurant and all I got was something that doesn't even compare to Five Guys for a considerably higher price. I honestly can't think of one good reason to even try this restaurant. If you want a good burger go somewhere else.",318,1699,0,0,0.0,0.075,0,0,none,high,"No described illness, contamination, or unsafe food handling."
7068,2.0,0,0,0,"We just recently tried the No Menu Monday. It was fun in that we didn't know what to expect, but the food fell way short. First, we had to wait at least 20-30 minutes just for the waitress to come over to get the answers to our questions. Once we answered the questions we had to wait another 30 minutes at least. So...just to get our appetizer, we were already there for almost an hour. Then for the price of the meal, I would have expected a lot more. The appetizers were very small, I mean very small, then for the main course we got something that we could have gotten at Pasta House. The meats were not fine cuts of meats and the grouper - I think it may have been sitting for quite a while. I was actually worried that I may get food poisoning from it. The dessert however, was the best part of the meal and I am not a dessert kind of person. As I mentioned, the concept is fun, but the food was not up to par. Eat at your own risk.",188,938,0,1,0.0,0.072,0,1,unsafe_handling,high,Reviewer expressed concern about potential food poisoning due to the appearance of the grouper.
166,1.0,1,0,0,"My girlfriend and I had cravings for burgers after work. I've been here a few times and it's never been great but it'll cure that craving better than McDs or BK. She got the Classic Smash and added bacon and jalapeños, while I got the Jalapeño Baja and a large fries to split. It tasted great at first and then I got to the middle of my burger where it was so raw it was almost cold. I like a raw burger but I swear I heard this thing ""moo"". Hers seemed fine though until a little while later when she started having some serious pain. We ended up in the ER with a doctor telling us she had heavy metal poisoning, most likely from vegetables that weren't properly washed. Smashburger was the only possible culprit. After this experience, a burger that wasn't quite dead and a trip to the ER, I think it will be a long time before we can trust these burgers again. I know McDs and BK aren't the best for you, but they're fully cooked and won't poison me.",184,953,0,1,0.0108695652173913,0.117,0,1,unsafe_handling,high,Reviewer's girlfriend experienced heavy metal poisoning likely due to improperly washed vegetables.
1986,3.0,1,0,0,"This turned out to be the first place I ate immediately on arrival at my hotel in St. Louis. Had a pulled pork sandwich which was pretty good. A major turnoff was when I was suggested Bud Light when I asked for a local beer. I know bud is local to St. Louis but I'm sure when I asked for local it meant something which is not available elsewhere! Another small caution... I am definitely not allergic to anything that I know of but I had a mild allergic reaction (swollen lips, itchy throat) after eating here. I'm guessing it was the barbeque sauce.",104,550,1,1,0.0,0.026,1,1,allergic_reaction,high,Reviewer experienced swollen lips and itchy throat after eating at the restaurant.
5835,4.0,0,0,0,"Amazing salads! Amazing pizza! Incredible staff! What's not to like? The wait can be long, and parking difficult -- but worth it. Socrates pizza is great, but the Wild Mushroom is my favorite. You do HAVE to get a salad -- they are too good to miss. Oh! And the calzones are fantastic and a bargain. I have been to Deweys in Cincinatti where they started -- I am so glad they are in St. Louis too!",77,397,5,0,0.0,0.052,0,0,none,high,"No mention of illness, contamination, or unsafe food handling."
6662,3.0,1,0,1,"GREAT IDEA, not the best execution. Sushi is mediocre. I am NOT saying you will get sick, it's just not ""flavor explosion"" amazing ""art"" that you would expect from sushi that costs this much. I sat and waited and waited and waited (waiter came by a FEW times) and waited some more before I found something that really sparked my interest. Unfortunately, other people felt the same way and nabbed my dish before it got to me. I get that it is supposed to be quick and it is absolutely a fun thing to do on date or girls night, but if you are looking for good sushi, try another place.",111,583,0,1,0.0,0.069,0,0,none,high,"No mention of illness, contamination, or adverse event."
3603,1.0,1,1,0,Cashier was very rude fat Hispanic girl at the airport location. Very very rude. Half the menu wasn't even available.,20,117,0,0,0.0,0.268,0,0,none,high,"No mention of illness, contamination, or unsafe handling."
5621,5.0,0,0,0,"Jaclyn is A-W-E-S-O-M-E!!! First time at the Red Pony, eating upstairs, and our waitress is giving us excellent service!! We'll be back!!",22,137,7,0,0.0,0.0,0,0,none,high,"No mention of illness, contamination, or unsafe handling."
2150,1.0,1,0,0,"I am a Marriot gold member, and nothing would please me more then for them to disinherit this hot mess of a hotel. Worst Offenses: Smells like mold due to landscaping, Nothing is ever open, its a two mile walk to anything, confusing layout, resort fees applied and yet the pool is rarely open, without towels, no bar service even when its supposed to have it. The waterfall bar overcharged me and mis-charged me for the wrong bottle of wine. Fine. The manager comped me since it basically stole 80$ from my account, next night-- it happens again. The food gave one of my traveling companions food poisoning, the internet was shit (FCC sued them over their illegal practices in 2013 regarding wifi.) and every single customer service person was rude, unpleasant and made me want to smack them in the face. OH and you can forget getting any alcohol after 12am, unless you are a Coors fan. (Bleck) My only good experience was the fact that I didn't have to pay for any of it since it was a work trip. BUT you can bet your sweet rearend,-- if I am punished by being forced back to Nashville again,-- I would rather stay at a DAYS Inn, .. or a homeless shelter. I'm sure it's a better experience. Seriously DO NOT STAY HERE. If you love your family-- JUST SAVE THEM THE HEADACHE.",234,1274,0,1,0.0,0.129,0,1,food_poisoning,high,Reviewer's traveling companion got food poisoning after eating at the hotel.
7203,1.0,0,0,0,"Found this place online as I am traveling across country with my dog. I was assured it was dog friendly and that they would do ""and and everything to accomodate my dog."" I dont expect much. I walked in the front entrance and had 2 servers walk within inches of me by the door and look at me as if i was in the way. I walked to the bar and a really friendly brunette bartender was super friendly. Thats the only high point. The server made it clear that we were a burden; 6 different staff members watched me wait for what i thought was a single person bathroom which turned out to be a 6 stall room. I even asked and they told me to wait. Ive worked in F&B for 16 years. I would fire the entire staff minus the one bartender (black hair, rasta tattoo on her shoulder, rasta necklace on; she was cool.) and get this place in shape. what a shame......not to mention the rare tuna panini was beyond well done; nothing like a canned tuna panini and shitty, rude service.",187,966,0,0,0.0,0.082,0,0,none,high,"No described illness, contamination, or unsafe food handling."
5553,1.0,0,0,0,"The food and service were sooo disappointing I felt compelled to join Yelp and write this review. The food was exceedingly bland and flavorless. I had the beef sate with chinese broccholi which was advertised as spicy. Not only wasn't it spicy but the sauce had no flavor at all let alone spice or sate. The spring roll was doughy with limp(not crisp) veggies and bland. The duck abalone soup was the only part of the meal that had some slight flavor. My companions had the duck with vegetables over rice which looked very dry, and the vegetables had a burned oily flavor. Another had the pork over rice which was salty but otherwise underseasoned as well. We waited about 15-20 minutes before our order was taken, and the wait for the check was long as well. The appetizers and entrees all arrived at the same time. I've had better Chinese food from food carts. My least satisfying meal in Chinatown, and I eat out alot all over the country.",170,942,0,0,0.0,0.059,0,0,none,high,"No description of illness, contamination, or unsafe handling."
988,4.0,3,0,3,"I can't overstate how much I love Crumb De La Crumb's cafe. This is my go-to, absolute favorite lunch spot in all of Tennessee. I live in Mt Juliet but travel the 30 miles to Bellevue to indulge in the delightful fare. My personal favorite? Charleston She Crab soup and chicken salad on a croissant. Heaven I tell you, heaven! If you haven't checked this place out yet, you're seriously missing out. Go now!! Reason for an imperfect review: Two things. 1. The check out process is usually very time consuming. I normally wait 5-10 minutes in line before being able to pay my bill and leave. You have to go up front and pay which is fine but usually, the patrons in line are slowly picking out different desserts to purchase at the same time. There's only one cashier, usually the same lady. I don't know her name but she always seems down or unhappy. Which is always frustrating because the servers are usually very sweet and helpful. 2. I wrote a review several years ago on their old Yelp name ""The Cottage Cafe"", but they have since changed their official name to Crumb De La Crumb to keep in sync with the dessert side of their business. Maybe I've always had bad luck with the desserts but I've tried many of the bars and cupcakes and always found a serious fault with them. For instance, a red velvet cupcake I had was extremely dry (like it had been baked a few days before) and the icing wasn't as sweet as you'd hope for a cream cheese icing. TL;DR The cafe side is phenomenal but the check-out process and desserts are lacking.",283,1537,3,0,0.0,0.092,0,0,none,high,"No description of illness, contamination, or unsafe food handling."
6831,5.0,1,0,0,"Quality ingredients. First off, BK Carne Asada and Hotdogs is home of the best Sonoran hotdog in Tucson. The only reason there is a so called rivalry between BK and the other guy (gueros) is because of the Travel Channel's Food Wars and they happen to be across the street from each other on 12th ave. Unfortunately not everyone has the ability to pick up on the difference that fresh and quality ingredients make in any meal... Yes even a hotdog. For the reviews that say that BK is okay or alright in comparison to the other guys, I'm sorry but it must be out of tradition, support, loyalty, or simply different sets of slightly untrained taste buds. BK is the place to go.",124,675,0,0,0.0,0.038,0,0,none,high,"No mention of illness, contamination, or unsafe handling."
944,3.0,1,0,0,I love the low carb bagels. I just ordered $60.00 worth of them! Postage is outrageous! But now I read that it's a scam. The low carb bread products are very much high carb. What is this! I feel sick about it. I read it from the Diet Dr. and someone else. What gives?,54,267,3,1,0.0,0.269,0,0,none,high,"No described illness or contamination, just a complaint about mislabeled food."
5978,4.0,1,0,0,"5 STAR FOOD! For sure one of if not the best place to get a sandwich on the beach anywhere between St Pete Beach & Clearwater Beach. All orders cooked to order. Super Size, gourmet servings and great very friendly service from the owner. Artison sandwiches for the price of Subway. Great cook with well seasoned sauces and dips usually. I always go for the daily special. Today was 3 Shrimp taco's for $6.00 The shrimp were cooked perfectly and served on fresh corn tortillas with a Kiwi sauce with some fresh peppers. Just enough spice and fruit with the shrimp. DELICIOUS. I could have had 6 they were so good. Only drawback is this place is walk up with only bench seating outside. Not a problem given the food quality for me personally but some may p[refer to sit at a table. It's on the bench or to go. A great place if you are staying at one of the local hotel to walk to. I hear they will start delivering soon. This is a local favorite for me. The only reason I did not give 5 stars overall as the seating may be an issue for some.",199,1039,1,0,0.0,0.011,0,0,none,high,"No description of illness, contamination, or unsafe handling."
7339,2.0,0,0,0,"Initially a great place. Now service is slower, customer service is average, food more rushed at the expense of taste. Too inconsistent and prices have gone up while service has gone down.",32,188,0,0,0.0,0.0,0,0,none,high,"No mention of illness, contamination, or unsafe food handling."
2231,5.0,0,0,1,I was seeking out Phyllodelphia food truck and discovered this phenomenal place!! I am an average beer drinker but was with a friend with an exceptional beer IQ...and it passed her high standards! The staff was informative and knowledgeable without being stuffy or snobby. The fabulous Mindy helped us discover what we both liked best. We sampled some beers and know what we will have next time and there definitely will be many more times. Worth seeking out & finding.,80,469,3,0,0.0,0.036,0,0,none,high,"No mention of illness, contamination, or unsafe food handling."
3271,5.0,1,0,0,Love this place...best hot dogs and chili dogs around...i go here as many times as i can..yum,17,93,0,0,0.0,0.0,0,0,none,high,"No mention of illness, contamination, or unsafe handling."
3308,3.0,1,0,0,"Starbucks...so aren't they all just clones? a review would be futile if you've already visited one before. Coffee is ...OK. It's more like coffee flavored water to me, but does the trick when called upon. I much prefer some home brewed New Orleans style coffee & chicory. Chicory makes the coffee... Starbuckathons have no clue what real coffee is like.",60,353,0,0,0.0,0.095,0,0,none,high,"No mention of illness, contamination, or unsafe food handling."
1969,5.0,3,0,1,"I was visiting Tucson recently and was told to try Agustin Brasserie by a local patron I had met. First of all, the place is beautiful! Classic, stylish, clean and very welcoming. Felt comfortable upon entering. Service was top notch, my service was by a very knowledgeable woman named, Heidi. I had a hard time deciding what to order and after she questioned my taste, she recommended the salmon along with a perfectly paired white wine. I have to say, best salmon ever! I'm from Seattle, so I know salmon. The meal was fantastic and her service was stellar! I am sad I live far because I would frequent Agustin on a regular and I'd be so happy to return for her service! THANK YOU Heidi and Agustin Brasserie! I will be back next time I am in Tucson!",139,752,6,0,0.0,0.038,0,0,none,high,"No description of illness, contamination, or unsafe handling."
2016,5.0,2,0,0,"This place was awesome! Even better than I expected! We ordered the Wagyu burger with a side a sweet potato fries and the the filet mignon with a side of asparagus and brussel sprouts. The burger was decently seasoned and had perfect melted cheese on top. The onion jam on top provided the perfect sweet to the burger's salt. The sweet potato fries are skinny fries and are the prettiest, brightest shade of orange I've ever seen! They had a nice texture and good seasoning. Now, the filet mignon was incredible! It had one of the most amazing textures I've ever experienced in a steak. It also had a very strong pepper flavor that was perfect! The asparagus great and the brussel sprouts with pancetta were everything I want out of life! I will definitely visit this place again!",139,780,7,0,0.0,0.0,0,0,none,high,"No mention of illness, contamination, or unsafe handling."
1012,1.0,1,3,0,"Friday I got Shrimp Curry as takeout. Got sick, sick, sick all weekend. Sunday went to the clinic and was told I had food poisoning.",25,132,0,1,0.0,0.419,0,1,food_poisoning,high,Reviewer explicitly states they got food poisoning and visited a clinic.
3778,4.0,0,0,0,"Couple of notable impressions: - The first thing that got me was the decor of the place. Chopsticks were made out of red plastic, and the napkin was just paper, not cloth. Water came out in glass cups. The impression was overall a little cheap, which surprised me. On the other hand, the servers did keep water refilled well and tea was presented immediately. - A lot of the reviews remark that the dishes are very spicy. I was surprised to discover it was pretty tame. The Dan Dan noodles come in at a 6 and it was imperceptible. We got another dish coming in at an 8 which also was hard to notice. Not sure what the explanation might be since I don't consider myself to be especially tolerant, but perhaps I'm more so than I think? - Service was very fast. I think our food came out within ten minutes. Certainly the Dan Dan noodles were instantaneous. - Finally, the food itself is delicious. The Dan Dan noodles especially. I also had some kind of dumplings and an entree, I unfortunately can't remember the names, but both were enjoyable as well. - The bill was a bit pricey. I think they give a lot of food for two, so it's may be justified, just unwanted for two relatively small people. Fortunately, they make taking it home easy if that's something you'd like. EDIT: - After visiting a second time with a large group, I discovered they have a very nice seating area for groups (to the right and somewhat below ground). We got a circular table which I really liked for discussion. Definitely would have appreciated a turntable, but no big deal. - A tip from our server: the spice tends to be the kind that creeps up rather than is entirely overt. Besides water, consuming tea and rice helps to reduce the effect of the spice.",319,1733,0,0,0.0,0.038,0,0,none,high,"No description of illness, contamination, or unsafe food handling."
4102,5.0,0,0,0,"Like many other reviewers I passed by this place a number of times before looking it up on Yelp and realizing that I really did need to give it a shot... Wow... I was not disappointed! We started out with the crab cake appetizer- it was very well portioned (2 large crab cakes) and the sauce with it had an interesting hint of dill (just lovely and refreshing and a little different). We were feeling like comfort food and had the chicken tenders- The portions were very generous and the food was just solid. Not fussy or stuffy or trying hard... just good, wholesome and good to eat. The service was fine- however there is only one waitress for the tables and the bar, so i can imagine that if it is full that would cause some delays. Overall it was just a lovely meal and the prices were unbelievably reasonable (most places have crabcakes 1/2 that size for twice that price)... The ambiance is nice, nothing crazy but it is just a very nice option with reasonable prices and lovely food!",182,990,2,0,0.0,0.0,0,0,none,high,"No mention of illness, contamination, or unsafe handling."
2170,5.0,3,0,0,"Expert bartenders here! Went during happy hour. (3-6pm, every day) 50 cent oysters, half price cocktails, beer, wine. Oysters come with horseradish, cocktail sauce, and this red wine sauce that is amazing. Best sauzerac in all of New Orleans. I've had a better Mint Julep. Like champagne? Try the French 75. Have an affinity for basil? The Riverbend was delicious.",60,364,1,0,0.0,0.0,0,0,none,high,"No mention of illness, contamination, or unsafe food handling."
3610,2.0,0,0,0,"The draft beer choices are actually pretty good here. Of course I am biased cause they actually have Yuengling on draft here and I'm a huge Yuengling fan. The food was really not that good at all. My friends mahi mahi that she had was really fishy and tasted disgusting, I hope she doesn't get sick tonight. The BBQ duck pizza I had was kind of bland and had no flare to it. Very disappointed cause this was the first place I've been to eat in Tampa. If you can't do good food at a pub/bar then don't do it at all!",102,514,1,1,0.0,0.092,0,1,food_poisoning,medium,Reviewer expresses concern that their friend might get sick after eating fishy-tasting mahi mahi.
3421,1.0,0,0,0,"Got incredibly sick, food poisoning I'm sure from 2 sunrise sandwiches yesterday morning. I know this because I had nothing else to eat that afternoon before I started feeling I'll. 4 bucks and a full night of throwing up. I gave them one star because the workers there are very nice. I did call the supervisor their today, hadn't heard from anyone else....hmmmm I'll never be back.",67,382,0,1,0.0,0.112,0,1,food_poisoning,high,Reviewer explicitly states they got food poisoning after eating at the restaurant.
1103,5.0,2,0,0,"What a wonderful find here in Newtown Pa. an authentic Indian restaurant with a charming cozy atmosphere and food to die for! We found it tucked in a little business center across from the Dunkin Donuts in Newtown PA. It is brand new and has taken over the same spot as Mamita's Latino had. It is worth seeking it out if you want to try real deal quality Indian food. We were seated by a friendly gentleman and fresh papadam (which is a crispy wafer-like cracker/tortilla) and chutneys were brought to the table immediately. The appetizers we had were Potato Samosas with a delicious tamarind chutney and a biting fresh cilantro chutney. Very crispy and filled with savory potatoes and peas in a crispy wrap. Both were excellent. We also had chili paneer, which really could be an entree. It was as hot as I wanted it to be but still you can tell a deft hand, who knows spices, created this dish (yummy beyond words!) and a we tried an interesting Panipuri. It was a twist on the typical one you see on the Sunday buffets. This one was filled with crunchy toasted confetti and creamy avocado. Light and refreshing! Perhaps, you can tell my family loves appetizers and it would have been plenty of food if we stopped there but since it was so good we couldn't help but try as many things as our chubby tummies would hold. Northern Indian food has always been my favorite style of Indian food but it can be heavy. It seems some restaurants think the more cream and butter the better but Guru's knows how to balance richness without killing all the flavors of the dish. So, being the hungry hungry hippos we are, here are our entrees: Palak Aloo- which is spicy, smooth spinach and potatoes, Chili chicken- an Indo Chinese dish that was seasoned to mouth watering perfection ,Kind of like a General Tso's on steroids and spice. It is one of our favorites. Paneer Makhni- a homemade Indian cheese cube kind of like a tasty tofu but better.in creamy tomato curried sauce .It's rich and creamy but not drowning in fat like so many other restaurants. The breads are fresh made to order. We found out this place is a BYOB so that certainly is a plus for our next visit. We had mango lassi and,chai tea this time but an Indian beer would be awesome with this meal. We finally surrendered after we tried the kheer which is Indian rice pudding .(Forget about the gloopy baby food the diners sell this is Awesome) .We can't wait to try the buffet that will be starting Thursday September 3rd 2015.",451,2485,3,0,0.0,0.015,0,0,none,high,"No description of illness, contamination, or unsafe food handling."
4793,3.0,0,0,0,"1/11/17 UPDATE: Communicated with representative and couldn't have been any more attentive to our recent experience. We were regular patrons at their blue bell location and hence anticipate same experience here. It's good to know the efforts they're making in creating another quite successful location. My husband and I couldn't wait for them to open and we were so disappointed when we finally came to have dinner and watch the college football championship game. His Buffalo chicken wrap was ice cold to the point he couldn't eat it because he was worried it was undercooked. I got the steak nachos that were flavorless. The beer was really good. We ordered the pretzel bites which were microwaved to order but the dip it came with was cold and not dippable. Oh and my husband paid extra for fries instead of chips and I have more fingers than the count of fries given. We cant stress the true let down, let alone physically sick from possible food poisoning. We didn't have a server attentive enough to share our concerns and just wanted to leave at that point. We shared the update of them opening to our neighborhood page that included over 150 views. Now we are informing/warning them of the food for this place. I'll give one star for the beer selection and TVs.",222,1270,0,1,0.0,0.085,0,1,food_poisoning,high,Reviewer explicitly states they were worried about food poisoning and physically sick after eating at the restaurant.
5592,1.0,3,0,0,"We arrived for our stay excited for the weekend. We requested 6 bath towels daily, and that never happened. TV reception in living room was not working, and were told that was controlled in California and nothing could be done. A/C was not working properly that too was controlled from elsewhere and unable to cool room to our satisfaction. We had to call every day for towels. After calling three times and still not towels, we canceled our dinner, and ordered take in. We spoke with Manger Hunter. Hunter apologized and assured me we would have issues resolved. TV tech came up and said we were not a priority but promised he would have it fixed 100% and would come back to check, never happened. Hunter was personally bringing 12 towels up six for that day and 6 for the next morning I had requested this. He called back tied up and sent staff who brought 6 towels, when placing towels on table he dropped towel on the carpet , looked chuckled and walked away. We had a free breakfast for two and the scrambled eggs and omelette had a very unusual taste and texture. I don't believe these eggs were cracked fresh that morning. Well we felt sick and sure enough, vomiting is not the best way to travel back home. The list goes on and on, but this was this was most unnecessary. We are sad t see your staff did not live up to your standards. Respectfully, Matthew & Alicia",253,1373,0,1,0.0,0.058,0,1,food_poisoning,high,Reviewer explicitly states they felt sick and vomited after eating the scrambled eggs and omelette.
6030,5.0,0,1,0,"Hands down best Gourmet Mexican and tequila bar in town! Food is fresh and cooked to order. Chicken tacos out of this world! Carne Asada tacos are mouthwatering. Handcrafted margaritas made with fresh lime juice and no bottled sour mix. El Jeffe is our favorite...Don Julio, lime juice, agave, and a splash of Grand Marnier. Perfect! Enjoy live music on the patio Friday and Saturday nights. Fabulous Sunday brunch too!",70,419,4,0,0.0,0.025,0,0,none,high,"No mention of illness, contamination, or unsafe handling."
3658,1.0,1,0,0,We are here for lunch and the food was no better the hospital food. My husband got the fish and it was thin and very dry. I got the a dinner That was bad as well! They were kind enough to take the price of my husbands meal off the ticket. For that I give the people a 4 star.,60,275,1,1,0.0166666666666666,0.089,0,0,none,high,"No description of illness, contamination, or unsafe handling."
106,3.0,2,2,2,"We stopped by here around 2:00 pm on Saturday and the place was hoppin! We were promptly seated, so I had a few minutes to look over the place before we ordered the food. Ambiance: I have stated before in my reviews that I absolutely loathe it when restaurants rely on big screen TVs for entertaining. They assume that the majority of people really give a crap about sports. I don't and I find it really distracting. The Cheese in Cheeseburger must really mean CHEEEESY DECOR. Seriously, fake hula skirts on the wait staff? FOOD: I almost didn't want to come here because I remember people saying they charged you for soda refills. We were not, so they must have changed their policy. I had the pulled pork sliders. The meat itself was pretty good, but I didn't like that the bottom of the sandwich was soggy because of the cole slaw. We also ordered onion rings as an appetizer which were excellent. Overall, I'm glad I came, but neither the food or ambiance did anything to scream ""Come back, Allie!""",181,1002,2,0,0.0,0.096,0,0,none,high,"No description of illness, contamination, or unsafe food handling."
7088,5.0,1,0,1,"New favorite spot in stl. Make a reservation and make it early. Place gets crowded. Best burger in stl in my opinion. Share some sides, you won't be mad.",29,153,0,0,0.0,0.0,0,0,none,high,"No mention of illness, contamination, or unsafe handling."
2980,1.0,1,1,0,"Visting IRB from Chicago and we figured that a restaurant NEXT to the coast would actually have good/fresh seafood. We ordered the Mahi Mahi which was overcooked and over-salted and the sauteed seafood platter (lobster, shrimp, scallops) was literally drenched in butter leaving the worst after-taste ever. The clam chowder seemed like it was straight out of a can and was overly salty with barely any clams. The Chicago style oysters and the fried pickles were nothing special, but better than the entrees we ordered. Just so you know, the live music caters more towards elder folks. For the prices we paid and having high hopes of having a fresh and delicious seafood dinner, we are Greatly unsatisfied. We just got back to our hotel and feel sick from eating it as well. If I was able to, I wouldn't even give them any stars. DO NOT RECOMMEND THIS RESTAURANT, unless you want terrible seafood that makes you feel terrible afterwards.",161,936,0,1,0.0,0.147,0,1,food_poisoning,high,Reviewer explicitly states they feel sick after eating at the restaurant.
4759,1.0,2,0,0,"Food poisoning! My wife and I ate breakfast there this morning. We went early and there were open tables and no crowd. Despite that the hostess sat us at an upstairs table in the back of the restaurant, close to the toilets. When we politely asked if we could sit near the open window area at the front of the restaurant we were greeted with negative body language and attitude. Nevertheless they moved us to the requested area. We then waited and waited and waited for our food to arrive while tables around us, who came after us, received their food. We ordered the seafood Benedict and the oysters Benedict. Both were marginal dishes at best. Overly sauced, somewhat bland, and the eggs were over cooked. Now, about three hours after eating there, my wife has become violently ill. She's in the bathroom right now and cannot stop vomiting. This is definitely food poisoning and that is the only place she could have gotten it. It's ruining our weekend getaway. This place definitely does not live up to the hype. Edit: after I posted this my wife's condition continued to worsen and we had to go to an urgent care facility. The doctor who treated her confirmed that this was indeed food poisoning and almost certainly from breakfast.",218,1236,1,1,0.0045871559633027,0.118,0,1,food_poisoning,high,Reviewer's wife became violently ill and was confirmed to have food poisoning by a doctor.
6000,2.0,0,0,0,"First let me start by saying I came down with Norovirus this week, aka the stomach flu... Holy miserable. The only thing I needed was something to make my hurling stop... Last night, I decided to go to this pharmacy to get some Emetrol. I get to the store about 910pm still feeling horrible but, hey, I can hold it together for the time it takes to get some medicine. I find what I need and go to check out counter and realize I left my card in the pocket of my coat at home. So I tell the cashier I'll be right back, run home, and am back by 945pm... Only to find their doors already shut... Shut as in, I had to manually pry open the sliding doors to get inside, because nothing is going to keep me from from antivomiting meds... And definitely not an early close. As soon as I step inside, one of the workers says, ""I'm sorry, we close in like 10 minutes ma'am."" ...Yeah. I know you do. That's why I'm doing this *before* you close. You're a pharmacy. Your store hours are till 10pm... That means you don't get to lock your doors at 945pm just because you want to get home sooner... Believe me, I get it. I've worked in retail before and I used to hate the people that would come in 2 minutes before closing... But 15? Give me a break. You aren't a luxury goods retailer... your a pharmacy to help sick people....you sell medicine that people need. That's what YOU DO. Or are supposed to anyway. Needless to say, I won't be going back here again for any of my pharmaceutical needs in the future.",288,1498,0,1,0.0,0.053,0,0,none,high,"The reviewer got sick with Norovirus, but it's not related to the pharmacy visit, and the review is actually about the pharmacy's early closing."
4916,4.0,1,0,1,"i enjoyed the experience eating here and will definitely go back. first of all, there are vegetarian options on the menu. we started with the veggie spring rolls which were hot, crisp, and delicious. my husband had the duck and rice vermicelli soup which we both agreed was great in a yummy, savory broth. i had the beef pho which i didn't care for because the meat was a bit grisly and i'm not a fan of tripe. i've not eaten a lot of pho and wasn't sure what to order, though. they offer several different beef cuts and i should have picked a different one. next time. also, the regular serving size was way more than enough. i don't think either of us could have come close to finishing the largest bowls. the restaurant was clean and quiet with a sparse, yet very 80s decor. the server was quick and attentive.",152,813,0,0,0.0,0.054,0,0,none,high,"No description of illness, contamination, or unsafe handling."
410,5.0,0,0,1,"I love this place. Been three times for their chicken drunken noodles. Came once with a friend who likes his pad Thai and...something else. Their lychee iced tea is good!! Sometimes they have fresh baby coconut that you drink from and then scrape the meat out of--SO GOOD. It's run by a really nice, friendly family.",56,316,2,0,0.0,0.0,0,0,none,high,"No mention of illness, contamination, or unsafe handling."
1073,2.0,1,0,0,"Been here more than once and it was decent for the most part. I got food poisoning once from bad lamb here and it was a nightmare but tried to view it as a mistake. However I just had a poor take-out experience. Ordered the brisket and paid full price (13$) which isn't cheap and only got a small slice of brisket and no matzo ball which is honestly the whole reason I ordered it. Kind of a huge bummer when you walk 8 blocks to get some dinner and drop a bunch of money only to be disappointed and hungry. I don't understand how half the meal is forgotten, I'd like to think they check stuff like that. The times they got things right it was very good, though mistakes are getting more and more frequent and causing illness hunger, so I feel like I need to stop going as they also don't respond well to complaints I understand.",160,828,0,1,0.0,0.248,0,1,food_poisoning,high,Reviewer explicitly states they got food poisoning from the lamb.
2467,1.0,0,0,0,"Breakfast was vile, everything tasted like grease!",7,50,1,0,0.0,0.369,0,0,none,high,"No description of illness or contamination, just a complaint about taste."
4997,2.0,2,2,1,"Summary: terrible value, unreasonable wait times, extremely inattentive service staff, and perhaps worst of all, smooth jazz. When I read some of the reviews on here, I feel like I must have gone to a different restaurant than everybody else. My experience was not a positive one. Let me first say that my friends are now mad at me for bringing them here. I thought it would be hard to go wrong with a 5-star reviewed restaurant, but I was completely mistaken. Now, the few positives: the jerk chicken was tasty, and the johnny cakes moreso. The staff was courteous. That's it. The staff. We got in at 8, and they came for the drink order at 8:25. We ordered our food at the same time, because we didn't know when we'd see them again. Twice in the next half hour, they came by twice to confirm our orders. Some mix-up. We noticed this happening at other tables around us as well. (Some of) the food arrived at 9:30. We waited for more than an hour for our meals! And two of our side orders were forgotten. Was the restaurant unusually busy? Only 60% of the tables were occupied. The other problem with the servers is that, like the menu, they didn't make clear what came with the meals. If somebody is ordering something that already comes with the meal, the staff would think to tell them, right? No. And if you order a beverage, expect it to be about 80% ice. My friends finished theirs in a few sips. So we had to ask for more beverages, and the staff did not bring any. Finally one friend had to go to their car to get some water. A good 20 minutes later I was able to flag them down, and we finally got more to drink. Everyone was cordial, but ignored us for most of the night. The word amateurish comes to mind. The ambience? Well, the dining room is nicely decorated, but too cramped. The gentleman at the table behind me kept ramming into my chair. There was just no room. It also would have been nice if they weren't showing The Walking Dead on the big screen TV in front of me. I don't really want to see stabbings and blood spurting while I'm eating. The biggest problem with the setting, though, was the music. A never-ending procession of smooth jazz played at an uncomfortably high volume. I want to know, who actually enjoys that music? My friend said it felt like being trapped in a dentist's waiting room. The food. My friend who ordered beef patties said that they were lousy. And we all agreed that the rice and peas were completely flavorless. It came in a 'bowl' the size of a tea cup. As I mentioned, the jerk chicken was tasty, but the portion laughably small. The large portion meal at Yah Mon is significantly smaller than the regular portion at Jerk Hut. I understand that it's organic, but when you order the large portion, you shouldn't go home hungry. And that's exactly what I did. The only reason I'm not giving 1 star is because some of the minuscule portions of food were tasty. Obviously, none of us are going back, and I couldn't recommend Yah Mon to anyone with whom I wanted to stay friends.",562,3028,1,0,0.0,0.116,0,0,none,high,"No described illness or contamination, only complaints about taste, service, and ambiance."
1660,5.0,0,0,0,"Excellent service and food was delicious from the spring rolls, wonton soup, shrimp fried rice to the spicy noodle with shrimp. Atmosphere is pleasant quiet music, indoor or outdoor seating and someone always coming around to check on your table without being a pest! The prices are beyond reasonable for portion, flavor and location.",54,334,1,0,0.0,0.0,0,0,none,high,"No mention of illness, contamination, or unsafe handling."
4266,3.0,0,0,0,"This place is known for their 'free' margaritas, which really just means that the food is overpriced to include alcohol cost. We were a party of 6, so they sent over two servers to take our order. Both servers nodded and said that they understood when I said that I had a dairy allergy and couldn't have any on my food. We asked for one order of chips and salsa for the table (REALLY overpriced) My dish arrived, smothered in cream sauce. I asked to see the owner and explained it all to him, and he apologized and brought out another plate, 20 minutes later. When we got the check, we found that they had brought us THREE orders of chips and salsa, with 3 orders of guac, which we didn't ask for- they saw three couples and decided to up the order on their own. Overall, if you have allergies, I'd say stay away from this place due to the language barrier. And if you do go, make sure that you double check on the order so you don't get cheated.",182,946,0,1,0.0,0.019,0,1,unsafe_handling,high,"Reviewer's dairy allergy was not respected, and they were served a dish with cream sauce."
5930,4.0,0,0,0,"BBQ Chicken Sandwich only $5.75? Nice. Chicken was nicely grilled, your choice of topppings / sacues, pretty neat. Grilled sourdough, wheat bun or white bun -- quite a few options to choose from, at a great price.",37,213,0,0,0.0,0.0,0,0,none,high,"No mention of illness, contamination, or unsafe handling."
2938,2.0,0,0,0,"I have been told by numerous native philadelphians that Ralph's is one of the best Italian restaurants in the city and is a must to experience. We did not think so. We started off with a grilled calamari appetizer that was soaked in salty red sauce. The amount of sauce overwhelmed the palate to the point where we couldn't even taste the calamari. I got the pasta bolognese with filet mignon tips. Again, the red sauce was very salty. The filet mignon tips was really just average quality beef. My wife ordered the black lobster ravioli which were decent but overly salty. We expected much more from the oldest Italian restaurant in the country.",114,646,0,0,0.0,0.0,0,0,none,high,"No mention of illness, contamination, or unsafe handling."
1947,3.0,0,0,0,"Would be firm 4 star place, but the misses were plenty. Let's just get it out of the way, the tacos are pretty legit. I eat at the taco trucks and the down and dirty corner stores and these are pretty good. The restaurant did right by not pricing themselves out of this market. It is a tad pricey, but i think it is worth it--$3.50 per. 3 = $10.50. Mexican places hover around 3 for $8-9, so the price point isn't too far off. What separates and warrants the additional pricing is the finished product compared to traditional Mexican spots. Instead of just the meat being center attention, there are Buena Onda has additional garnishes that elevate a typical street food. I ordered: -fried mahi mahi -carnita -carne all were pretty good but the winner by a mile was the mahi mahi. I used the red hot sauce (in the jar, not bottle), so i can't review the green one. The red sauce was really nice, added more flavors to the already flavorful tacos. Here were the misses... 1. my cousin and i ordered 4 tacos. Cashier rang up 3. 2. we ordered 2 modelos. Cashier rang up 2 modelos AND 1 CORONA 3. we showed him the ""rewards"" program to get discount. Cashier never gave discount. When we paid, i was wondering why it was so high (expecting the discount) and why we got a Corona? Our order was not complex...we did not ask questions. Just put order and paid. I defended the cashier saying ""they just opened, must be oversight"". BUT, my cousin believes he was high while on the job. OH well. ALso, i'm not sure how their system is setup because all 3 tacos came out on one tray. What if two people share 3 tacos like i did? I had to ask for another tray, which wasn't a problem, but inconvenient considering we ordered ""separately"" but paid all together.",325,1747,0,0,0.0,0.025,0,0,none,high,"No described illness, contamination, or unsafe food handling."
1551,5.0,2,0,6,"Awesome sushi! We've been looking for the best sushi around the area for a long time and finally we found it! We were impressed with everything. One thing better than the other one. We got the Jalapeño popper, Suno Mono, Spicy Kani salad, Samurai roll, Masami roll and deep fried banana for dessert.",53,299,2,0,0.0,0.0,0,0,none,high,"No mention of illness, contamination, or unsafe handling."
3056,5.0,3,0,0,"I'm definitely a beginner when it comes to yoga but wanted to give it a try, and I'm glad I started here. Everyone is so nice and welcoming and the classes are extremely helpful. The instructors give a lot of personal attention to everyone in the class, which is extremely nice for beginners like me as well. I highly recommend trying one of the hot yoga classes one night for an awesome, sweaty workout.",74,404,0,0,0.0,0.0,0,0,none,high,No mention of food or health hazards in the review.
6678,5.0,0,1,1,"This a lovely restaurant! It sits in a whimsical setting and its home feel makes it very welcoming. I love this over any big chain restaurant. Service was great. Their grapefruit margarita was just right and the appetizers were right on. My favorite was the chicken bacon flatbread. The dough was fresh and the right consistency. The artichoke spinach dip was yummy too, but it was the chips that added the right touch. The hubby loved the calamari. To top it all off we received a loyalty card! Love that!",90,506,3,0,0.0,0.0,0,0,none,high,"No mention of illness, contamination, or unsafe food handling."
6176,2.0,0,0,0,"Gross, just gross. I ordered the white meat fried chicken with Mac and cheese and garlic mashed potatoes as my sides. Chicken was slimy and salty. Sides were both cold and practically flavorless. Not to mention service was strange. Server busted out laughing while I was giving my order. It made me uncomfortable as if he was laughing at us. I didn't understand. Will not be back.",67,380,0,0,0.0,0.139,0,0,none,high,"No description of illness, contamination, or unsafe handling."
4179,4.0,3,0,0,"I love it! The reviews were great and I was desperate for good carry out, so we decided to try Pizzaville (is anyone else picturing JT singing - Bring it on down to Pizzaville?). The prices are a bit high, but the quality of the food is great! The pizza crust is between a hand tossed and thin crust. Perfectly crunchy ends and just chewy enough in the middle. Good quality cheese and tangy tomato sauce. I ordered it with just mushrooms and they put on a lot! I also asked for heavy sauce. They put extra sauce on the pizza and even gave me an extra container of sauce in case I needed more. I can't decide which was better, the pizza or ""breadsticks."" I say ""breadsticks"" because they were really more like garlic bread strips. So buttery and garlicy, they were great even without sauce. I'm ashamed to say I ate nearly the entire order myself. The employees are very nice and helpful. The store is clean. I need to go back and try their lunch buffet.",179,953,3,0,0.0,0.008,0,0,none,high,"No mention of illness, contamination, or unsafe handling."
300,3.0,1,0,0,"I don't really have fond memories of the Old Spaghetti Factory growing up, so I wasn't particularly nostalgic when I heard one had opened up in Carmel. Hubby was excited though and did ask to go here for dinner a few times, so we finally went for date night. I did enjoy the interior decorating that is apparently a theme at all of their restaurants. I liked the big trolley car in the middle of the dining room, it made for a conversation piece. The mixture of chandeliers was interesting to look at and I liked the high ceilings, felt like dated glamour of an age gone by. My husband was very insistent that I try the Mizithra Cheese and Browned Butter pasta. I really enjoy some buttered noodles and cheese, so I thought, why not? Go for it. What I liked is that they had a gluten friendly menu with a gluten-free pasta. I don't have Celiac Disease, but gluten and cheese wreak havoc on my body. I thought I could lessen the damage by switching to the gluten free pasta and still get the full experience. It came with a house salad, which had a creamy pesto dressing (their version of ranch, I suppose). I wasn't over the moon about the salad and only had a few bites, the dressing itself was fine, but the lettuce had some wilting and some had brown edges. The main course came and it was a decent sized portion. People are correct that even with the standard size, you will have a leftover meal. For that, they get bonus points. My husband decided to get the larger portion and regretted it as he felt he barely made a dent in it. He tasted my gluten-free version and couldn't tell a difference besides pasta shape. I always take that as a good sign with gluten free pasta. There was A LOT of cheese on it. I'm sure I wouldn't normally mention this, but the cheese itself didn't seem to really melt. I felt like if it had more butter and less cheese, I would've enjoyed it more. Hubby said the downtown location uses less cheese on theirs, but didn't really comment if he liked it more or less. I'd order it again though. We also each ordered a half carafe of the house Chianti. Next time, we're just going to split a half carafe. The Chianti itself was very soft and didn't have much bite. I liked a softer version of the chianti, but it was very odd to drink a chianti without bite. I ended up asking what the wine we were drinking and was told it's Franzia (""is this a 2016 Franzia?"" haha!). The price isn't bad, but was a bit disappointed to find out the house wine wasn't really anything special. This place is good for the wallet, but I think there are other places with better pasta.",488,2595,1,1,0.0,0.05,0,0,none,high,"No described illness, contamination, or unsafe food handling."
4098,1.0,0,0,0,I wanted to get my money back for the salty food. They gave me free drinks. I almost had to buy food down stairs. The AC was out also. Older people were getting sick until they moved them. Wow.,39,193,0,1,0.0,0.074,0,1,food_poisoning,high,Older people were getting sick after eating there.
202,1.0,1,2,0,"Had Popeye's here twice in the span of two days. That was a mistake. The first day was fine, but the second day I upchucked my Popeye's. Perhaps I was sick anyway, or I tempted fate by eating Popeye's consecutively as I did. Either way, I was not pleased. Sure, the chicken was good during consumption, but if I'm throwing something up, I'm giving it one star. Lines were massive too.",71,384,0,1,0.0,0.15,0,1,food_poisoning,high,Reviewer experienced vomiting after eating at the restaurant.
5798,2.0,0,0,0,"My wife and I have a tradition of spending our anniversary dinner at the Washington Crossing Inn which is where we were married 11 yrs ago. This year was the worst year ever. I called ahead to make reservations and specifically informed them of our anniversary and that every year we dine there as our tradition. Usually we are offered free champagne and thanked for spending our time with them, but not this year. Food was terrible and service was even worse. The summer corn salad was the best part of the entire meal. The mixed grill was awful and not worth the 46 dollars. The filet and lamb were tasteless and the ribs were a mushy mess of bones with very little meat. The delmonico steak was ok but again not worth the 42 dollars. I would've loved another drink to try to forget this horrible experience, but the waitress never return after the dinner was served to see how everything was, and if we needed anything. Overall it was an extremely disappointing experience, from the food to the service. My wife left hungry, which is unfortunate for the money we spent. Looks like we'll be looking for a new tradition next year.",204,1131,0,0,0.0,0.161,0,0,none,high,"No description of illness, contamination, or unsafe handling."
1625,2.0,1,0,1,"I was very disappointed in my visit on Mother's Day. I've been to the Fellini's cafe in Newtown Square and it was wonderful. We had a very friendly, attentive waitress and the food was delicIous. However, for this location, we were seated right away, but our waiter was no where to be found for most of our meal. It wasn't that crowded for being a holiday. It took forever to get our drinks, and there were no apologies from the wait staff whatsoever. We weren't offered cheese, we had to ask for it, which is strange at an Italian restaurant. We were halfway done our meal before we found them to ask. To top it all off the food tasted odd (we had ordered the same dish) and were both sick the next day. I recommend steering clear of this location.",141,749,0,1,0.0,0.108,0,1,food_poisoning,high,Reviewer and companion got sick the next day after eating at the location.
6117,2.0,0,0,0,"Tried this place out after many suggestions from friends. We went in one night about an hour or so before closing just to find that they were only serving a partial menu - we're not talking that late, it was like, 9:30 on a weekend. There was no mention of going down to a bar menu on the website so I was a bit annoyed by that. Something about 'surprise disappointments that could be totally avoided' really bother me. So, the dish I had picked out online wasn't available and I ordered a burger instead. The server seemed to have a very hard time understanding my burger and suggested that modifications couldn't be made? I told him I'm sure removing a single topping wouldn't cause the kitchen staff any issues... The rest of the meal we were generally ignored and the service wasn't great. I found the food to be overpriced for the quality. Unless there is a special reason to attend, I don't think we'll be going back.",169,923,0,0,0.0,0.12,0,0,none,high,"No description of illness, contamination, or unsafe handling."
1176,1.0,3,4,1,"VEGETARIANS AND THOSE WITH SHELLFISH ALLERGIES BEWARE! I used to think Trader Joe's was a great place to shop, but they are not what they appear. If you read the ingredients on their labels almost every product, even those labeled vegetarian (even jams and jellies) are made on equipment shared with shellfish. For those with a shellfish allergy this can be extremely dangerous. Since so many people shop here, you never know what you are eating if you go to a party and someone has put out hummus or veggie dip from TJ, you can end up having a shellfish reaction (it happened to me). Also, I've read articles that some of their foods have been tested and the nutrition content, especially fats, on their labels are false. Google Hungry Girl and look for Trader Joe's or as they call it Traitor Joe's.",143,801,1,1,0.0,0.031,0,1,allergic_reaction,high,Reviewer had a shellfish reaction after eating food made on shared equipment.
5412,5.0,0,0,0,"I'm not sure why this place doesn't have more stars, but I love it here! I have been a few times now and have had a great experience every time. The outside seating area is BEAUTIFUL and overlooks the water. The first time I went, I had the ""world's best"" turkey sandwich which is VERY true to the name. Literally the best sandwich I've ever had. I wish I could have that sandwich every day. The next time I went with a large group and we did the bottomless mimosas and bottomless brunch. It's a bit expensive, but as long as you come hungry and thirsty you definitely get your money's worth! You can also make reservations ahead of time which is nice! If your looking for a place with great food and an awesome view, definitely come here!",139,739,4,0,0.0,0.008,0,0,none,high,"No mention of illness, contamination, or unsafe food handling."
1141,2.0,1,0,0,I stopped in with a few co workers on our lunch break... The service was terrible and the food wasn't all that great. Everything took way too long. My coworker asked for no cilantro and she got extra. Not a good place to stop on a lunch break when you need to be in the office in an hour. Also the restaurant smells very authentic... I still smell like lunch.,70,359,0,0,0.0,0.2,0,0,none,high,"No described illness, contamination, or unsafe handling mentioned in the review."
5790,1.0,0,0,0,Poor service to start off with. Server was abrupt and seemed to be kind of snippy I guess you could say. Waited 25 minutes for food and when it arrived it was luke warm at best. Something we had never seen before but they would not let a couple pay individually. There were 3 couples in our party. Safe to say we will not be going back.,67,336,0,0,0.0,0.028,0,0,none,high,"No description of illness, contamination, or unsafe handling."
2262,2.0,0,1,0,We went in for lunch last week food was good but the girl helping us was very rude! I asked what the seasoned chicken was seasoned with she looked at me like I had three heads and said she did not know and that people never ask. Looked at her coworker and they both looked lost! How do you either not know because you where not trained right or never asked!! People do have food allergy and you should know this answer. I asked my wife which is a waitress for the last 6 years if that was uncommon question about what is it that I am about to eat ask questions. She said its very common BC people don't want to get sick to ask questions and not give snoody looks and roll their eyes at questions like they did to us. I understand some young people think every question is inconvenience but its your job.,157,803,4,1,0.0,0.104,0,0,none,high,"No described illness or contamination, only a complaint about service and lack of knowledge about ingredients."
3876,5.0,0,0,0,"A menu that satisfies everyone's cravings! Clean, trendy, and delicious! I definitely recommend going early (before 9 am) as the wait tends to get longer after 9 am! But honestly, it is soooo worth the wait. You will leave there feeling so incredible satisfied!",44,261,4,0,0.0,0.024,0,0,none,high,"No mention of illness, contamination, or unsafe handling."
2981,2.0,0,0,0,"The drinks are ok,, food is awful. Two out of the three of us got sick after eating lunch.",19,90,0,1,0.0,0.27,0,1,food_poisoning,high,Reviewer explicitly states two people got sick after eating.
2163,4.0,0,1,0,"This place is great, definitely one of our fall-back places when we want to go out. Really love the ambiance- they've remodeled in the past couple years and it looks nice! The sushi itself is great- it's consistently tasty and the fish is fresh and delicious. If you're craving sushi, this is the place to go! Also, they have some really unique rolls (my favorite is the Orange Dragon... YUM!!) and the prices are decent! As for the teriyaki and non-sushi dishes, they are great as well. The only thing is every once in a while the chicken is a little over cooked and crispy... kind of a bummer. Overall, the portions are BIG and very satisfying. Service is great, and prices are fine, considering it's sushi. Love it here and come regularly!",133,742,6,0,0.0,0.017,0,0,none,high,"No mention of illness, contamination, or unsafe handling."
6659,4.0,0,0,0,"The Waffle House has consistent quality wherever you go. I'm not really fond of their business model with their yelling and very small dining area, but I get it. I still look forward to going for breakfast.",37,206,0,0,0.0,0.051,0,0,none,high,"No mention of illness, contamination, or unsafe food handling."
2752,5.0,0,0,0,The new Bacon-Bleu cheeseburger is excellent! Probably one of the best fast food burgers I've had in a while! Dave Thomas would be proud!,24,137,3,0,0.0,0.0,0,0,none,high,"No mention of illness, contamination, or unsafe handling."
1716,5.0,0,0,0,"This was our second choice after finding out Rio Mar was closed for Mardi Gras week. We had a hell of a time getting here since it was on the other side of the parade from where we were staying. Nonetheless, we had a great meal. Service was spot on. Professional but not overbearing or obvious. A little disappointed that they were out of two ingredients for one of their signature cocktails, but it WAS the day before Mardi Gras. The bread and butter at the table was excellent. Crunchy outside, soft inside. The beets salad was so much better and different from similarly named items at other restaurants. The greens literally tasted like they had been picked from a sun warmed field minutes before. G's Choucroute was a meaty fiesta. He loved it. My crab ravioli was lovely with a delicate Meyer lemon sauce. Bread pudding for dessert was just how we like it - sans raisins. Truly a memorable meal. Way better than most hotel restaurants.",168,941,0,0,0.0,0.033,0,0,none,high,"No mention of illness, contamination, or unsafe food handling."
930,1.0,0,0,0,So nasty. The food is like...the crappiest sushi could be. I came because I was enticed by how cheap it was but omg. I couldn't eat more than one piece because it was so gross. I'm surprised it didn't get me sick. Don't do it!!!! Go anywhere else. Repulsion is imminent.,51,270,4,1,0.0,0.153,0,0,none,high,Reviewer expresses disgust and repulsion but does not describe any adverse health event.
6706,5.0,0,0,0,"This is a must get when you come to Reno is Yellow Subs. Ask for the sprouts on your sub and you won't regret it. It is way better then anywhere I've ever been. The people are totally down to earth and always are nice and Stack your sub with only the best. Only the best and I recommend this to anyone who loves subs and loves food. Oh and there Tank Tops and T-shirts, priceless, I have a tank myself and represent it anywhere I go. Will be going there again in the future. 5 stars because the service was fast, people were nice, food was amazing, seating made you feel closer to your peers with more conversation movement back and forth and a great environment.",127,663,0,0,0.0,0.0,0,0,none,high,"No mention of illness, contamination, or unsafe handling."
4654,1.0,1,0,0,"I had one of the top three worst restaurant experiences of my life here. One example is that my wife got a lukewarm burrito and sent it back after talking with the manager. The burrito came back partly eaten....by the chef....as the manager said she has the chef taste things when complained about....AND SHE BROUGHT THIS BURRITO BACK TO OUR TABLE...THE MANAGER (who said she is part of the founding family). This is after waiting more than 90 minutes for our food. On top of that, the food is mediocre at best. Now I've read El Charro is selling burritos at 7-Eleven stores in California....enough said. Do yourself a favor and go to Poco and Mom's or even Guadalajara Grill. El Charro is WAY past its expiration date and those running it now no longer know how to serve excellent, or even decent, Mexican food.",145,812,0,0,0.0,0.057,0,1,unsafe_handling,high,The manager brought a partly eaten burrito back to the table after it was sent back to the kitchen.
1691,4.0,0,0,0,"The food was excellent. The service was ok. The fried oyster salad was very good. The seafood gumbo is silky smooth. The atmosphere is a bit noisy, in the front dining room. The bar looked very old and cool.",39,207,0,0,0.0,0.037,0,0,none,high,"No mention of illness, contamination, or unsafe handling."
2232,1.0,1,10,1,"Every time I set foot into brew brothers I have an overwhelming urge to leave. This place has one of the most horrendous atmospheres of all time. If I have the ability to keep myself as far away as possible, I absolutely will. Go to this bar if you have an affinity for: Being a sick bro Fraternities Mediocre Microbrews Lifted Trucks Backwards fitted hats Popped polo Collars Date Rape Tribal armband tattoos Sublime Having your eardrums assaulted by awful cover bands Aging wasted cougars Chest bumping with your buddies Too much cologne Thinking you're a badass Dressing like a skank",101,586,0,1,0.0,0.216,0,0,none,high,"No mention of illness, contamination, or unsafe food handling."
2092,1.0,0,0,0,Food was tooo salty and over cooked. Felt real sick after. I wasted $200. Only if I knew we would've gone to Ruth Chris! Never again are we going back here!,31,156,2,1,0.0,0.208,0,1,food_poisoning,high,Reviewer explicitly states they felt sick after eating.
3861,5.0,0,0,0,"Best coffee in town! Its not easy to make a soy or almond milk latte and they do it the best and consistently each time. They have a great ""assembly line"" system at the cash register and barista station that keeps the line moving fast. Even at peak times, when its fully crowded, I never have a long wait. They have a couple gluten-free baked goods to select from that are also top notch. Sometimes I get a chamomile magic bowl and the hot apple cider as an alternative to caffeine.",91,482,1,0,0.0,0.025,0,0,none,high,"No mention of illness, contamination, or unsafe handling."
4148,5.0,0,0,0,"Delicious! Best place around for ice cream . Everything is made fresh from cows without hormones and antibiotics . It's cash only, but it's worth the trip to the ATM.",30,166,1,0,0.0,0.0,0,0,none,high,"No mention of illness, contamination, or unsafe handling."
1295,4.0,0,0,0,"I took one look at the large greasy slice in front of my eyes and knew I had made an adequate decision. While I was forced to poney up a solid 8 dollars for two slices which is rather insane, the pizza was good, and it's state street so come on. As a New York native I live by the credo that only pizza which can be folded in half can actually be considered pizza. While the cheese to sauce ratio was slightly in favour of the queso the crust was solid enough to uphold the amount of grease, which personally I found refreshing. In a world of pizzeria chains which are stretching the definition of pizza it was nice to grab a delicious old school style slice even if the price was ridiculous. Would eat again",137,708,0,0,0.0,0.058,0,0,none,high,"No mention of illness, contamination, or unsafe handling."
5706,1.0,5,0,0,"I think I only need to say this: I've thrown up on THREE separate occasions after eating the sushi at Ru San's. I'm to blame for going back after the first time. However, I'd like to describe an altercation I had with one of the owners when I simply wanted him to take a single item off our ticket that was not prepared correctly and because our fish was old and rubbery. My girlfriend and I ordered dinner: 2 sushi entrees and a handful of a la cart items. She'd ordered the ""Godzilla Roll"" - something that I had ordered every time I'd dinned here, probably totaling 15 visits over 2 years. My favorite roll, it's comprised of red snapper and macadamia nuts rolled in rice, flash fried and covered w/ a spicy aioli, then baked. I was very familiar with the food's preparation and character. My g'friend consumed ONE piece of the 5 presented on the plate, followed by some of the a la cart items. She put the 2nd roll into her mouth and started chewing, but abruptly spit it out into her napkin. The fish was rubbery, like calamari. She asked me to check it out. One look at the dish and I could tell it hadn't been prepared correctly. No flash frying and no baking - therefore not prepared as advertised, and the raw fish was old and chewy. All in all, she ate one piece, spit the other in her napkin and I sample 1/2 of a 3rd. That's 2 1/2 pieces of the 5 on the plate (this comes into play in a second). The saba nigiri (salmon) was also not at all fresh - she had to pick it up with her hand and stretch and pull on it to rip it with her teeth. Being very disappointed in the dish, I notified the server that we would like to request that he take that single item off our ticket ($8.95). He refused, saying that if we ate more than 1/2 of the dish that they do not offer refunds. After an exchange with him, I asked to see the manager on duty who in this case happened to be a part owner of the restaurant. He was very rude and matter of fact in pointing out that, clearly marked on their menus, is a return policy stating that if you ate more than half your dish, you could not get a refund. To avoid a heated exchange, I paid for the item. After paying, I checked the menu for the refund policy. Nowhere on the menus is this information he quoted printed - as a matter of fact, refunds are ONLY available for food that is NOT PREPARED CORRECTLY. Also, we touched exactly 1/2 and not more (if we want to go with a technicality). Upon leaving, I approached the owner and took issue with his claimed refund policy on the menu. I asked him why he lied to me - He replied with ""We give NO refunds, no matter WHAT,"" thus contradicting even what WAS printed on their menu. Later that evening my girlfriend got sick from the food she ate. I ended up contesting the charge w/ American Express and had our total ticket refunded to me ($70) In a nutshell - rotten food, rotten people, rotten restaurant.",558,2899,0,1,0.0,0.113,0,1,food_poisoning,high,Reviewer's girlfriend got sick after eating at the restaurant.
5213,4.0,3,0,1,"As soon as my boyfriend landed in New Orleans to meet me for our vacation we had one mission - find a restaurant with happy hour and buck-a-shuck oysters. Luke happened to be close by (we stayed at Le Pavillon Hotel), had a happy hour, and had oysters, so we headed that way. Found out when we got that that happy hour included $.50 oysters. SCORE! Luke is a great restaurant with cool decor. The food was absolutely fantastic, the drinks were spot on and worth every penny (especially during happy hour), and the service was fantastic. Highly recommended!",99,556,2,0,0.0,0.0,0,0,none,high,"No mention of illness, contamination, or unsafe food handling."
6153,4.0,0,0,0,"Great waiter, Kevin, brought is tablet to identify fish. Food and drink OK.",13,75,0,0,0.0,0.0,0,0,none,high,"No mention of illness, contamination, or unsafe handling."
748,3.0,0,0,1,"My hubby and I ate here (on our second visit) last Friday night before checking out Anthony Bourdain at the Fox. We both ordered salads which arrived quickly, were nicely proportioned, and were pretty darn tasty. We split a funghi pizza which was decent - a nice change of pace from the deep dish at Pi and the crappy delivered stuff - but I wouldn't call it great. The service was good, but again not great, as it was on our first visit. For me, the draw of this place is the laid-back atmosphere. We sat outside, had a couple of brewskis, and enjoyed a nice meal at a reasonable price. I wouldn't choose this place to impress guests from out of town, but I will certainly return for a fun and low-key start to an evening out.",138,727,0,0,0.0,0.072,0,0,none,high,"No mention of illness, contamination, or unsafe food handling."
1485,1.0,0,0,0,"You don't accept cash? I don't think you grasp the ramifications of such a corpo-fascist economic principle. No room for arrogant commies in my diet thank you so very very little. Can't wait to see this place nosedive For anyone in the dark about this policy, watch Mike Judge's film, Idiocracy. Pay close attention throughout the hospital scene. ""Unscannable!!!""",59,363,3,1,0.0169491525423728,0.153,0,0,none,high,"No mention of illness, contamination, or adverse event."
6314,1.0,0,0,0,"I got food poisoning from that place! It was bad, enough said. The alcoholic beverages are Greeeeeeat though. I only go there for the drinks and the view now.",29,158,1,1,0.0,0.233,0,1,food_poisoning,high,Reviewer explicitly states they got food poisoning.
4771,3.0,2,0,1,"A few friends and I went to eat here on a Saturday night. There was an hour long wait, which I was kind of excited about because it meant I got to look around at the museum type room they had (it wasn't as exciting as I had hoped). We stopped at the bar before we sat down to wait and, of course, the beer didn't disappoint. I was super happy with my Christmas Ale (it tastes just like Christmas should!). When we were finally seated, we were brought to a table to the right of the hostess desk. It was half booth half chairs - kinda like a fast food place. The tables and their spacing was a bit awkward. If you leaned over too much you would find yourself in the lap (or plate) of the party next to you. That was a bit odd. For being so busy the service was good. Our server was upbeat and super friendly - she even laughed when the boy changed his order after he had already given it and laughed harder when we teased him. She brought refills and food in a timely manner and made sure we had everything we needed. Sadly, the meal was just a down hill trip. The appetizer of pretzels and cheese was good, but a little overpriced for three soft pretzel sticks and not enough cheese for all of them. The Caesar salad I had as my entree was awful. The flavor was very off and I could only manage about three bites. I felt sick the rest of the evening as well. As far as I know, the rest of the food at our table was okay. No one raved, but no one was unhappy either. One of my friends did comment that the veggie burger wasn't as good as she remembered. I might be back one day, but I most likely will only get beer and sit at the bar.",328,1634,1,1,0.0,0.091,0,1,food_poisoning,high,Reviewer felt sick after eating the Caesar salad.
2760,1.0,1,0,0,Used to work right next door. Our office had gotten food there was average. Took my family there. Ran into a friend. Right from the start I should've known better. Saw someone I knew there. Ordered salad and noticed the lettuce didn't look right. Yes-I ate it anyway. The next day my family all got sick. My 2 small sons were vomiting. My friend called me and asked me if we were sick-so were they! I looked them on online and filed a report with the health department. The manager got my number. Offered me some coupons and was very defensive. Will never eat there again. . I have only started using Yelp and after reviewing my favorite places I'm putting this out there because I still remember it (it's been a long time) and would never recommend it-I would warn against it.,143,777,1,1,0.0,0.047,0,1,food_poisoning,high,Reviewer and their family got sick after eating at the restaurant.
7368,2.0,3,3,1,"Points for the hostess being super friendly and our waiter trying to be friendly (though it seemed to be very difficult for him) and my entree was delicious. I had the lemon pepper shrimp, which was very tasty and very buttery, so I was bemoaning fate while I ate. After noticing all of the salads had romaine lettuce (seriously? why can't a sister get some arugula?!), I began getting the feeling that this place tries to do things cheaply. And when we tried the cookie dough egg roll, my suspicions were confirmed. I'll have to agree with Aaron and ask, ""If you thought this was good, what were you drinking? Because I think I need to have your kind of cocktail!"" Fake ice cream + fake chocolate sauce + fake pastry = ew, ew, ew. But hey, the champagne vinaigrette was tasty. And the patio's nice...if you're not allergic to cigarette smoke. But that's another rant for another day!",159,884,3,1,0.0,0.077,1,0,none,high,"No described illness, contamination, or unsafe handling, and the mention of cigarette smoke allergy is a neutral factual note."
1127,5.0,0,0,0,no contest best Chinese good in the area. owners are incredibly nice and the wontons while you wait for take out are a treat.,24,125,0,0,0.0,0.066,0,0,none,high,"no mention of illness, contamination, or unsafe handling"
5269,1.0,0,0,0,Got Mexican and shrimp tempura roll to go and looked like old rolls and not like others I've had at other places also Had seaweed salad which was good BUT I GOT FOOD POISONING. Ate there before didn't have a problem but this time I did. If it don't look good don't eat it.,54,272,0,1,0.0,0.099,0,1,food_poisoning,high,Reviewer explicitly states they got food poisoning after eating at the restaurant.
116,5.0,3,0,0,In a week of beer and wine tasting in Southern California this place had the standout beer! Their XII quad was to die for. I'm usually an IPA man where my wife usually goes for porters and stouts and this one hit the spot with both of us. Nice bar area and friendly staff close to other wine and beer tasting rooms in the Funk Zone - definitely worth going the extra couple of blocks for it.,77,391,1,0,0.0,0.068,0,0,none,high,"No mention of illness, contamination, or unsafe food handling."
2693,4.0,4,0,2,This restaurant is a nice place to go and sit down to have something to eat. I've ate just about everything they have on the menu and I'd say their burgers are great. Although their pizza is a bit on the tough side I still manage to eat the crust too. Very comfortable dining room area as well!,58,294,1,0,0.0,0.023,0,0,none,high,"No mention of illness, contamination, or unsafe food handling."
375,1.0,1,2,0,"We ordered delivery because I'm sick at home. For $12 carnitas that was supposed to come with cilantro, onion and salsa, non of these was included. they came with only a little bit of meat in two taco shells and tasted unseasoned. My pork shoulder was very chewy and was supposed to come with pickles but didn't. The beans, potato salad, and coleslaw were all filled less than half way. Only good things are the toasts. We will not order from this place ever again.",85,465,0,1,0.0,0.024,0,0,none,high,"No description of illness, contamination, or unsafe handling."
4103,4.0,1,0,0,"I was surprised at every turn. From drinks (amazing martinis) to apps to entrees to desserts, this was the best meal I've had in a long time. And the service was outstanding. You can't go wrong with the Red Pony BLT (that ""L"" is for lobster, people, served over potato ravioli and truffle corn cream) or the braised rabbit (over farro and andouille, with a tobasco hollandaise). Just work your way through the menu. I'll be back. Probably next week. And the week after.",84,469,0,0,0.0,0.0,0,0,none,high,"No mention of illness, contamination, or unsafe food handling."
2758,4.0,0,0,0,"i just love a good burger! its done right if its cooked to the perfect medium I ordered. patty was thick and juicy. fat was dripping out. thousand island sauce adds to the extra fattiness. bun was lightly toasted and oily. everything was fatty! tator tots was soft and crunchy and, again, greasy. a little on the greasy side for me....but for others, thats what it is all about. ive had burgers multiple times this week, and within the week, the village burger was the best of the ones i had",91,491,2,0,0.0,0.0,0,0,none,high,"No mention of illness, contamination, or unsafe food handling."
5794,5.0,1,0,0,"Great flavored food and good service! The spring rolls were awesome! I had seen reviews stating the food was greasy, but ours was all cooked perfectly and fresh tasting!",29,169,3,0,0.0,0.0,0,0,none,high,"No mention of illness, contamination, or unsafe handling."
4849,4.0,0,0,0,"Great place for a happy hour or a group! I'll admit I'm not a big beer fan, but a lot of my friends are, and here, they have beer as well as other drinks, plus a great ambiance. They have a yummy (and cheap) Sonoran hot dog on the menu, too. Live music on some nights. And happy hour prices every time a train passes by! Clean dining area and bathrooms. Fun hangout, away from the mostly busy streets of central Tucson. The only downside is the hit or miss service -- hey, sometimes it's super crowded, but still!",99,513,3,0,0.0,0.046,0,0,none,high,"No mention of illness, contamination, or unsafe food handling."
4917,1.0,0,0,0,0 Star. Food poisoned. Friday 4/27 lunchtime. Ordered jambalaya topped with gumbo. It's easy to pinpoint what got me sick because it was the only thing I ate that day AND 5 hours later it all came back up (Sorry if it's TMI). It was awful being as sick as I was but I'm more annoyed that I sent them an email to inform them and didn't get any response. Be careful folks.,73,370,0,1,0.0,0.159,0,1,food_poisoning,high,Reviewer explicitly states they got food poisoning after eating at the restaurant.
2311,1.0,2,0,0,"LAZINESS AND DISRESPECT , this was my first thought when I walked into this place. The manager and the rest of the employees don't care if you bring business there! To the owners-owner: The manager has no knowledge about cross contamination and how the food is prepared!!! You needs to take a bold decision about management and training! Money is not an end in itself but just a tool.",69,384,5,1,0.0,0.098,0,0,none,high,"No described illness or contamination, only complaints about service and management."
2010,1.0,0,0,0,"Do not eat here! I ordered general tso tofu and asked for it to be extra crispy with light sauce. Not only did it come out FULL of sauce, but they refused to replace it and only offered to drain the extra sauce. Needless to say, it was bland and soggy. Never again.",53,265,1,0,0.0,0.057,0,0,none,high,"No description of illness, contamination, or unsafe food handling."
7283,4.0,1,0,0,"Rumfish is as I expected, A bit overpriced for what you get and sort of like a Hard Rock, Planet Hollywood, Rainforest Cafe thing... You pay for the fish tank Menu lights up, but it's one page of overpriced entree's B- to B+ food",44,229,0,0,0.0,0.06,0,0,none,high,"No mention of illness, contamination, or unsafe handling."
5869,1.0,6,1,1,"EXTREME FOOD POISONING from the SEAFOOD PAELLA on 1/3/2011 My fiance and I went for lunch and I ordered the soup du jour (seafood chowder) and the seafood paella, a la carte. He ordered mushroom soup and a steak sandwich. We ate a bit of each other's item--everything BUT my paella which he did not touch. I wasn't very hungry and only finished half my soup and a third of my paella. A short while after lunch I felt unwell--nauseous and queasy. This uneasy feeling sat with me for a few hours and I thought I better get some food into my stomach. My mistake was finishing the rest of paella from lunch (yes, refrigerated since I returned home). Within three hours of eating I was retching non-stop and continuously and the only thing that came up was the paella--parts and pieces of it clearly identifiable (sorry to be graphic). My vomiting and illness continued for hours until about 2am in the morning when my stomach was empty and I was finally able to fall asleep. I spent the entirety of the next day in recovery with bed rest, yogurt, banana, and porridge as my only meals for the day. I regret several things about going to Bistro St. Tropez: 1. Going and spending good money for unsanitary or ill-prepared food that didn't taste great in the first place. 2. A whole day of extreme physical sickness and the next day in recovery. 3. Then I regret that I did not feel well enough to visit the doctor to document my illness. AVOID AVOID AVOID!",265,1450,1,1,0.0037735849056603,0.156,0,1,food_poisoning,high,"Reviewer experienced severe vomiting and illness after eating the seafood paella, with identifiable parts of the paella coming up."
6023,4.0,1,0,0,"The saddest thing about my experience with Burger Up's food was that I ordered it through a delivery service that will not be named. I ordered a pretty basic cheese burger, but it was absolutely delicious. I will stop there because the MONEY IS IN THE TRUFFLE FRIES. Listen, I don't really understand who came up with the idea of the truffle fry, but my goodness Burger Up has perfected this delicious side to the very last grain of truffle. The shoe string style is amazing and to top it off, the perfect house-made honey mustard is the perfect dipping sauce for anyone and I hate mustard. So, yes, get the fries and a side of a burger.",118,637,0,0,0.0,0.071,0,0,none,high,"No mention of illness, contamination, or unsafe handling."
698,5.0,0,0,0,"Been here so many times before and all I can say is the food is really good. A hidden gem in Florissant, it has the best Panang curry around. Haven't been to their sister restaurant yet, but I can't seem to want to move on when I am always so satisfied with their fare here.",55,274,0,0,0.0,0.023,0,0,none,high,"No mention of illness, contamination, or unsafe handling."
3953,2.0,2,1,2,"I was initially impressed with how fast the food got out, but after that it was a pretty underwhelming experience. The food was warm, almost room temperature. Fries tasted and felt like they had been sitting out for a while, and the burger wasn't fresh-off-the-grill hot. More like it was made half an hour ago. After we left, my boyfriend and I started feeling sick. Server-in-training was nice, but the trainer just rubbed me the wrong way. Cut us off when we'd clarify things... I just felt like I was wasting her time.",93,522,0,1,0.0,0.13,0,1,food_poisoning,high,Reviewer and their boyfriend got sick after eating at the restaurant.
327,1.0,0,0,0,"I got a Gyro here late Saturday night recently. Within an hour of eating it I was throwing up. Food poisoning completely ruined me for 2 full days. Had eaten here with no issues perhaps 10 times previously, but thats not a good enough ratio.",45,241,0,1,0.0,0.205,0,1,food_poisoning,high,Reviewer experienced vomiting and was incapacitated for 2 days after eating at the restaurant.
5712,1.0,0,0,0,"This is the worst place you can walk in to , just some low class ppl that have no class and have no clue how to treat customers, save your time, the food is disgusting we ware sick for hours don't eat there.",43,207,0,1,0.0,0.302,0,1,food_poisoning,high,Reviewer explicitly states they and someone else were sick for hours after eating there.
6930,1.0,0,0,0,"We both got sick after eating there. The steak had no flavor , and menu is just standard fare.",19,94,0,1,0.0,0.256,0,1,food_poisoning,high,Reviewer explicitly states they both got sick after eating there.
992,2.0,0,0,0,"SImply not impressed. I got a burger with blue cheese and carmelized onions. The meat was high quality, but the bread to meat to cheese ratio is all wrong. The burger was very thick and as such left most of the bun meatless. They could have made the burger thinner, gave it greater circumference, and not left me with a half grilled cheese/half burger scenario. Not a big fan, won't go back/order delivery. Its simply not a good burger and at $60 for 2 people, I'd rather try the devil I don't know.",93,499,0,0,0.0,0.174,0,0,none,high,"No description of illness, contamination, or unsafe handling."
6549,5.0,0,0,0,"Great food! The homemade bread on my dlt was delicious. My husband loved his pork burger. Chow chow was a sweet slaw, which was good but a little too sweet for me. Service was outstanding!!! My husband and I split a salad and a beer and they split them both! Atmosphere was nice and relaxing. Can't wait to come back!",60,317,6,0,0.0,0.0,0,0,none,high,"No mention of illness, contamination, or unsafe handling."
1803,2.0,0,0,0,"I really wanted to like this place...from all the write ups, I was definitely expecting to. But I wonder if everyone was at a different restaurant? Our service was slow, slow, slow. I realize that there is a slower pace here in the South, and that's fantastic, but this was unacceptable. And our server made it known several times over that he wasn't from here. It took about 20 minutes for us to get an order in -- any order. The server was nice enough to stop by and tell us he'd be right back, but that only goes so far when he would only take food orders and not drink orders. So he takes the food order (in a really weird order, and couldn't be interrupted or asked any questions) , does not allow us to order drinks...puts the food order in then comes back about 15 minutes later to get drink orders. This was the service all evening. The server was nice, sure, but it took FOREVER. It wasn't even crowded...perhaps it was an off night, or others had called in sick, but based on my experience, I wouldn't recommend this to anyone. My burger was ok, though kind of cold; none of my other dinner companions raved about their dishes...unfortunate, really. In a food mecca like NOLA, I would have rather spent my money elsewhere.",228,1232,0,1,0.0,0.074,0,0,none,high,"No described illness, contamination, or unsafe food handling."
5920,1.0,0,0,0,"I would've gave them 1 star if it wasn't required..... Nasty Rewarmed Gritz, Dirty waffle makers...... I'm sick Of'em...... this eatery hasn't been up to par since the first day they opened the doors",34,199,0,1,0.0,0.163,0,0,none,high,"No described illness or contamination, just complaints about food quality and cleanliness."
5577,1.0,2,0,0,"Stay away. My husband and I stopped here this afternoon to use a gift card given to us a long time ago. We do not normally buy cold stone ice cream, and we're pretty easy to please. All we were looking for was a nice cold treat on a hot day- what we got was a small ice cream that was way too sweet (yes, even for ice cream!), and a chocolate shake that was not good, for about $11. My husband took one sip of his shake and pushed it away. I took a taste and agreed that something was not right. It had a distinctly sour, bitter aftertaste. While I finished my ice cream, he debated about whether he wanted something else instead. Since the ingredients seemed to be the problem, he decided did not want something else, even though my ice cream seemed fine. When I took the shake back to the register and explained the problem, we were told we could not receive a refund, only a replacement. Both of us had an upset stomach for about two hours afterwards, and neither of us had more than a sip or two. Poor customer service, bad ingredients. Food poisoning is not worth $11, so we simply left. Poor customer service is my biggest pet peeve- as someone who has worked in customer service and international sales for four years, I promise you- it's really not THAT difficult of a task to make sure your customer is happy, even if there is a language/geographical barrier (today, there was neither). While I realize that the employee I spoke to is probably a minimum wage high school student, store policies that young woman has to follow are set by real adults. Whoever set the policies for this store clearly is not doing their job! Shame on you, coldstone, for trying to give my (active-duty & a veteran) husband food poisoning on Memorial Day, and refusing to make any real attempt to make amends. Don't worry, you sure as hell won't see us again, ever. Fool me once....",347,1870,2,1,0.0,0.145,0,1,food_poisoning,high,Reviewer and their husband experienced stomach upset after consuming the chocolate shake and ice cream.
574,1.0,0,0,0,"First off let me start by saying this review doesn't reflect the taste by any means, because the burgers, tots and shakes are delicious. However, the service and the care for the customer are much less to be desired. This afternoon my wife took my two boys (3 and 17 months) out with a friend's family that's visiting from out of town. Naturally Burger Republic was the spot of choice since they wanted some great burgers. The trip quickly went downhill. My oldest has a pretty bad gluten allergy so they specifically requested the gluten free bun for his burger and let the waitress know. When the food came halfway through the bun they noticed that it was eerily similar to the rest of their regular buns. When they asked the waitress about it she then asked the kitchen staff and then informed my wife that the bun was in fact not gluten free and she was sorry about that. That to me is unacceptable. Although she apologized, nothing else was done after that to make the situation right. Now I have a son who's crying because his stomach isn't feeling well in between taking trips to the bathroom. If nothing else a manager should've been notified and/or the meal should've been comped. Luckily my son's allergy isn't as bad as some have it and he didn't have an immediate allergic reaction needing medical attention. Needless to say that supposedly great trip for out of town friends has now turned a days worth of fun activities into a day of back and forth bathroom visits and crying children. NOT COOL! Needless to say I can't in good conscience recommend Burger Republic any longer. Regardless of the great food, if they can't pay attention to the customer for something as easy as a gluten free bun request who's to say that the next time this happens there won't be serious consequences.",320,1797,1,1,0.0,0.076,1,1,allergic_reaction,high,"The reviewer's son had a gluten allergy and was served a non-gluten-free bun, leading to stomach issues and crying."
4833,1.0,1,0,0,"First food poisoning of my life, i spent the night in the hospital...i would stay clear",16,87,0,1,0.0,0.196,0,1,food_poisoning,high,Reviewer explicitly states they spent the night in the hospital due to food poisoning.
1303,2.0,0,0,0,"Something is certainly fishy about the place.. Overpriced, check, dead fly in salad, check, dry chicken, check. You are lucky I gave you 2 stars (I didn't get food poisoning so you have that going for you). I hope there are better places to eat in Santa Barbara than this.. Unfortunately I wasn't able to visit them on my brief weekend trip.",62,341,0,1,0.0,0.093,0,1,contamination,high,Dead fly found in salad
672,4.0,1,0,0,"I've been visiting NOLA, and Back to the Garden was one of the places listed that is great for vegetarians. I really enjoyed my lunch here. Had the red bean chili with TVP, salad, and corn chips, and a cup of fruit salad. I loved the chili, it was a bit bland, but very good. My friend put hot sauce all over hers. Salad, fruit and chips were fresh and good. I loved the basic atmosphere, and enjoyed watching the folks working in the kitchen area assemble everyone's orders. Good, basic vegetarian food. I really enjoyed it!",97,525,1,0,0.0,0.0,0,0,none,high,"No mention of illness, contamination, or unsafe handling."
5360,2.0,0,0,0,"Very underwhelmed! I'm confused on the high ratings so im wondering if we were here on an off day. Good: smoked salmon, croissants. Bad: everything else. Here are the highlights: Waiter was confused and didn't know brunch menu very well. Menu said ask Waiter for french toast and eggs Benedict. Waiter says thats not the case but he'd be willing to go to the bar and get for us. Carving station and omelet station was run by one person who was trying not to get overwhelmed. Buffet selection was large but the gravy and clam chowder tasted pretty much the same, as did many of the dishes which was odd. With amazing brunch options like Mere Bulles, Copper Kettle, Ellendales, etc, I'd advise you to bypass this place. Did I mention we never got our drinks refilled and they bussed our table mid-meal?",143,800,1,0,0.0,0.063,0,0,none,high,"No description of illness, contamination, or unsafe handling."
4283,1.0,0,0,0,"I've ordered pizza here twice because I am in the neighborhood. Both times have been awful. Today, the dough on my pizza was literally raw. I really want this place to suceed, but the pizza is not good.",38,202,0,0,0.0,0.13,0,1,unsafe_handling,high,Visibly spoiled/rotten food (raw dough) served.
4414,2.0,0,0,0,I went to this particular location to try out the product. The quesadilla I ordered was the far-east quesadilla. I asked the young man if I could get it with no onions he said yes. I got the quesadilla / rap which is what I was served and one of had onions. I I ordered without onions because I'm allergic to onions. I also asked the young man if it came with teriyaki and he said it did. It didn't I had to go back to the counter and Order teriyaki sauce separately.,93,467,0,1,0.0,0.051,0,0,none,high,"No adverse event or food safety issue described, only complaints about incorrect order."
2911,2.0,3,0,0,"Pros: -Live music was great -Service was great -Decent craft beer selection, reasonably priced -Conveniently located in the chase park plaza Cons: -Limited indoor seating -Friend got really sick after eating the steak -$12 house Chardonnay?! What?! The only reason you'll find me back here is for more great live entertainment.",51,327,2,1,0.0,0.08,0,1,food_poisoning,high,Reviewer's friend got sick after eating the steak.
1637,1.0,2,0,0,"Cross Contamination caused by improper cleaning habits makes people sick. If the employees are going to clean the front, sides, and under (!) the grill with a REALLY DIRTY rag and then clean the grill surface with the same rag - well, keep it. After seeing that, I didn't eat there & as much as I might like to, I won't.",61,320,1,1,0.0,0.118,0,1,unsafe_handling,high,Reviewer witnessed unsafe food handling practices that could lead to cross-contamination.
1020,4.0,0,0,0,"I've been wanting to try this place for some time, but can never seem to get far enough south to swing by. My man-friend and I made the trek this past Saturday to get some of their recent release - 17. The atmosphere is minimal and inviting. The bar is covered with a nice copper coating and has ample room for seating. The space itself is very open and offers plenty of sitting for more high volume times. The tap room features board games and darts - not a typical sight at a brewery. The bartenders were friendly and efficient. I had the Bailey's Chocolate Oatmeal Stout - delicious! Has a great subtle bitterness, which I assume comes from the chocolate. The oatmeal rounds out the mouthfeel of this beer making it super palatable. My man-friend had the 17 - an Imperial Stout with Chocolate & Mint. This beer is a home run! I rated it a 5 on UnTappd. Job well done!! Can't wait to cellar one of the 750 ml we took home for a bit and explore this brew again. I'll definitely be back. The food looked great and hoping to come sample some of their fare next time I visit.",204,1073,4,0,0.0,0.015,0,0,none,high,"No mention of illness, contamination, or unsafe food handling."
2374,4.0,1,0,0,"A wee bit pricey for the portions they serve. I come to Beck's for their gator gumbo over jambalaya. The whole thing is just so savory and the spices are just right. It's not overly spicy and not too salty as well. It's a great meal. The gator is in a sausage form. All chopped up into the gumbo. During this visit, I had to order their pasta. Chicken alfredo, for my 2 year old son. It was alright. The whole pasta tasted a bit dry. It's something I wouldn't get twice. Verdict - Gator gumbo, end of story.",99,507,0,0,0.0,0.015,0,0,none,high,"No description of illness, contamination, or unsafe handling."
2372,5.0,0,0,1,"both locations deserve 5 stars but my favorite location is in rittenhouse . I love the atmosphere :) Getting a tria card is well worth the small fee its a great way to keep track of the different wines, beers and cheese. Sign up for the email lists as well they will keep you in the know of all the happenings going on during the week. Tria has great staff , fantastic cheeses, wines and beers from all over the world.",81,418,0,0,0.0,0.0,0,0,none,high,"No mention of illness, contamination, or unsafe food handling."
204,1.0,0,0,0,"Had a family member with a severe food allergy in the party and two servers gave her conflicting information on the same dish. We asked for the owner over to verify the dish, and he treated us with the utmost disrespect. When we decided to leave, he called out after us that we were full of sh-t. There are too many breakfast places in Nashville to stomach such apalling service from the owner himself. Cross this place off your list.",80,434,0,1,0.0,0.109,0,0,none,high,"No adverse event or physical contamination described, only service complaint."
1290,5.0,0,0,0,Outstanding place. The food is always great. Prices are fair. The only problem is the line. The line is always out the door. I guess that speaks to how good the place is though.,34,177,0,0,0.0,0.061,0,0,none,high,"No mention of illness, contamination, or unsafe handling."
4510,5.0,0,0,0,One of my go-to lunches: toasted italian sub. Delicious and the staff is always very friendly.,16,94,0,0,0.0,0.0,0,0,none,high,"No mention of illness, contamination, or unsafe handling."
6767,3.0,0,0,0,"Didn't enjoy it as much as I hoped I would. Kind of bland hibachi, and I was sick after eating there. Hoping it was a one-time thing. May give them one more chance.",33,164,0,1,0.0,0.158,0,1,food_poisoning,high,Reviewer explicitly states they got sick after eating there.
213,5.0,0,0,0,What a great Happy Hour! Gotta be there!!!,8,42,4,0,0.0,0.0,0,0,none,high,"No mention of illness, contamination, or unsafe handling."
4763,5.0,1,0,0,Great hidden gem of S. Tampa! Good selection of wine and some beer. The food is light and delicious. Always good servic,22,119,1,0,0.0,0.0,0,0,none,high,"No mention of illness, contamination, or unsafe handling."
5126,2.0,0,0,0,"Another place we haven't been to in years. We almost did a few months ago, but wait times were loong. So tonight, we made our reservation for 3. We were told 10-15 minutes, we were on our way and got there 7pm,but it was actually 715pm, 725pm, we asked,were told that the table was reserved, which turned out to be us! Um... We were seated with another 3 with one with dairy allergy (no butter), you can see our chef thinking of a game plan. Vent was on, but it was still warm, good thing i had sort sleeves. Performance was sub par: not lively, we got the fire, but no spinning eggs or peeing squirt trick (and we have a kid at the table), and volcano sort of failed. So as the cooking progress, the chef is trying to get the guy's meal squared away while trying to cook the rest. I cringed as I watched the guy's medium well steak become well done. After that, he started with the butter (yay). The whole time, my wife's scallops were on the grill. The result? One side was burnt (think marshmallow at a campfire). My calamari tasted more like smoked squid. It would've been nice, if it was supposed to be that way (I've never tasted them like that, Teppanyaki style). While we were eating, we enjoyed some second-hand entertainment from the other table. Bathroom was small, but clean, nice decoration. Funny observation: workers were Chinese, which seems to be more common with local Japanese restaurants. My take is that why earn a little from a lot of food when you can earn a lot from little food (sushi et al) hehe. Possible tip: if you're in a hurry, maybe try the no dairy trick, but YMMV.",297,1598,1,1,0.0,0.058,1,0,none,high,"No described illness or contamination, only complaints about service and food quality."
4629,3.0,0,0,0,"I had spent a fair amount of time for just the right place to have lunch when coming to visit Chadds Ford for the weekend. Upon our entering Nudy's the smell was intoxicating! I was sure I was going to get some good down home cooking! The menu was full of choices. My partner and I had trouble making up our minds. Nudy's serves breakfast and lunch. Being gluten intolerant I was pleasantly surprised they offered a gluten free pancake as well as waffle. Although if you have celiac disease they are sure to tell you they cannot guarantee no cross contamination. I settled for their homemade chicken salad with apple and raisins mixed in and coleslaw and fruit on the side. My partner settled for a cheese burger. (It's his favorite food). It wasn't long before we were served. My plate looked delicious. I had two scoops of chicken salad sitting on a large piece of lettuce, at least a cup of fruit - strawberries,honeydew, and cantaloupe, and a nice serving size of coleslaw. All this for $9.99. But then I began to dig in and the disappointment began. The cook relied heavily on sugar to season his homemade coleslaw and chicken salad. This was not to my liking. My partner's burger was juicy and looked big enough to satisfy. The fries were standard and he had no trouble leaving them on his plate. The server was nice enough but I hate feeling rushed. There were plenty of empty booths but she still felt the need to ask if I would be needing a take home box while I was still actively eating and gave us the check before either of us were finished. I guess we weren't having dessert. Although I would say their cinnamon bun sounded fabulous. If I return to Chadds Ford I would not hesitate to check out some of the other eateries before returning to Nudy's.",322,1763,2,1,0.0,0.063,0,0,none,high,No adverse event or food safety issue described in the review.
1076,1.0,0,1,0,Didn't feel like cooking so i ordered the crabs from uber eats. I guess they were having a bad day yesterday because when I ate their crabs I got food poisoning. Threw up all night. My suggestion is if you want a near death experience get the crabs.,48,249,0,1,0.0,0.258,0,1,food_poisoning,high,Reviewer explicitly states they got food poisoning after eating the crabs.
5513,2.0,1,0,0,"Tried dinner there recently and found the quality is very uneven. While some noodle soup dishes and rice plate dishes are true to authentic Chinese food, others are truly found in only American Chinese restaurants. The duck is very fat and very little meat. The stir fry dishes have weird combo of vegetables that do not go together. And as a typical Chinese restaurant, service does not come with a smile.",71,406,0,0,0.0,0.051,0,0,none,high,"No mention of illness, contamination, or unsafe food handling."
1000,5.0,0,0,0,"Had a great time on the dinner cruise with friends. Thankfully the weather was breezy so it was fun standing outside on the bow, especially as the lights came on on shore. The music was delightful and it was a really fun way to cap off our vacation in NOLA.",50,257,0,0,0.0,0.0,0,0,none,high,"No mention of illness, contamination, or unsafe food handling."
628,1.0,3,0,0,"oh Millers, how i wanted to like you. You are close to my house, have ample parking, and large spacious tables. you even have a fireplace in the back for a little ambiance. friends and i tried to come here 2 or 3 times for a quick/inexpensive* bite to eat and every time there was a 30-60 minute wait. we thought this must mean they are really good. perhaps it just means that people in Springfield are willing to settle for a less than average dining experience. *side note- this place is not inexpensive. hubby and i ordered apps- he got zinger boneless wings, and i got the guacamole. portion size was ENORMOUS on the guac - it could have served 8 people, seriously. flavor was meh. apparently the wingz were good. hard to tell what hubby enjoyed more, the wingz or the scantily dressed hostesses. our server was great, attentive and pleasant. When something went wrong she did her best to fix it. That was much appreciated. Side salad came out wilted and gross. management offered to take it off the check, would have rather had a decent salad in the first place but i digress. Dinner was not very flavorful - at all - and portion sizes were okay. i got the quesadilla appetizer (which was plenty for an entree) but it was very sloppily put together and had no seasoning at all. I have had food that is presented better and tastes better at fast food restaurants, where i am happy to pay $5 for a meal. At the end of the meal, i badly wanted dessert but didnt want to risk another poorly flavored dish. Not to mention, all the dishes were like lunch tray plastic, and i felt that a $50-60 dinner for two was at least worth a nicer presentation. who knows, it may have even made up for the bland flavors. perhaps i was let down by the fact that there always seemed to be a wait and i had over hyped it in my head. Never have i wanted to send back everything i ordered at a restaurant before this night. i will never be back. my husband says he will order the wings, but takeout only. no more dining in at this place.",382,2019,0,0,0.0,0.053,0,0,none,high,"No described illness, contamination, or unsafe food handling."
384,2.0,4,1,1,"Labeling non-gluten free items as gluten free earns you a 1-star review, Twisted Tail. I am giving it 2 stars because they at least took the offending item off our bill. As someone who cannot eat gluten because of celiac disease I always investigate new restaurants carefully before I eat at them. When I inquired at Twisted Tail, they assured me that they knew all about celiac disease and took it seriously. I therefore felt confident ordering tuna tartare, which was marked as gluten free. The small portion of fish (pricey at $12) came with 5 potato chips on the plate. I had asked the waitress when she took our order whether the fryer was gluten free and she it wasn't; they fry empanadas in it. I informed her that I had celiac and couldn't eat food from the fryer. Yet, there were those freshly fried chips, on my plate, touching the fish. The manager came out and talked to me, but did not apologize. She ""explained"" that some people who avoid gluten can eat food that comes out of a shared fryer. Yeah, well some people who ""avoid gluten"" can eat a bagel if they feel like it. Restaurants should not cater their gluten-free labels to these people--they can just read the menu to see if the item lists obvious gluten-containing ingredients (e.g., bread/croutons). If restaurants are going label items as ""gluten free"" they should do so as a service to the celiacs, who will get sick from even tiny amounts of gluten. Would a restaurant label something as peanut-free if it was fried in peanut oil? I don't think so.",272,1524,0,1,0.0,0.053,1,1,unsafe_handling,high,"Restaurant served gluten-free labeled dish with food cooked in a shared fryer, potentially exposing the reviewer to gluten."
1193,2.0,0,0,0,"We spent quite a bit of time here when my first was little because it is in the neighbourhood. The concept is good, but I am not sure how often they sanitize the toys. My kids get horrendously sick whenever they go here. The food is super duper pricey, which I understand is how they make money, but it just kind of became unreasonable for us. It is locally owned and I always try to support small businesses, but we found the cost wasn't worth it.",86,448,0,1,0.0,0.129,0,1,food_poisoning,high,Reviewer states their kids get 'horrendously sick' whenever they go here.
2809,1.0,4,0,0,"Totally disrespected at this restaurant this evening!!! JDs Restaurant & Lounge. I came in for some dinner. Sat at the bar because I was by myself. Asked if it was okay to sit at the bar and eat dinner. The bartender/server said it was okay. I ordered the Most expensive meal they offered, King Crab legs dinner. Along with my dinner, I ordered ice water with lemon. While waiting for my meal, an elderly lady next to me was having trouble with her cell phone. I graciously helped her get it working again and explained what she had done. I ate my dinner, was chatting at the bar with some fellow customers and my water was empty. I motioned for the bartender/server that I wanted another glass of water. She proceeded to tell me that I either had to purchase an alcoholic beverage or I had to leave because the music had started. I think this is an absurd practice. I happen to get sick if I drink, so, I stay away from drinking as much as I can. Also, I was working as a Lyft driver this evening. I obviously can't drink and be a designated driver for others. What if I would have been a recovering alcoholic? I felt embarrassed and disrespected at your establishment because I didn't purchase alchohol. Just doesn't seem right to me???",228,1238,3,1,0.0,0.09,0,0,none,high,"No described illness or contamination, only a complaint about service and policy."
2157,5.0,1,0,0,"This place was definitely the best dining experience I had in NOLA during my week-long trip! My husband and I walked in without reservations during their Sunday Jazz Brunch. We waited about 40 minutes, but we had the music and ambience to keep us occupied. Despite the place being ridiculously busy, our server didn't rush us at all. He encouraged us to take our time browsing the menu and placing our orders- definitely one of the friendliest servers I've encountered. The food here was absolutely amazing! The complimentary bread and butter was very nice. My husband and I started off with the seafood gumbo, and it was delicious! Both of us had a sea bass entree and it was definitely the best fish I've ever had. The fish came with a side of green beans and this DELICIOUS sauce that could make anything taste great. We finished off with chocolate orange ice cream and creme brûlée for dessert. The next table over was raving about their bread pudding, so I'm guessing dessert is usually a hit all around at this place. The coolest bit about my experience here was that my husband and I got seated where Ronald Reagan sat on his two visits to Mr. B's (far left corner)- Reagan just so happened to visit on my birthday! Our bill came out to be $100+ but it was worth every penny. If I'm in NOLA again, I'm definitely revisiting Mr. B's.",242,1339,4,0,0.0,0.011,0,0,none,high,"No description of illness, contamination, or unsafe food handling."
4831,2.0,3,1,1,"My family and I came here after a long day. 6 adults and 3 children. When we walked in the door we were unsure whether or not we should seat ourselves. Several employees made eye contact with us and said nothing, so we seated ourselves. We did not get acknowledged for ten more minutes. If not for the kids and the fact that we were starving we would have left by this point. We ordered and the server was friendly enough. The meal didn't take terribly long, but it arrived with both of the burgers being 100% wrong (wrong cheese, wrong size, wrong bun) and several sides/extras missing. We had to point out that the burgers were wrong and one of them was not wrapped in lettuce as they said they would do for us. They asked if we could ""make do"" with these. Sorry but no. They took one burger in the back and took the bun off, and slapped lettuce on either side. Not acceptable. Fortunately my husband was not suffering a gluten allergy and therefore be chose to eat it, wrong cheese, wrong toppings, wrong size and all but he did mention to them that he needed to be charged for the smaller burger size and they said okay. The other burger arrived five minutes later. We ate, paid, and left disappointed. No apology, no discount, no acknowledgment of wrong doing. Complete service fail. Food was edible, some was pretty good. Won't go back to this bully's anytime soon. I can't believe what we paid for this food and what a bad experience we had for things that could have been easily remedied. Please come again: thanks but no thanks.",283,1537,0,1,0.0,0.21,1,0,none,high,"No described illness, contamination, or unsafe food handling."
5271,1.0,4,2,1,"OMG, this is the most disappointing meal I have ever eaten in New Orleans. We ordered a number of things to sample amongst all the folks in our party. The red beans were cooked to a nice tenderness, however, the bean tasted stale/old or possibly recooked. The alfredo pasta was horrible (should have read the reviews here, before going), soupy cheese sauce with pasta, chicken and sausage floating in the mess. Chicken did not taste quite right, so we picked it out, not to get sick. There were 6 in our party, we actually order 7 entrees (wanted to try things from the way to large menu). Our bill with no liquor and only tea (only option), was nearly $200. We left hunger and disappointed. Pizza down the street was awesome! The reason we got the idea to go here was a episode of Mystery Diners on the Food Network. Thinking they would have corrected the issues they were wanted to repair. Looking back on the show, we should have know better ""King Creole"" and Tamborine Green"" acted like dang fools on the show. Nothing was there fault and they actually had the nerve to think they should be reaping benefits from their restaraunt that was open like 8 months, really? The just kept saying this was an investment, they needed earnings!! Maybe in a couple of years, if you work hard!! SAD!! hated we wasted OUR time and hard earned money.",242,1339,7,1,0.0,0.127,0,1,unsafe_handling,high,"Reviewer suspected food was stale or recooked and chicken didn't taste right, so they picked it out to avoid getting sick."
6844,1.0,0,0,0,"Best bagels in the area by far. No issues there, but the place is the worst run store I've ever been in. Besides the lady behind the counter serving food while visibly sick ( coughing, sneezing, sniffling ) they have no concept of how to help more than one person at a time. If they are cooking something forget it, you can't even talk to the people behind the counter. Multitasking is not in their vocabulary so plan on a very frustrating wait if there is a line.",88,464,0,1,0.0,0.207,0,1,unsafe_handling,high,The reviewer witnessed the server handling food while visibly sick.
3209,1.0,0,1,0,"I used to really like this place for the gluten free options because I have celiacs. However, the last two times I ate here the waitress did not know what gluten free meant and barely spoke English. My food came with a sauce that had gluten in it and I puked multiple times at the restaurant before leaving pretty upset (they apologized but I asked multiple times if the food was gluten free and it literally says in on the menu). A couple of months went by before I would consider going back. My gf convinced me to give them another chance and we asked repeated questions to make sure everything was gluten free, sauce, food, everything. Our waitress was different but also barely spoke English and did not seem to know what we were asking. She asked the chef and came back ensuring me everything was gluten free. Turns out, they accidentally made the noodles with sauce that was not gluten free and I puked repeatedly on the side walks of Media. I'm NEVER going back! Stay away if you need gluten free options, they simply cannot guarantee any and do not understand the seriousness of the allergy at all!",201,1106,2,1,0.0,0.055,1,1,allergic_reaction,high,"Reviewer experienced repeated vomiting due to accidental gluten exposure, indicating a severe allergic reaction."
3776,4.0,1,0,1,"Thank you for a lovely morning! I was in NJ early and decided to stop in for a delicious diner breakfast. I got a taylor ham, egg, and cheese and a short stack of blueberry pancakes (I simply couldn't decide between sweet or savory, plus leftovers are never a bad thing). The egg sandwich was fantastic. I was nervous when they said they didn't have kaiser rolls so I went with a hamburger roll. It was an excellent decision. The roll was excellent - not just an average cheap hamburger roll. They layered the cheese on the sandwich, which to me is a must for a true egg sandwich. It was served with home fries, which were sauteed with large slices of peppers and onions. I'm not the biggest breakfast potatoes fan, but these were great and I appreciated that they didn't clearly just scoop some food from a huge pile of pre-cooked home fries. The pancakes were great and fluffy. My one gripe was their use of smuckers pre-packaged syrup. I realize that if they put syrup in a container, it probably wouldn't be real maple syrup, but I sort of wish I didn't know that they were giving me sub-par syrup. The server was friendly and very attentive. The coffee refills were constant, and the coffee was actually good (so many diners fail at coffee). Bonus points for the server agreeing not to judge my decision to get two breakfasts. All around, I loved this place and hope to go back soon. Long live the Jersey diners!",259,1417,2,0,0.0,0.048,0,0,none,high,"No description of illness, contamination, or unsafe food handling."
1021,4.0,2,0,0,"As a fan of the late night kabab, shwarma or gyro in nyc, I made a stop through Ali ba ba's on one occasion and ended up here again near the end of the trip as it hits the spot! They are bigger in size of the ones I get in NYC and double the price ($6) but I can imagine the cost is a factor of limited demand (small lines) and pallets in NOLA for a gyro vs a po boy. They only have rooster sauce for hot sauce which is a knock and they can be slow to serve but the gyros are better than the $5 slice next door or the $5+ lucky dogs on the corner.",120,547,1,0,0.0,0.088,0,0,none,high,"No mention of illness, contamination, or unsafe handling."
7205,3.0,0,0,0,"I wish I could give Jackson's a review for Saturday/Sunday and then a different review for Monday-Friday - because it's literally two different worlds as far as food goes. Saturday and Sunday they offer a brunch menu and it is HEAVEN!! They have amazing mimosas and the brunch food is great! Our table had several different items and not a crumb was left! The wine special from 3-11 is worth going alone! However note that they stop serving brunch at 3pm - so if you want to eat off the brunch menu and enjoy the drink special - come a little before - order your brunch and there ya go. Now, the everyday menu is not as great in my opinion. Today I had was suppose to be a shredded ckn philly (no bun for me because I am allergic) - and it was literally a PILE of grease! I couldn't even eat my fries because they ended up soggy from SO MUCH grease in my plate from the philly :( My fiance and friend both had some sort of egg sandwich and they two said it was just ""okay"". I will say it was a busy lunch hour and the food came out fast! Another thing I'd love to give 5 stars is they allow my dog to dine with me! Yay! Another thing I'd give 2 stars to - parking. But that is just the area! Sometimes you get lucky - most the time you don't. All in all - save it for a Saturday or Sunday - or if you go during the week save it for just drinks!",272,1344,11,1,0.0,0.018,0,1,unsafe_handling,high,"Reviewer's food was excessively greasy, indicating poor handling or cooking practices."
7445,2.0,1,0,0,I've eaten at this location a handful of times. I really enjoy their sandwiches (I get the one with Pear and another with Apple) and talked my boyfriend into trying it. He hates trying new things but he liked it enough to go a second time with his coworkers. He ended up getting food poisoning so unfortunately we won't be back. I can't trust that other items are not maintained properly. 2 stars for atmosphere. The service is ok. Pretty slow during lunch time on a weekday when the place wasn't busy at all.,94,509,0,1,0.0,0.138,0,1,food_poisoning,high,Reviewer explicitly states that their boyfriend got food poisoning after eating there.
3819,4.0,0,0,0,"There are a lot of good sushi places in Reno (seems like one on every corner) and this one is close! My son and daughter tried it first and loved the food so my husband and I dropped in last Sat. night to try it out. We sat at the counter and before we even sat down, the proprietor was at our elbow asking what we would like to drink. Saki and beer came back to us by the time we sat down. I ordered edamame and a Crystal Shrimp roll. My husband ordered the tempura Shrimp and Vegetables.The first thing I noticed about the roll that it did not have a ton of rice rolled around it, in fact, it had a very thin layer of rice which was nice because I was able to taste all the ingrediants without fighting through a ton of rice. The roll was delicious! Next my edamame came--hot, perfectly cooked but the dish would have been enhanced with more salt, I think. After my dishes were out and eaten, my husband's shrimp and vegetables came. What a delicious dish!. The shrimp were perfectly cooked with a miasma of light, not greasy, delicate batter. And the portion was healthy--at least six very large shrimp. The vegetables were perfectly cooked! Again covered with delicious batter. The tempura sauce was a little thick and candy like. I would have liked something a little lighter to match the delicacy of the dish. To avoid picking at my husband's dinner, I ordered another roll (and another Saki!). I took a gamble with the long roll ""Why Not"". It was a perfect gamble. The filling was tasty with a subtle brighteness of lemon about 2 secs after you started chewing....a surprise that kept me going back to experience it again with each subsequent bite. They do have an all you can eat menu. We were not that hungry and ended a la carte. Walked away feeling nicely sated (not bloated with rice). We would definitely come back again! They have a punch card that offers you freebies after so many visits and you eat FREE on your birthday! They could improve a bit on service...but the staff is very friendly. We didn't feel like we wanted to rush through dinner so the intervals between dishes didn't bother us.",389,2111,7,0,0.0,0.009,0,0,none,high,"No description of illness, contamination, or unsafe food handling."
3392,4.0,0,0,0,I really loved Ralph's. We came here for a rehearsal dinner for a friend. The space is lovely. The balcony upstairs offers nice views of City Park. The staff was very good and friendly. We had a set meal. Started with some delicious gumbo. I had the red fish which was outstanding. Spicy and peppery with a not too heavy sauce. My friends found the potatoes a bit salty but I didn't notice. I also tried the shrimp dish which was excellent. We ended with a bread pudding that was a good sweet end to dinner. Really enjoyed Ralph's and would love to come back some time.,107,569,0,0,0.0,0.0,0,0,none,high,"No mention of illness, contamination, or unsafe food handling."
2833,4.0,2,0,0,I love this place. The jambalaya is as good as you will get around these parts - chicken and smoked sausage goodness. The gumbos differ each week. The Mac and cheese is out of this world. The Tomatoe soup with pesto and croutons is the best I ever tried. The shrimp po boy I ate today was fantastic. The one problem I had today was service from the young woman who worked the counter. I asked for a soda. She ignored me. Twice. I gave her my po boy order and she didn't put it in. The guy who sat down next to me 10 minutes after I arrived got his order first so I checked to see whet my sandwich was and learn it wasn't even turned in. The problem is the food is so good I have no choice but to put up with this employee who doesnt seem to care.. Everyone else is great.,157,771,0,0,0.0,0.071,0,0,none,high,"No description of illness, contamination, or unsafe handling."
6375,5.0,0,1,0,"Such a cute ice cream parlor. Inside makes you feel like a little kid again. Behind the counter are three amazing employees named Alicia, Alex and Emma. They provided the most impeccable customer service to patrons of all ages. In addition to the great service, the ice cream is delicious.",50,289,0,0,0.0,0.0,0,0,none,high,"No mention of illness, contamination, or unsafe handling."
1965,4.0,1,0,1,"Very cool bar attached to the Alexander Hotel. Several vintage cocktails from pre-prohibition are on the menu. None cooler than ""The Elephant in the Room"" a bourbon cocktail which comes in its own decanter filled with cherrywood smoke. You decide how long to let it infuse. Lots of comfortable seating and when it warms up a touch a large beautiful deck with seating and heating overlooks the street life. As an added bonus you can relax and watch people work out through the glass of the new CityWay YMCA. And yes the truffle oil and sea salt popcorn that greets every patron is as good as it sounds. Get a beer and start collecting bags, once you start you can't stop.",121,670,0,0,0.0,0.0,0,0,none,high,"No mention of illness, contamination, or unsafe food handling."
502,3.0,1,0,0,Food was tasty but I was very disappointed that Yelp had them on the list of gluten free pancakes and they DO NOT have GLUTEN FREE pancakes. If I would have stood in the long line that is usually here I would have been pissed. Yelp needs to change their information so those with Celiac who are craving pancakes won't be crying in their eggs like I am now.,69,356,0,1,0.0,0.174,1,0,none,high,No adverse event or food safety issue described.
4951,4.0,0,0,0,Me and my wife and our friends went to The Pines Tavern. The food is really good there. We were going to a show at BRT so we look up a bar in Bristol Pa. That how we found this place . It like a corner Bar it's small but nice. This was two weeks ago but I had put it up on Yelp because food was really good and I would go back again. My friend Pat had steak smash potatoes and vegetables said it was good. My wife had a burger and fries and I had shrimp with chicken with mixed vegetables and Francine had crab cakes. And we ordered on side chicken egg rolls the where really good too.,122,585,0,0,0.0,0.0,0,0,none,high,"No description of illness, contamination, or unsafe food handling."
2737,3.0,0,0,0,"Nice view from outside tables. It has typical beach food and typical beach service, but nice place to grab a drink with a view.",24,127,0,0,0.0,0.0,0,0,none,high,"No mention of illness, contamination, or unsafe handling."
2371,5.0,1,0,0,"I don't know why everyone is hatin' on this place. Microwaved pasta? That's what you'd compare pasta from Boston Pizza or Sbarro with. But anyways, I'm not a huge pasta enthusiast - I never really crave it. But my boyfriend does and whenever he mentions this place I get a pasta hankering. I usually order the Borsetti (I think that's what it's called) and it always tastes delicious and fresh. All the salads and soups I've had there are great as well. The service can be a bit slow sometimes but that's hardly worth taking a star away.",98,537,0,0,0.0,0.049,0,0,none,high,"No mention of illness, contamination, or unsafe food handling."
6672,1.0,0,0,0,"The place had a horrible odor and was very dirty. Wife did not even sit down after seeing the filth. Did not even wait for waitress. Place was disgusting. DO NOT go there, Unless you want food Poisoning.",38,203,0,1,0.0,0.294,0,1,food_poisoning,high,Reviewer explicitly warns about the risk of food poisoning.
4982,4.0,0,0,0,"First time we've been here. The bar tender was great and steered us to some great eats. Had the sweet potato fries which were great, I had a Trident burger and onion rings. It was huge and very good. Wife had fish and chips. Nice breading and fries were great. We'll be back.",53,275,0,0,0.0,0.0,0,0,none,high,"No mention of illness, contamination, or unsafe food handling."
3208,4.0,4,4,5,"Meeting a friend's significant other for the first time can be a very traumitizing experience. You want it to go perfectly. You want them to love you and think you're funny and nice and will want to continue to have you around. Especially when its your best friend from college, and its her husband of 8 months. Now before you all go thinking ""man Michelle's a bad friend!"" I have met him twice... for a total of 5 minutes... once drunk at a tailgate and then in the recieving line at the wedding. Its just that every time i came to visit them, he had other stuff going on so i never got to hang out. But this time, I was hanging out with him and was determined to make a good impression. The only problem... my friend knows WAY too much about me :) And knew that when she said, ""I'll get a drink if you have one"", i would get the sangria. Which was delicious! Different, but highly delicious...as was her mai tai. Then was the pressure to order the ""Bloomin Onion"". Which is awesome, but greasy and gross, but still amazing. But not something i want this guy i've never met to see me chow down on! And rather than ordering a steak, which i really was not in the mood for, i opted for the ""Bloomin Burger"". MORE BLOOMIN ONIONS! The burger was thick and juicy and perfectly cooked. It was topped with cheese and bloomin onions! Very good. It came with fries, but i was so full i couldn't even finish them. We almost ordered the ""chocolate thunder from down under"" for desert, but i think my friends husband was concerned about his own chocolate thunder from down under! The food was good and we called ahead and got on the waiting list to be seated at 715, yet we were seated at 6:50, so that was nice. I felt like i was going to explode when i left. And while it may not have been the best first impression food, it was definitely an authentic Michelle meal.",353,1858,6,0,0.0,0.027,0,0,none,high,"No description of illness, contamination, or unsafe food handling."
7202,4.0,1,0,0,Great seafood - Love the fried shrimp. My husband got the stuff I tried it but didn't like it so much. He's had the stuffed Mirliton,26,132,0,0,0.0,0.092,0,0,none,high,"No mention of illness, contamination, or unsafe handling."
3925,4.0,1,0,0,"I consider myself a sushi snob, and I was a bit concerned by the 3.5 star rating... and then we showed up to an empty restaurant on a Saturday night... Total red flag, but my 5 friends all wanted to stay. And I'm so glad they did! Wow! The food was amazing! They did a great job with the chirashi, miso soup, ""monkey brains"" (fried mushrooms), hamachi nigiri, and a crazy awesome roll called the Imperial Dragon or something like that, which showed up at our table in a dragon-shaped foil wrap and ON FIRE! It was so good that we had to order a 2nd one. The only reason for the 4 stars instead of 5 is value. The sushi is more expensive than average, and the $20 chirashi only came with 6 pieces of sashimi (+2 masago and 2 crab sticks), much fewer than every other place I've been to. The rice was great though, in spite of what some other reviews may say. And the staff and service were great too!",174,899,5,0,0.0,0.071,0,0,none,high,"No description of illness, contamination, or unsafe handling."
1515,3.0,3,0,1,Awesome service great food...perfect for a date or just a night out with friends. Back for another night and I asked if I could substitute a side dish which I wad allergic to and was told no. Not really happy about that. I thought this was about customer service.,49,263,0,1,0.0,0.139,0,0,none,high,No adverse event or food safety issue described.
29,4.0,0,0,0,"Another wonderful stip mall ethnic restruarant!!! This was my first time at a Veitnamese restuarant and I will say that pho is a little bowl of heaven. It was warm and fragrant and with all the condements they bring on the side, easy to customize. We also got BBQ pork sandwiches and they were very tasty. The meat was tender and flavorful and they had fresh herbs on them and some kind of yummy sauce. They only take cash, so make sure you hit the ATM before you go. The food is very reasonably priced though. This restuarant started my love affair with pho, but I haven't had any as good anywhere else in Nashville.",115,617,3,0,0.0,0.0,0,0,none,high,"No mention of illness, contamination, or unsafe handling."
3753,2.0,1,0,0,"Service is slow and the food lacks any flavor whatsoever. Plus, this is supposed to be Mexico City food and it's serving burritos and northern-style tacos. I think not.",29,168,0,0,0.0,0.0,0,0,none,high,"No description of illness, contamination, or unsafe handling."
6646,2.0,0,0,0,"So I got food poisoning. Food is usually really good, recommend getting something more well done, be like a breakfast burrito or something",23,138,0,1,0.0,0.131,0,1,food_poisoning,high,Reviewer explicitly states they got food poisoning after eating at the restaurant.
5520,2.0,0,0,0,"My girlfriend actually got sick after eating here and my stomach was queasy afterwards as well. The dumpling weren't just deep fried, they were burnt.. I had the chicken curry and it was mediocre at best.. The service was great and the atmosphere and people are friendly. A friend had recommended this place to my girlfriend but it was very disappointing. Good Thai food is not that easy to find anywhere and I am pretty discrimintating about it closer to home. But it seems this place is living off the location (close to the beach) and not any particular culinary skills. I hate to rip someone but maybe the place will improve. Prices are okay and they were accomodating when my girlfriend returned her tom kha soup and they gave her a salad.",133,744,0,1,0.0,0.097,0,1,food_poisoning,high,Reviewer's girlfriend got sick after eating here and the reviewer experienced queasiness.
3028,1.0,4,2,2,"Gross, gross, gross! The food was pretty decent. It wasn't anything special in terms of Mexican food; I've definitely had better, but I did like that they offered many combinations of fillings in their burritos, and I could order something off of the menu, rather than having to pick and choose ingredients for a custom burrito. The atmosphere was a bit...creepy. At the time, my friend and I were the only white people in there. Now, that's all fine (lots of Mexicans means decent food, right?), but I could have done without them staring at us the whole time. The T.V. was set to a Spanish station that featured lots of bikini-clad girls dancing around to mariachi music. I'm not sure if this was a positive or a negative. I found it positive because it was like watching the Spanish version of MTV, and I like learning about other cultures. It was also positive because if people were ogling the T.V., they weren't staring at us! So, what knocked Taqueria Rincon Alteno down to one star? THE RESTROOM. IT WAS DISGUSTING. Now, I've been down to Mexico and have dealt with the piss-poor (no pun intended) sewage systems, or even a complete lack of a sewage system. I know that you can't flush the toilet paper down the toilet. In Mexico. However, this is the US of A, and you can't tell me that the sewage system in a ritzy area off the 101 isn't able to handle toilet paper. There is NO reason why I should have to sit next to a basket full of wadded-up, used toilet paper when using the restroom in a place that serves food. That is just gross. I literally felt sick and couldn't finish my food when I came out of the restroom. Don't go to this place, not even for a quick bite to eat and restroom break on a road trip, like I did.",323,1734,2,1,0.0,0.103,0,1,none,high,"The reviewer felt sick after using the restroom, but the cause is not explicitly stated as food-related."
682,5.0,0,0,0,"Tremendous service (Big shout out to Douglas) that complemented the delicious food. Pretty expensive establishment (40-50$ avg for your main course), but its definitely backs that up with an atmosphere that's comparable with any of the top tier restaurants across the country.",42,276,0,0,0.0,0.027,0,0,none,high,"No mention of illness, contamination, or unsafe handling."
1972,1.0,1,0,0,"Absolutely terrible. We had a larger table of 8 and went on a Saturday night. The food was overpriced and not good. One in our party ordered the salmon and she asked for it to be cooked thoroughly in addition without prawns as this is an allergy. When the fish came it wasn't and it had no flavour and had the prawns. She then asked for it to be done again. They came back again with the wrong order. Then she was patient and asked they took TWO HOURS to come back out with her meal. This is not an exaggeration. In addition the server was not very understanding and did not offer her anything while she was waiting. Oh and they still made her pay full price. I used to work in the industry and when you have a screw up of that proportion, that person should not be paying for their meal. 3 other people at the table hated their meal and did not eat it. In my experience as a server and I've seen other restaurants do this, if a customer does not even touch their food, you should inquire at the very least. My meal in particular was ravioli and tasty but my goodness such a tiny portion. Wouldnt fill up a 3 yr old. For the amount of money you pay this was a terrible experience! In addition they came out with duck pate and some of us chose not to eat it and they were quite annoyed questioning why we didnt eat the duck and how it cleans you palette! I couldnt believe it, we didnt even order the duck! Won't be back.",279,1420,3,1,0.0,0.09,0,0,none,high,"No described illness, contamination, or unsafe handling, just complaints about service and food quality."
7090,1.0,0,0,0,"Very disappointed in our order tonight always order the same things. Special chow mien, sweet and sour pork, special mixed greens, and curry chicken. It wasn't very hot when delivered the total was different than told at time of ordering. Fish and chips with fish had to be nuked to be eaten sure hope the non chinfood person doesn't get sick. His was so good he threw out the extra piece of fish that was ordered. Will be a long time before we order from here and we've been regular customers for years.",93,504,0,1,0.0,0.032,0,1,food_poisoning,high,Reviewer expresses concern that a non-chinese food person might get sick from the fish.
4346,1.0,0,0,0,"After reading positive yelp reviews went to this restaurant last night around 7:20. We were a large group but thankfully only 2 other people were in there when we arrived. The menu is very small- some of us knew this before hand others did not. The menu has bluefin tuna on it, which is completely unsustainable and our group did not want to eat it, we wanted a more sustainable fish. The lady working their lectured us for not wanting bluefin and said she would charge us more for the substitution- charging more for cheaper fish?!!? Despite placing our order before groups that came after us we were served later. They also forgot 1 of the miso soups and had to be reminded. Other gripes our group had: -only vegetable provided in any form of sushi was jalapeno (beyond the seaweed) - who makes a California roll with no avocado?? -some people had clearly bad fish- it smelled super fishy (I also felt sick on the bus ride home, but I don't know if that was the jerky bus ride or the fish) -the waitress rarely came for more water, I sat with an empty glass for about an hour -we were charged for 2 extra beers which we never ordered -we ordered sake and never got it The bill is a handwritten, non-itemized bill with totals for sushi, soup, drink, and then tax and tip. For large parties they automatically add ~20% (it was actually higher than that). On top of this all the prices are high and when you order a specialty roll ($16 a pop) you get something like 6 pieces, which is half of what I am used to, and they are very minimalist style rolls. Overall I would never come here again, nor would I send anyone there.",303,1622,2,1,0.0,0.055,0,1,food_poisoning,medium,"Reviewer felt sick on the bus ride home, possibly due to the fish"
6643,5.0,0,0,0,A fine dinner of Northern German Cuisine the Jäger schnitzel was very good along with a cold German Potato Salad. Wash it down with a dark beer and you have one fine meal.,33,171,0,0,0.0,0.0,0,0,none,high,"No mention of illness, contamination, or unsafe handling."
6938,5.0,2,0,0,"Searched for ethnic food and this came up, what a great choice! I had Ethiopian once before and it was good, so I was excited. The coolest thing is eating without utencils, and the next thing was the spiced ice tea, if you like middle eastern food, you will love this place. I dont think you can go wrong with any of the dishes here, not many chicken dishes, but thats my only complaint!",74,387,2,0,0.0,0.061,0,0,none,high,"No mention of illness, contamination, or unsafe food handling."
585,5.0,0,0,0,"We have great food every time we are here. Great milkshakes, ice cream, Chicago dogs, and cheese fries. Super affordable and delicious!",22,135,1,0,0.0,0.0,0,0,none,high,"No mention of illness, contamination, or unsafe handling."
5736,1.0,1,2,0,"This is the first and last time I have ever been to OCC. I walked in with my friend, sat at the counter and was promptly greeted by the server. Ordered coffee, which was very hot and delicious, but that's where the good news ends. We ordered a diablo omelette, a roadhouse omelette, side of corn beef hash, and a side of scrapple. One omelette we decided to have home fries, the other with grits. The diablo is so overpowering with hot sauce that you can't taste the other ingredients. The roadhouse was just kind of thrown together, and you could taste the lack of quality in it. Hash was out of a can (as per the usual) but it seemed the cook just threw it in the microwave to warm it up instead of cooking it on the grill for a minute. Scrapple was overly salty to the point I could only take two bites of it before I felt sick. The grits are more like seedy water, nothing we tried to add to it could fix it. The cook came out and wandered around quite a bit and then went back to cooking. I was directly in front of the window so I could see his every move there. At one point he wiped his nose and then proceeded to plate up some food. At that point I was just DONE. Quality of the food was horrible, kitchen staff was horrible, although our server was fantastic! Very sweet younger woman. Save your time and money and head over to Radcliffe or The New Madison. I won't be back. Hopefully they fix their kitchen issues or they'll be out of business soon.",283,1460,1,1,0.0,0.065,0,1,unsafe_handling,high,"The cook wiped his nose and then plated up food, indicating poor hygiene practices."
3358,1.0,9,1,1,"Unfortunately, Yelp requires placement of at least one star, in order to post a review, but, this restaurant does not rate that high. I, and my friends and family visited this restaurant this evening. We were disappointed in the food ordered, but more importantly, we were absolutely shocked at the behavior of the owner. I was served a dish I did not order. I did ask the server about this, and she said they had run out of the ingredients to make it. Ok- that happens. But, in past experience, I have been notified soon after placing my order, and allowed to choose something else. She said the meatless version of this breaded ravioli (cheese) was available, so I chose that. It arrived after my companions finished their meals. As she placed the plate on the table, she immediately asked if I wanted a carryout container. What I needed was a fork, but that had been removed with the food they had chosen for me. As I now felt very unwelcome I responded, ""Yes"". A server came back with a container, and my bill. Of note, I was told that my entree would be ""comped"", when the replacement meal was brought. The bill didn't reflect this. I was charged the full price for what I originally ordered! I brought this to her attention, and I did state, that in my opinion, there were so many errors made, that if not soon corrected, could have a negative impact on their business. She left, and a man who identified himself as the owner came to our table and said he wanted to know ""What is the problem?"" We informed him of the substitution, and he apologized for the mistake. Before we had a chance to thank him for that unsolicited acknowledgement, he proceeded to tell us that the servers said we were cursing and throwing things. Not true. As we tried to deny this egregious accusation, he continually interrupted us. Clearly, his intent was to create a hostile situation, which we wanted no part of. My husband handed him cash to pay the bill and requested it be rung up so that the change would be given back, but the owner was relentless in his argument. FINALLY, the owner took the money, and a server returned with the change. Nothing was"" comped"", and we paid for the more expensive entree, for which, they did not have the ingredients!! I have even not included in this documentation, any of the cross contamination that we witnessed. What a terrible experience this was.",428,2377,3,1,0.0,0.12,0,0,none,high,"No described illness, contamination, or unsafe food handling."
1491,1.0,1,0,0,"Slow service with an attitude, filthy dining and restrooms. Figured the first time they were having a bad day. Because I was craving Taco Bell thought I would give this location a second shot. There were two customers in line ahead of me and after waiting ten minutes to order and looking around at the state of the place I should have walked out. Guess I'm a sucker for punishment. Take notice and get this place shaped up !",79,425,1,0,0.0,0.131,0,0,none,high,"No description of illness, contamination, or unsafe handling."
6053,1.0,0,1,0,Food is great. Got food poisoning. Sooooo not going Back there ever. Check out koizi in Tampa,17,93,0,1,0.0,0.166,0,1,food_poisoning,high,Reviewer explicitly states they got food poisoning after eating there.
6670,4.0,3,0,1,"I went here for happy hour a few weeks ago, and as I was disappointed that there was no ""happy hour"" I was not disappointed in my experience in village whiskey. The drinks were fantastic- great exotic combinations. The veggie burger was probably the best I have ever consumed. I have been here several times when I cannot even get in for a seat, so be prepared. The drinks are small and expensive but delicious, but hte food is reasonably priced. I will definitely be back!",86,473,1,0,0.0,0.06,0,0,none,high,"No mention of illness, contamination, or unsafe food handling."
1842,1.0,2,2,1,What a hack job of a restaurant. A small space crammed with tables and one waitress who was overwhelmed. Consequently service was very slow. My wife's sushi was completely drowned in an overly sweet (eel?) sauce even though there was no mention of it being there on the menu. She couldn't finish due to the sweetness and felt sick afterwards. My lemonade was literally a half stirred grocery store Countrytime-style lemonade with the lemonade mix settled at the bottom. My son ordered a basic sushi roll and was still hungry but in the interest of time we asked for another identical roll to go. When we got home we saw that they gave us a different roll (one he doesn't eat) so that was a further waste of money. Not sure who's giving this place decent reviews but those diners obviously have a VERY low threshold for quality.,148,827,0,1,0.0,0.122,0,1,food_poisoning,high,Reviewer's wife felt sick after eating sushi with an overly sweet sauce.
5583,1.0,0,0,0,"The food, the decor and the options are decent for sure, but the food literally DESTROYED my colon the following morning. now, granted, i am lactose intolerant, and also, i find it annoying that i AM lactose intolerant. i feel it important to point that out. despite this bullshit intolerance of mine, i stated this to the cashier, who was seriously just darling, and checked the 'no cheese', 'no sour cream', 'no butter', 'no milk', 'no buttermilk', 'no creamer', 'no queso', 'no crema', no 'whatever else in this dairy smothered restaurant has dairy in it' check boxes off for me...and yet...still, somehow, my food was loaded with dairy. i want to point out here that several years prior, i had given up on garces restaurants because it was borderline impossible to order anything without dairy in it at ALL of his spots. five years on, one forgets these things...regrettably. in a taco place, versus a full scale restaurant, one would expect things made from scratch since tacos are simple, piecemeal finger food, but it would appear not to be the case since dairy clearly made it into my food. and i am not super sensitive to dairy. for the reaction to be what it was in my system, there had to be a literal BOATLOAD of dairy products in the food. In short, the food tasted really good, but I was sick as a dog the following day at work and lost valuable time out of my work day. EXTREMELY unimpressed.",251,1407,0,1,0.0,0.185,1,1,allergic_reaction,high,"Reviewer described a severe reaction to dairy, despite explicitly informing the cashier of their lactose intolerance and requesting no dairy products."
4565,3.0,4,0,2,"This place has the potential to be a 4-star place, but isn't quite there yet. We ate dinner last night during Jammin on Julia, and for one thing, this is a VAST improvement over Foodies at the same location. That place seemed to be allergic to flavor. The decor and service was very nice I thought. While I would have been happier had the final four been on TV (rather than cheerleading and high school swimming), that's not why we were there. The music was very good. The service was EXCELLENT, and we were checked on several times, though not in an annoying way. Very good. The place is nice. The courtyard will be nice when it warms up a bit too. The menu is limited, and I wish there were some more options. The tacos we had were all really nice, though a good carne asada taco would be a good addition. These are basically street food tacos with thought. Nice stuff. Ingredients all seemed fresh and was tasty. The shredded beef could use some more seasoning, but the port was delish. The salsa we got as an appetizer was freakin awesome. The rice and beans that came with the meal were great too, but maybe a bit on the salty side. That being said, this is a very limited menu. I wish they would expand to include things beyond tacos. Get a great ceviche on there! Maybe some classic mole! Proper mexican food is such a wonderland, filled with a million things beyond tacos. Some broadened flavor profiles would make this place rock. Cocktails were great! I love a good margarita. Prices were extremely fair. I would gladly pay more for a more complex creation. $8.50 for 2 tacos with rice and beans is hard to argue with. My one real complaint, and this really should be fixed immediately. The chips served with really outstanding salsa (off the appetizer menu) were standard store bought bagged chips. They are kinda crappy. You could elevate this place DRAMATICALLY if you made chips fresh. At least to this transplant from the west coast, this is what takes a godo mexican place and makes it a great mexican place. Its easy to do. It's cheap. And it makes all the difference in the world! PLEASE!",383,2106,5,1,0.0,0.044,0,0,none,high,"No description of illness, contamination, or unsafe food handling."
297,5.0,4,0,1,"Corropolese is a staples in these parts. If you're looking to get tomato pie, it's sacrilege to go anywhere else for it! Now I will admit, they do offer a variety of other items, but I couldn't tell you what they are. Whenever an event calls for a tomato pie, this is where my family goes. No one does it better!",61,312,2,0,0.0,0.045,0,0,none,high,"No mention of illness, contamination, or unsafe food handling."
7423,1.0,0,0,0,"Not worth the 50% off. I knew I had a bad feeling the second I walked in. The restaurant was a bit too hot for a sushi bar with fish sitting there behind the un-refrigerated glass all day. I should have listened to my gut but I made a huge mistake. I ended up getting so sick! Some of the worst sushi I have ever had, horrible service, and less than 1 star quality food.",75,370,1,1,0.0,0.282,0,1,food_poisoning,high,Reviewer explicitly states they got sick after eating at the restaurant.
1267,1.0,6,5,4,"Do not go here if you are looking for healthy fruit smoothies. They only have ""bubble tea smoothies"", which has sugar and syrups in it. I felt they had false advertise their place. I was sick, needing actual healthy food. Walk all the way there sick and they do not have real smoothies. When they advertise themselves as a smoothie place on yelp.",63,346,0,1,0.0,0.097,0,1,food_poisoning,high,Reviewer explicitly states they were sick after visiting the place.
2633,5.0,0,0,0,Very good pizza wife and I loved it so did my picky ass kids definitely will be back.,18,85,0,0,0.0,0.133,0,0,none,high,"No mention of illness, contamination, or unsafe handling."
6945,2.0,0,0,0,"I have liked going to Lucy's as a bar and the day food had been fine, but I strongly advise against the late night delivery options. I have personally gotten sick twice from different times and foods there and my boyfriend had the burger and woke up in the middle of the night with some moderately bad food poisoning. We will not be returning, despite thinking it's an overall fun place, and I recommend that people avoid all late night food there.",82,448,0,1,0.0,0.174,0,1,food_poisoning,high,Reviewer and their boyfriend experienced food poisoning after eating at Lucy's late night delivery options.
6500,5.0,0,0,0,Absolutely amazing and unique food. Love their bobba and pork pancake!,11,70,1,0,0.0,0.0,0,0,none,high,"No mention of illness, contamination, or unsafe handling."
5828,2.0,2,0,1,"Quickly dropping on my list of goto places. The last 2 times we've been here someone in our party has come down sick within 24 hours. Not just an I don't feel good sick...but a nasty, I ate uncooked food or improperly prepared food sick. Our service this last time was absolutely horrible. Its a Friday night so we did call ahead seating. Told us they could seat us in about 40 minutes. We showed us about 25 minutes later and let them know we were here. We ended up waiting another hour before we finally got seated. We checked in a couple times to see what was up, but got nothing but attitude in being told call ahead seating doesn't guarantee anything. Understandable. But don't keep me waiting another hour. When they finally buzzed us the damn table wasn't even ready. And they shoved us in a booth when we needed a table with 2 high chairs. We made it work as we'd already wasted enough time. Service was good until the end when he disappeared. I'll be taking a breakvfrom this place.. Someone please take the dukedom from me!",191,1033,1,1,0.0,0.144,0,1,food_poisoning,high,Reviewer mentions two instances of someone in their party coming down sick within 24 hours after eating at the restaurant.
6061,5.0,0,0,0,Unbelievable great burgers. Liquid sunshine...yum. Budlight $3 @ happy hour. Hidden gem we stumbled on thanks to yelp. Definitely will return during our 9 day Nashville drinking tour. Wonderful attentive service.,31,212,0,0,0.0,0.0,0,0,none,high,"No mention of illness, contamination, or unsafe handling."
4155,3.0,0,0,0,"I was in the area with a family member in the local hospital. The reviews drew me in. Things started off okay with a friendly server. I ordered a tall gin and tonic and when it arrived it seemed a bit strong (more on that later). I perused the expansive menu and selected a grilled cheese which included short rib, but learned they had sold out of short run earlier. I then selected the Cowboy, but asked for the horseradish sauce to be left off. When it arrive at the table...you guessed it, horseradish sauce. The plate went back to the kitchen and it looks like they dissembled my sandwich in an attempt to remove the sauce. They got about 90% of it off. When my check arrived, I noticed that my drink was coded in as a double, vice a tall, explaining why it was extra strong. When the check came back, my credit card was missing, requiring a thorough search by the staff until they could find it, which took about 5 panicked minutes. So, all in all, I'd say the Pines Tavern was barely average. But it seems like a very friendly place with a clientele of regulars who are obviously very fond of it, so maybe my visit was out of the ordinary.",217,1145,0,1,0.0,0.03,0,0,none,high,"No described illness, contamination, or unsafe food handling."
268,2.0,1,1,0,"I would give Revolucion 4 stars, deducting for noise level, if not for the fact that my wife and I both contracted food poisoning after the last time we ate/drank there. We have no way to prove that Revolucion was to blame, but my wife is an ICU nurse and says the timing was right for us to assume that Revolucion was the culprit. Worse yet, when I contacted the manager, I was totally blown off. She was not even empathetic.",81,426,0,1,0.0,0.152,0,1,food_poisoning,high,Reviewer and their wife both contracted food poisoning after eating at the restaurant.
1674,1.0,1,0,0,If i could give zero stars i would!!! Went through drive through mid afternoon. We waited 30 minutes (there was a car in front of us) we actually watched a person go inside and order get their food and come back out and leave in the time we were there. I was fixing to get out and go i side and raise h**l and the car in front left. The drive through person was very rude and hateful and when we asked if our food was going to be cold they assured it just came out and was warm. It was not it was cold. The fries were cold and soggy and the hush puppies soggy. The green beans were flavorless and the cole slaw was warm. Entire family got sick after eating here.,134,662,3,1,0.0,0.086,0,1,food_poisoning,high,Reviewer explicitly states that the entire family got sick after eating there.
5240,4.0,0,0,0,"This Dunkin' Donuts is on US-13 northbound. However, southbound access is available either via U-turn at the next intersection or via the adjacent Comcast parking lot, from which there's a connecting lane. This Dunkin' Donuts is open 24/7, which is convenient for late-night or late-shift folks. I didn't check the restroom but otherwise, I could see no issue with this establishment. The indoor seating area was clean and service was straightforward and efficient.",73,465,0,0,0.0,0.036,0,0,none,high,"No mention of illness, contamination, or unsafe handling."
5548,2.0,1,0,0,I don't know...I ordered the crabellini and the watery pasta noodles thinned the sauce which already wasn't rich tasting as described in the menu. The crab cakes on the crabellini dish was meh at the best. Bland and smothered in oily sauce that it lost its valuable crispiness. I felt sick from overwhelming oil that did not mix with the watery pasta. Fried pickles was okay. Grilled catfish wasn't impressive. A side was a few steamed broccolis and bland potato salad. Noting fancy at quite fancy price. I give one more star for the nice waitress.,96,548,0,1,0.0,0.134,0,1,food_poisoning,high,Reviewer explicitly states they felt sick after eating the dish.
